<?xml version="1.0" encoding="UTF-8"?>
<!DOCTYPE ArticleSet PUBLIC "-//NLM//DTD PubMed 2.7//EN" "https://dtd.nlm.nih.gov/ncbi/pubmed/in/PubMed.dtd">
<ArticleSet>
<Article>
<Journal>
				<PublisherName>دانشگاه اصفهان</PublisherName>
				<JournalTitle>مدیریت دارایی و تأمین مالی</JournalTitle>
				<Issn>2383-1170</Issn>
				<Volume>7</Volume>
				<Issue>3</Issue>
				<PubDate PubStatus="epublish">
					<Year>2019</Year>
					<Month>09</Month>
					<Day>23</Day>
				</PubDate>
			</Journal>
<ArticleTitle>The Effect of the Operating Cash Flows on Abnormal Accruals in the Companies Listed in the Tehran Stock Exchange (with Emphasis on the Industry Type)</ArticleTitle>
<VernacularTitle>بررسی تأثیر جریان نقد عملیاتی بر اقلام تعهدی غیرعادی شرکت‌های پذیرفته‌شده در بورس اوراق بهادار تهران با تأکید بر نوع صنعت</VernacularTitle>
			<FirstPage>99</FirstPage>
			<LastPage>12</LastPage>
			<ELocationID EIdType="pii">24126</ELocationID>
			
<ELocationID EIdType="doi">10.22108/amf.2019.113447.1322</ELocationID>
			
			<Language>FA</Language>
<AuthorList>
<Author>
					<FirstName>سجاد</FirstName>
					<LastName>برندک</LastName>
<Affiliation>گروه حسابداری، موسسه آموزش عالی مقدس اردبیلی، اردبیل، ایران</Affiliation>

</Author>
<Author>
					<FirstName>عسگر</FirstName>
					<LastName>پاک مرام</LastName>
<Affiliation>گروه حسابداری، موسسه آموزش عالی مقدس اردبیلی، اردبیل، ایران</Affiliation>

</Author>
<Author>
					<FirstName>سعید</FirstName>
					<LastName>علی پور</LastName>
<Affiliation>گروه حسابداری، موسسه آموزش عالی مقدس اردبیلی، اردبیل، ایران</Affiliation>

</Author>
</AuthorList>
				<PublicationType>Journal Article</PublicationType>
			<History>
				<PubDate PubStatus="received">
					<Year>2018</Year>
					<Month>12</Month>
					<Day>04</Day>
				</PubDate>
			</History>
		<Abstract>&lt;strong&gt;Objectives:&lt;/strong&gt; It seems there is question mark over the claim “negative consequences of the accruals depend on the operating cash flows”; and therefore, the goal of this research is to determine the effect of operating cash flows on abnormal accruals in the companies listed in the Tehran Stock Exchange with an emphasis on the type of the industry.
&lt;strong&gt;Method:&lt;/strong&gt; In this research, we have used the modified Jones model to calculate the abnormal accruals. This research’s hypotheses on the data of 118 companies during the six-year period (2011 to 2016) were tested and analyzed, using the multivariate regression model and the panel data method.
&lt;strong&gt;Results:&lt;/strong&gt; The findings indicated that there is a significant inverse relationship between the operating cash flows and abnormal accruals. Furthermore, the results suggested that there is a significant inverse relationship between the operating cash flows in the automotive and parts industry, pharmaceutical industry, and the cement, lime and plaster industry with the abnormal accruals. In other words, with the reduction in the operating cash flows, the abnormal accruals will increase. In general, the findings show that the negative consequences of the accruals depend on the amount of operating cash flows and companies whose operating cash flows are negative could mat distort the results of testing abnormal accruals.</Abstract>
			<OtherAbstract Language="FA">&lt;strong&gt;اهداف:&lt;/strong&gt; پیامدهای منفی اقلام تعهدی به جریان نقد عملیاتی بستگی دارد و هدف این پژوهش تعیین تأثیر جریان نقد عملیاتی بر اقلام تعهدی غیرعادی در شرکت‌های پذیرفته‌شده در بورس اوراق بهادار تهران با تأکید بر نوع صنعت است.
&lt;strong&gt;روش:&lt;/strong&gt; برای محاسبۀ اقلام تعهدی غیرعادی از الگوی جونز تعدیل‌شده استفاده‌ شده است. فرضیه‌ها براساس داده‌های 118 شرکت بورس اوراق بهادار تهران طی دورۀ شش‌ساله (1390 تا 1395) با استفاده از الگوی رگرسیون چندمتغیره و داده‌های ترکیبی، آزمون و تجزیه ‌و تحلیل شد.
&lt;strong&gt;نتایج:&lt;/strong&gt; یافته‌ها نشان می‌دهد بین جریان نقد عملیاتی و اقلام تعهدی غیرعادی رابطۀ معکوس معناداری وجود دارد. جریان نقد عملیاتی در صنایع خودرو و قطعات، صنعت دارویی و صنعت سیمان، آهک و گچ نیز رابطۀ معکوس و معناداری با اقلام تعهدی غیرعادی دارد و با کاهش جریان نقد عملیاتی، اقلام تعهدی غیرعادی افزایش می‌یابد. به‌طور کلی، پیامدهای منفی اقلام تعهدی به میزان جریان نقد عملیاتی بستگی دارد و شرکت‌های دارای جریان نقد عملیاتی منفی، ممکن است نتایج آزمون اقلام تعهدی غیرعادی را تحریف کنند.</OtherAbstract>
		<ObjectList>
			<Object Type="keyword">
			<Param Name="value">اقلام تعهدی غیرعادی</Param>
			</Object>
			<Object Type="keyword">
			<Param Name="value">جریان نقد عملیاتی</Param>
			</Object>
			<Object Type="keyword">
			<Param Name="value">نوع صنعت</Param>
			</Object>
		</ObjectList>
<ArchiveCopySource DocType="pdf">http://amf.ui.ac.ir/article_24126_03f2dce0d2afe742cb73d593d34c6c39.pdf</ArchiveCopySource>
</Article>
</ArticleSet>
