<?xml version="1.0" encoding="UTF-8"?>
<!DOCTYPE ArticleSet PUBLIC "-//NLM//DTD PubMed 2.7//EN" "https://dtd.nlm.nih.gov/ncbi/pubmed/in/PubMed.dtd">
<ArticleSet>
<Article>
<Journal>
				<PublisherName>دانشگاه اصفهان</PublisherName>
				<JournalTitle>مدیریت دارایی و تأمین مالی</JournalTitle>
				<Issn>2383-1170</Issn>
				<Volume>5</Volume>
				<Issue>3</Issue>
				<PubDate PubStatus="epublish">
					<Year>2017</Year>
					<Month>10</Month>
					<Day>23</Day>
				</PubDate>
			</Journal>
<ArticleTitle>Capital Structure Stability in Tehran Stock Exchange</ArticleTitle>
<VernacularTitle>بررسی ثبات ساختار سرمایه در بورس اوراق بهادار تهران</VernacularTitle>
			<FirstPage>35</FirstPage>
			<LastPage>56</LastPage>
			<ELocationID EIdType="pii">21182</ELocationID>
			
<ELocationID EIdType="doi">10.22108/amf.2017.21182</ELocationID>
			
			<Language>FA</Language>
<AuthorList>
<Author>
					<FirstName>منیژه</FirstName>
					<LastName>رامشه</LastName>
<Affiliation>دانشجوی دکتری حسابداری، دانشکده علوم اجتماعی و اقتصاد، گروه حسابداری، دانشگاه الزهراء</Affiliation>

</Author>
<Author>
					<FirstName>غلامرضا</FirstName>
					<LastName>سلیمانی امیری</LastName>
<Affiliation>دانشیار دانشکده علوم اجتماعی و اقتصاد، گروه حسابداری، دانشگاه الزهراء</Affiliation>

</Author>
<Author>
					<FirstName>رسول</FirstName>
					<LastName>اسکندری</LastName>
<Affiliation>مدرس بخش حسابداری و مالی، دانشگاه سالفورد انگلستان</Affiliation>

</Author>
<Author>
					<FirstName>محسن</FirstName>
					<LastName>قره خانی</LastName>
<Affiliation>استادیارگروه مهندسی مالی، دانشکده مالی، موسسه آموزش عالی ایرانیان، تهران، ایران.</Affiliation>

</Author>
</AuthorList>
				<PublicationType>Journal Article</PublicationType>
			<History>
				<PubDate PubStatus="received">
					<Year>2015</Year>
					<Month>11</Month>
					<Day>03</Day>
				</PubDate>
			</History>
		<Abstract>Cross-sectional stability of the leverage means that a firm’s current high or low leverage (relative to other firms) reliably predicts a comparable relative position in future cross-sections. The extent of stability in the cross-section is gauged by assessing the explanatory power of the current cross-section for future cross-sections going forward one year at a time and extending well into the future. This study examines the stability of leverage for 113 componies in Tehran Stock Exchange over the period 1999–2012. It conducts simulations that gauge the ability of random financing and a variety of leverage targeting models to replicate the instability of the crosssection over long horizons. The results show instability in leverage ratios. Target leverage models do a good job replicating the substantial instability of the actual leverage cross-section.</Abstract>
			<OtherAbstract Language="FA">ثبات ساختار سرمایه بدین معنی است که شرکت‌ها موقعیت فعلی اهرم خود را نسبت به سایر شرکت‌ها (اهرم بالاتر یا پایین‌تر) در طول زمان حفظ می‌کنند. میزان این ثبات با ارزیابی قدرت توضیحی اهرم هر دوره برای اهرم دوره‌های آینده اندازه‌گیری می‌شود. پژوهش حاضر با استفاده از اطلاعات 113 شرکت برای دورۀ زمانی 1379 تا 1392 میزان ثبات ساختار سرمایه را در بورس اوراق بهادار تهران بررسی کرده  است؛ سپس با استفاده از روش‌های شبیه‌سازی، سه الگوی اصلی را ارزیابی کرده که در مبانی نظری موضوع برای تبیین رفتار اهرم معرفی شده است. معیار انتخاب بهترین الگو، توانایی آن برای تولید اهرم با ثبات مشابه اهرم واقعی است. نتایج، نشان‌دهندۀ بی‌ثباتی ساختار سرمایه در طول دورۀ مدّنظر است. همچنین مجموعه‌ای از الگوهایی که قائل به اهرم هدف هستند، به‌عنوان مجموعه‌ای معتبر برای تبیین رفتار اهرم معرفی می‌شوند.</OtherAbstract>
		<ObjectList>
			<Object Type="keyword">
			<Param Name="value">ثبات ساختار سرمایه</Param>
			</Object>
			<Object Type="keyword">
			<Param Name="value">نظریۀ توازن پویا</Param>
			</Object>
			<Object Type="keyword">
			<Param Name="value">الگوهای اهرم هدف</Param>
			</Object>
			<Object Type="keyword">
			<Param Name="value">الگوی رفتار تصادفی اهرم</Param>
			</Object>
			<Object Type="keyword">
			<Param Name="value">شبیه‌سازی</Param>
			</Object>
		</ObjectList>
<ArchiveCopySource DocType="pdf">http://amf.ui.ac.ir/article_21182_68a529c66db8c615bf2130ae5148c315.pdf</ArchiveCopySource>
</Article>
</ArticleSet>
