<?xml version="1.0" encoding="UTF-8"?>
<!DOCTYPE ArticleSet PUBLIC "-//NLM//DTD PubMed 2.7//EN" "https://dtd.nlm.nih.gov/ncbi/pubmed/in/PubMed.dtd">
<ArticleSet>
<Article>
<Journal>
				<PublisherName>دانشگاه اصفهان</PublisherName>
				<JournalTitle>مدیریت دارایی و تأمین مالی</JournalTitle>
				<Issn>2383-1170</Issn>
				<Volume>5</Volume>
				<Issue>1</Issue>
				<PubDate PubStatus="epublish">
					<Year>2017</Year>
					<Month>03</Month>
					<Day>21</Day>
				</PubDate>
			</Journal>
<ArticleTitle>Development of the Ohlson (1995) Prediction An Valuation Models with the Consideration of Bankruptcy Risk</ArticleTitle>
<VernacularTitle>توسعۀ الگوهای پیش‌بینی و ارزشیابی اولسون (1995) با لحاظ‌کردن ریسک ورشکستگی</VernacularTitle>
			<FirstPage>99</FirstPage>
			<LastPage>116</LastPage>
			<ELocationID EIdType="pii">21155</ELocationID>
			
<ELocationID EIdType="doi">10.22108/amf.2017.21155</ELocationID>
			
			<Language>FA</Language>
<AuthorList>
<Author>
					<FirstName>ولی</FirstName>
					<LastName>خدادادی</LastName>
<Affiliation>گروه حسابداری دانشکده اقتصاد و علوم اجتماعی دانشگاه شهید چمران اهواز، اهواز ایران.</Affiliation>

</Author>
<Author>
					<FirstName>سید علی</FirstName>
					<LastName>واعظ</LastName>
<Affiliation>گروه حسابداری دانشکده اقتصاد و علوم اجتماعی دانشگاه شهید چمران اهواز، اهواز ایران</Affiliation>

</Author>
<Author>
					<FirstName>محمدرضا</FirstName>
					<LastName>امامی نایینی</LastName>
<Affiliation>دانشکده اقتصاد و علوم اجتماعی دانشگاه شهید چمران اهواز، اهواز ایران</Affiliation>

</Author>
</AuthorList>
				<PublicationType>Journal Article</PublicationType>
			<History>
				<PubDate PubStatus="received">
					<Year>2015</Year>
					<Month>03</Month>
					<Day>07</Day>
				</PubDate>
			</History>
		<Abstract>Accounting earnings and the continuous operation assumption are two principles of Ohlson’s (1995) prediction and valuation models. Regarding the influence of bankruptcy risk on these two factors, in this research, these models are adjusted by the inclusion of bankruptcy risk. As a result, the primary models are compared with adjusted models during a 5-year (from 2003 to 2008) and a 10-year period (from 2003 to 2013) using panel data of companies listed in the Tehran Stock Exchange. The results indicate that the inclusion of the bankruptcy risk improves Ohlson’s prediction and valuation models during both 5 and 10 years estimated periods. However, due to the uncontrolled growth of prices in 2012 and 2013, which resulted in the price bubble formation, the estimated values by both original and adjusted models during 10 years estimated period are significantly lower than the actual market values. &lt;br /&gt; </Abstract>
			<OtherAbstract Language="FA">&lt;span style=&quot;font-family: &#039;B Zar&#039;; font-size: 13pt; mso-ansi-font-size: 11.0pt;&quot; lang=&quot;FA&quot;&gt;سود حسابداری و فرض تداوم فعالیت از مبانی طراحی الگوهای پیش­بینی و ارزشیابی اولسون (1995) است. با توجه به توان تأثیرگذاری ریسک ورشکستگی بر این دو عامل، این پژوهش ضمن تعدیل این الگو­ها با لحاظ‌کردن ریسک ورشکستگی، الگو­های اولیه و تعدیل­شده در دو دورۀ تخمین 5 ساله (1382-1387) و 10 ساله (1382-1392) را با استفاده از داده­های ترکیبی 110 شرکت­ پذیرفته‌شده در بورس اوراق بهادار تهران ارزیابی مقایسه‌ای کرده است. نتایج پژوهش نشان می­دهد لحاظ‌کردن ریسک ورشکستگی باعث بهبود قدرت الگوهای پیش‌بینی و ارزشیابی اولسون در هر دو دورۀ تخمین 5 و 10 ساله می­شود؛ اما به­سبب رشد بی­رویّۀ قیمت­ها در سال­های 91 و 92 و شکل‌گیری حباب­های قیمتی، &lt;span style=&quot;color: black;&quot;&gt;ارزش­هایی که هر دو الگوی اولیه و تعدیل­شده در دورۀ تخمین 10 ساله برآورد کرده‌اند به نحو معناداری پایین‌تر از ارزش­های واقعی بازار است.&lt;/span&gt;&lt;/span&gt;</OtherAbstract>
		<ObjectList>
			<Object Type="keyword">
			<Param Name="value">عایدات غیرعادی</Param>
			</Object>
			<Object Type="keyword">
			<Param Name="value">ارزشیابی</Param>
			</Object>
			<Object Type="keyword">
			<Param Name="value">ریسک ورشکستگی</Param>
			</Object>
			<Object Type="keyword">
			<Param Name="value">سود حسابداری</Param>
			</Object>
			<Object Type="keyword">
			<Param Name="value">تداوم فعالیت</Param>
			</Object>
		</ObjectList>
<ArchiveCopySource DocType="pdf">http://amf.ui.ac.ir/article_21155_0ce2f801985c79cbd04b6ca00703df41.pdf</ArchiveCopySource>
</Article>
</ArticleSet>
