<?xml version="1.0" encoding="UTF-8"?>
<!DOCTYPE ArticleSet PUBLIC "-//NLM//DTD PubMed 2.7//EN" "https://dtd.nlm.nih.gov/ncbi/pubmed/in/PubMed.dtd">
<ArticleSet>
<Article>
<Journal>
				<PublisherName>دانشگاه اصفهان</PublisherName>
				<JournalTitle>مدیریت دارایی و تأمین مالی</JournalTitle>
				<Issn>2383-1170</Issn>
				<Volume>5</Volume>
				<Issue>1</Issue>
				<PubDate PubStatus="epublish">
					<Year>2017</Year>
					<Month>03</Month>
					<Day>21</Day>
				</PubDate>
			</Journal>
<ArticleTitle>Dynamics of the Relation between Macroeconomic Variables and Stock Market Index</ArticleTitle>
<VernacularTitle>پویایی‌های رابطۀ متغیرهای کلان و شاخص بازار سهام</VernacularTitle>
			<FirstPage>61</FirstPage>
			<LastPage>82</LastPage>
			<ELocationID EIdType="pii">21153</ELocationID>
			
<ELocationID EIdType="doi">10.22108/amf.2017.21153</ELocationID>
			
			<Language>FA</Language>
<AuthorList>
<Author>
					<FirstName>حسین</FirstName>
					<LastName>عباسی نژاد</LastName>
<Affiliation>گروه اقتصادسنجی دانشکده اقتصاد دانشگاه تهران، تهران، ایران.</Affiliation>

</Author>
<Author>
					<FirstName>شاپور</FirstName>
					<LastName>محمدی</LastName>
<Affiliation>گروه مدیریت دانشکده مدیریت دانشگاه تهران، تهران، ایران.</Affiliation>

</Author>
<Author>
					<FirstName>سجاد</FirstName>
					<LastName>ابراهیمی</LastName>
<Affiliation>گروه اقتصاد مالی دانشکده اقتصاد دانشگاه تهران و پژوهشگر پژوهشکدۀ پولی و بانکی بانک مرکزی، تهران، ایران.</Affiliation>

</Author>
</AuthorList>
				<PublicationType>Journal Article</PublicationType>
			<History>
				<PubDate PubStatus="received">
					<Year>2015</Year>
					<Month>02</Month>
					<Day>24</Day>
				</PubDate>
			</History>
		<Abstract>The relation between macroeconomic variables and stock market index has been vastly investigated in previous studies. To contribute to the literature, this study employs the VARX-DCC-GARCH econometric model. The advantages of using this new model are the consideration of variable change effectiveness in different moment levels (mean and variance of changes), inclusion of oil price as an exogenous variable that has short-run and long-run effects in this model, and the consideration of time series correlation between volatility of the variables. This model is estimated for the period of 1381 to 1391 by using Iran economic and the Tehran Stock Exchange monthly data. Results show that exchange rate, inflation and oil price have a positive effect on stock index in the long run, and the exchange rate has the strongest effect. Also in the short run horizon, oil price shocks have stronger effect on the stock index. Estimated time-varying correlations between variables volatility show that exchange rate volatility has a positive effect on stock market volatility. This correlation is reinforced during 1387 to 1391. In addition, inflation volatility has weak positive correlation with stock index volatility, while oil price volatility does not show any significant effect on stock index volatiliry.</Abstract>
			<OtherAbstract Language="FA">مطالعات گسترده‌ای رابطۀ بین نوسان‌های بازار سهام و متغیرهای کلان را بررسی کرده‌اند. در این پژوهش برای پیشبرد مطالعات این حوزه از الگوی اقتصادسنجی VARX-DCC-GARCH استفاده شده است. از مزیت‌های به‌کارگیری این الگو به این موارد می‌توان اشاره کرد: بررسی اثرگذاری نوسان‌های متغیرها در سطح میانگین و واریانس(نوسان‌پذیری) در قالب یک الگو، درنظرگرفتن متغیر قیمت نفت به‌عنوان یک متغیر برونزای اثرگذار بر روابط کوتاه‌مدت و بلندمدت و متغیر در طول زمان درنظرگرفتن همبستگی بین نوسان‌پذیری متغیرها. برای برآورد الگو از داده‌های ماهانۀ 1392-1381 برای اقتصاد ایران و بورس اوراق بهادار تهران استفاده شده است. براساس نتایج این الگو، متغیرهای نرخ ارز، تورم و قیمت نفت هر سه اثری مثبت در بلندمدت بر شاخص سهام دارند و نرخ ارز اثر بیشتری دارد. همچنین شوک‌های کوتاه‌مدت قیمت نفت، اثر بیشتری بر شاخص سهام دارد. همچنین بررسی همبستگی بین نوسان‌پذیری‌ها نشان می‌دهد نوسان‌پذیری نرخ ارز، اثری مثبت بر نوسان‌پذیری شاخص سهام دارد. این همبستگی در سال‌های 1387 تا 1392 تشدید شده است. همچنین نوسان‌پذیری تورم، همبستگی مثبت ضعیفی با نوسان‌های شاخص سهام دارد و نوسان‌پذیری قیمت نفت با نوسان‌پذیری بازار سهام همبستگی ندارد.     &lt;br /&gt; &lt;strong&gt; &lt;/strong&gt;</OtherAbstract>
		<ObjectList>
			<Object Type="keyword">
			<Param Name="value">نوسان‌پذیری</Param>
			</Object>
			<Object Type="keyword">
			<Param Name="value">متغیرهای کلان</Param>
			</Object>
			<Object Type="keyword">
			<Param Name="value">شاخص کل بازار سهام</Param>
			</Object>
			<Object Type="keyword">
			<Param Name="value">نرخ ارز</Param>
			</Object>
			<Object Type="keyword">
			<Param Name="value">تورم و قیمت نفت</Param>
			</Object>
		</ObjectList>
<ArchiveCopySource DocType="pdf">http://amf.ui.ac.ir/article_21153_25815fe953d7eae5b40e1c88f2bfe527.pdf</ArchiveCopySource>
</Article>
</ArticleSet>
