<?xml version="1.0" encoding="UTF-8"?>
<!DOCTYPE ArticleSet PUBLIC "-//NLM//DTD PubMed 2.7//EN" "https://dtd.nlm.nih.gov/ncbi/pubmed/in/PubMed.dtd">
<ArticleSet>
<Article>
<Journal>
				<PublisherName>دانشگاه اصفهان</PublisherName>
				<JournalTitle>مدیریت دارایی و تأمین مالی</JournalTitle>
				<Issn>2383-1170</Issn>
				<Volume>5</Volume>
				<Issue>2</Issue>
				<PubDate PubStatus="epublish">
					<Year>2017</Year>
					<Month>06</Month>
					<Day>22</Day>
				</PubDate>
			</Journal>
<ArticleTitle>Investigation the impact of herding behavior of fund managers on their risk taking in Tehran Stock Exchange</ArticleTitle>
<VernacularTitle>بررسی تأثیر رفتار توده‌وار در ریسک‌پذیری مدیران شرکت‌های سرمایه‌گذاری در بورس اوراق بهادار تهران</VernacularTitle>
			<FirstPage>129</FirstPage>
			<LastPage>148</LastPage>
			<ELocationID EIdType="pii">21577</ELocationID>
			
<ELocationID EIdType="doi">10.22108/amf.2017.21577</ELocationID>
			
			<Language>FA</Language>
<AuthorList>
<Author>
					<FirstName>محمد</FirstName>
					<LastName>دوستار</LastName>
<Affiliation>دانشیار، گروه مدیریت دانشکده ادبیات و علوم انسانی، دانشگاه گیلان، رشت، ایران</Affiliation>

</Author>
<Author>
					<FirstName>علی رضا</FirstName>
					<LastName>محمد نژاد</LastName>
<Affiliation>کارشناس ارشد MBA، دانشکده ادبیات و علوم انسانی، دانشگاه گیلان، رشت، ایران</Affiliation>

</Author>
<Author>
					<FirstName>مریم</FirstName>
					<LastName>جوادیان لنگرودی</LastName>
<Affiliation>کارشناس ارشد MBA، دانشکده ادبیات و علوم انسانی، دانشگاه گیلان، رشت، ایران</Affiliation>

</Author>
</AuthorList>
				<PublicationType>Journal Article</PublicationType>
			<History>
				<PubDate PubStatus="received">
					<Year>2015</Year>
					<Month>10</Month>
					<Day>11</Day>
				</PubDate>
			</History>
		<Abstract>Today, herding behavior is one of the important behaviors among investment corporation, fund managers and investors which can play an important role in taking risk and return of stocks and portfolio. The purpose of this research is investigating the impact of herding behavior on the risk taking of fund managers&lt;strong&gt;. &lt;/strong&gt;Statistical population of research is fund managers whom their fund has been listed in Tehran Stock Exchange. Structural equations modelling with the partial least squares (PLS) has been used in order to test hypotheses. Results show that all of the hypotheses have been confirmed. The results indicate that there is a negative relationship between risk taking and herding behavior of fund managers. </Abstract>
			<OtherAbstract Language="FA">چکیده&lt;br /&gt; &lt;br /&gt; امروزه رفتار توده­وار، که یکی از مهم‌ترین تورش­های رفتاری در بین شرکت­های سرمایه­گذاری، مدیران و سرمایه‌گذاران است، نقش بسیار مهمی در پذیرش ریسک، بازده ­سهام و سبد سرمایه­گذاری بازی می­کند. هدف از انجام پژوهش حاضر، بررسی تأثیر رفتار توده­وار مدیران شرکت­های سرمایه­گذاری در ریسک­پذیری آنها است. جامعۀ آماری پژوهش شامل تمامی مدیران عامل و مدیران مرتبط با سرمایه­گذاری در شرکت­های سرمایه­گذاری پذیرفته‌شده در بورس اوراق بهادار تهران است و حجم نمونه با استفاده از فرمول کوکران 196 نفر محاسبه شد. برای تحلیل فرضیه­های ارائه‌شده در قالب الگوی مفهومی پژوهش، از روش الگوسازی معادلات ساختاری با رویکرد حداقل مربعات جزیی (PLS) استفاده شد. نتایج تحلیل­ها نشا‌ن‌دهندۀ تأیید فرضیۀ اصلی پژوهش و چهار فرضیۀ فرعی مرتبط با آن است. نتایج نشان داد بین ریسک‌پذیری و رفتار توده­وار مدیران شرکت­های سرمایه­گذاری، رابطه­ای معکوس وجود دارد. </OtherAbstract>
		<ObjectList>
			<Object Type="keyword">
			<Param Name="value">رفتار</Param>
			</Object>
			<Object Type="keyword">
			<Param Name="value">رفتار توده وار</Param>
			</Object>
			<Object Type="keyword">
			<Param Name="value">ریسک پذیری</Param>
			</Object>
			<Object Type="keyword">
			<Param Name="value">شرکتهای سرمایه گذاری</Param>
			</Object>
		</ObjectList>
<ArchiveCopySource DocType="pdf">http://amf.ui.ac.ir/article_21577_3873eef696eefaa17b3530df142284f0.pdf</ArchiveCopySource>
</Article>
</ArticleSet>
