<?xml version="1.0" encoding="UTF-8"?>
<!DOCTYPE ArticleSet PUBLIC "-//NLM//DTD PubMed 2.7//EN" "https://dtd.nlm.nih.gov/ncbi/pubmed/in/PubMed.dtd">
<ArticleSet>
<Article>
<Journal>
				<PublisherName>دانشگاه اصفهان</PublisherName>
				<JournalTitle>مدیریت دارایی و تأمین مالی</JournalTitle>
				<Issn>2383-1170</Issn>
				<Volume>3</Volume>
				<Issue>2</Issue>
				<PubDate PubStatus="epublish">
					<Year>2015</Year>
					<Month>08</Month>
					<Day>23</Day>
				</PubDate>
			</Journal>
<ArticleTitle>Evaluation of oil price shocks on stock market price</ArticleTitle>
<VernacularTitle>اثر تکانه‌های قیمت نفت برشاخص قیمت بازار سهام رهیافت SVAR</VernacularTitle>
			<FirstPage>15</FirstPage>
			<LastPage>32</LastPage>
			<ELocationID EIdType="pii">19910</ELocationID>
			
			
			<Language>FA</Language>
<AuthorList>
<Author>
					<FirstName>شمس الله</FirstName>
					<LastName>شیرین بخش</LastName>
<Affiliation>دانشگاه الزهرا</Affiliation>

</Author>
<Author>
					<FirstName>فاطمه</FirstName>
					<LastName>بزازان</LastName>
<Affiliation>دانشگاه الزهرا</Affiliation>

</Author>
<Author>
					<FirstName>مبینا</FirstName>
					<LastName>زارعی</LastName>
<Affiliation>کارشناس ارشد اقتصاد دانشکده علوم اقتصادی و اجتماعی دانشگاه الزهرا، تهران، ایران</Affiliation>

</Author>
</AuthorList>
				<PublicationType>Journal Article</PublicationType>
			<History>
				<PubDate PubStatus="received">
					<Year>2016</Year>
					<Month>06</Month>
					<Day>14</Day>
				</PubDate>
			</History>
		<Abstract>One of the most important markt in each economy in financial markets that is strongly affected by other economic variables such as oil price shocks. One of the most important problem in oil export in country is the volatility and Instability of oil price. For this reason in this Thesis we are intendent to evalut effect of oil price shocks on the stock market in iran. Fot this reasen we have used One of the most famous time series model, that is SVAR to analysis this shoks. The result of this research shows that the relative importants of oil price shoks in comparation to other variable of the model is not so high..</Abstract>
			<OtherAbstract Language="FA">بازارهای مالی یکی از اساسی‌ترین بازارهای هر کشور محسوب می­شود که از سایر بخش­های اقتصادی از جمله قیمت نفت و نرخ ارز واقعی تأثیر می­پذیرد در این مقاله رابطه بین تکانه‌های قیمت نفت با شاخص قیمت بازار سهام در دوره زمانی فروردین 1370 تا اسفند ماه 1390 بررسی می­شود. برای این منظور از روش خودبازگشت برداری ساختاری SVAR استفاده می­گردد که در آن از متغیر‌های بازدهی سهام، نرخ ارز واقعی وتولید ناخالص ملی و قیمت سکه به عنوان متغیرهای ابزاری استفاده شده است. نتایج حاصل از توابع واکنش آنی نشان داد که وقوع یک انحراف معیار تکانه در قیمت نفت در ابتدای دوره اثر مثبت و بعد از آن اثر منفی بر شاخص قیمت بازار سهام دارد. تجزیه واریانس خطای پیش‌بینی شاخص قیمت سهام نشان داد که در همه دوره‌ها، قیمت نفت بعد از تولید ناخالص ملی بیشترین سهم را در توضیح واریانس خطای پیش­بینی شاخص قیمت بازار سهام دارد؛ که در طول زمان افزایش می­یابد.</OtherAbstract>
		<ObjectList>
			<Object Type="keyword">
			<Param Name="value">قیمت بازار سهام</Param>
			</Object>
			<Object Type="keyword">
			<Param Name="value">شوک قیمت نفت</Param>
			</Object>
			<Object Type="keyword">
			<Param Name="value">الگوی SVAR</Param>
			</Object>
		</ObjectList>
<ArchiveCopySource DocType="pdf">http://amf.ui.ac.ir/article_19910_8abbf0bb5bc9f873170dc8c5a78cbbf1.pdf</ArchiveCopySource>
</Article>
</ArticleSet>
