<?xml version="1.0" encoding="UTF-8"?>
<!DOCTYPE ArticleSet PUBLIC "-//NLM//DTD PubMed 2.7//EN" "https://dtd.nlm.nih.gov/ncbi/pubmed/in/PubMed.dtd">
<ArticleSet>
<Article>
<Journal>
				<PublisherName>دانشگاه اصفهان</PublisherName>
				<JournalTitle>مدیریت دارایی و تأمین مالی</JournalTitle>
				<Issn>2383-1170</Issn>
				<Volume>3</Volume>
				<Issue>4</Issue>
				<PubDate PubStatus="epublish">
					<Year>2016</Year>
					<Month>02</Month>
					<Day>20</Day>
				</PubDate>
			</Journal>
<ArticleTitle>Performance Evaluation of Mutual Funds by Stochastic Dominance Criteria and
comparing with Sharp Ratio and Sortino Ratio</ArticleTitle>
<VernacularTitle>ارزیابی عملکرد صندوق‌های سرمایه‌گذاری مشترک با استفاده از معیار غلبه تصادفی و مقایسه با نسبت شارپ و نسبت سورتینو</VernacularTitle>
			<FirstPage>67</FirstPage>
			<LastPage>84</LastPage>
			<ELocationID EIdType="pii">19928</ELocationID>
			
			
			<Language>FA</Language>
<AuthorList>
<Author>
					<FirstName>علی</FirstName>
					<LastName>شایگان مهر</LastName>
<Affiliation>کارشناسی ارشد مدیریت بازرگانی گرایش مالی دانشگاه سیستان و بلوچستان، ایران</Affiliation>

</Author>
<Author>
					<FirstName>غلامرضا</FirstName>
					<LastName>زمانیان</LastName>
<Affiliation>استادیار گروه اقتصاد دانشگاه سیستان و بلوچستان، ایران</Affiliation>

</Author>
<Author>
					<FirstName>محمد نبی</FirstName>
					<LastName>شهیکی تاش</LastName>
<Affiliation>دانشیار گروه اقتصاد دانشگاه سیستان و بلوچستان، ایران</Affiliation>

</Author>
</AuthorList>
				<PublicationType>Journal Article</PublicationType>
			<History>
				<PubDate PubStatus="received">
					<Year>2016</Year>
					<Month>06</Month>
					<Day>14</Day>
				</PubDate>
			</History>
		<Abstract>This study aimed to evaluate the performance of mutual funds in Iran capital market using &lt;br /&gt;stochastic dominance criteria and compared with the results of the Sharpe ratio and Sortino &lt;br /&gt;ratio as performance measures in modern and postmodern portfolio theory. The sample &lt;br /&gt;period include the beginning of 1389 to the end of the second quarter of 1392. Mutual funds &lt;br /&gt;studied are mutual funds which have begun their activities before 1389 with investing in &lt;br /&gt;stocks and preemptive right, and it`s activities has continued in the period under study. &lt;br /&gt;Regarding the return distribution function of the most mutual funds that are almost normal, &lt;br /&gt;results show that there is a significant relationship between stochastic dominance criteria &lt;br /&gt;ranking with rankings of Sharpe ratio and Sortino ratio. Also, the correlation coefficient &lt;br /&gt;between the results of stochastic dominance criteria and Sortino ratio is greater than the &lt;br /&gt;correlation coefficient between the results of stochastic dominance criteria and Sharpe ratio.</Abstract>
			<OtherAbstract Language="FA">هدف این پژوهش ارزیابی عملکرد صندوق‌های سرمایه‌گذاری مشترک ایران با استفاده از معیار غلبه تصادفی و مقایسه با نتایج حاصل از نسبت شارپ و نسبت سورتینو به عنوان شاخص‌هایی از نظریه مدرن و فرامدرن سبدسرمایه‌گذاری است. بازه زمانی مورد مطالعه از ابتدای سال 1389 تا پایان سه ماهه دوم سال 1392 است. صندوق‌های سرمایه‌گذاری مشترک مورد مطالعه این پژوهش، صندوق‌هایی هستند که قبل از سال 1389 فعالیت خود را با سرمایه‌گذاری در سهام و حق تقدم سهام آغاز کرده‌اند و در بازه زمانی مورد مطالعه فعالیتشان ادامه داشته است. نتایج نشان میدهد که با توجه به نرمال بودن تابع توزیع بازدهی اکثر صندوق‌های مورد مطالعه، بین رتبه‌بندی‌ معیار غلبه تصادفی با رتبه‌بندی‌های نسبت شارپ و نسبت سورتینو ارتباط معناداری وجود دارد. همچنین ضریب همبستگی بین نتایج معیار غلبه تصادفی و نسبت سورتینو بیشتر از ضریب همبستگی بین نتایج معیار غلبه تصادفی و نسبت شارپ است.</OtherAbstract>
		<ObjectList>
			<Object Type="keyword">
			<Param Name="value">ارزیابی عملکرد</Param>
			</Object>
			<Object Type="keyword">
			<Param Name="value">صندوق سرمایه‌گذاری مشترک</Param>
			</Object>
			<Object Type="keyword">
			<Param Name="value">معیار غلبه تصادفی</Param>
			</Object>
			<Object Type="keyword">
			<Param Name="value">نسبت شارپ</Param>
			</Object>
			<Object Type="keyword">
			<Param Name="value">نسبت سورتینو</Param>
			</Object>
		</ObjectList>
<ArchiveCopySource DocType="pdf">http://amf.ui.ac.ir/article_19928_d715f1c4da158f816e1295e6ee1960cd.pdf</ArchiveCopySource>
</Article>
</ArticleSet>
