<?xml version="1.0" encoding="UTF-8"?>
<!DOCTYPE ArticleSet PUBLIC "-//NLM//DTD PubMed 2.7//EN" "https://dtd.nlm.nih.gov/ncbi/pubmed/in/PubMed.dtd">
<ArticleSet>
<Article>
<Journal>
				<PublisherName>دانشگاه اصفهان</PublisherName>
				<JournalTitle>مدیریت دارایی و تأمین مالی</JournalTitle>
				<Issn>2383-1170</Issn>
				<Volume>1</Volume>
				<Issue>2</Issue>
				<PubDate PubStatus="epublish">
					<Year>2013</Year>
					<Month>11</Month>
					<Day>22</Day>
				</PubDate>
			</Journal>
<ArticleTitle>Mutual Fund Selection Determinants: A Mixed Method Approach</ArticleTitle>
<VernacularTitle>عوامل تعیین کننده انتخاب صندوق‌های سرمایه‏ گذاری مشترک: رویکرد پژوهش آمیخته</VernacularTitle>
			<FirstPage>35</FirstPage>
			<LastPage>50</LastPage>
			<ELocationID EIdType="pii">19841</ELocationID>
			
			
			<Language>FA</Language>
<AuthorList>
<Author>
					<FirstName>امیر</FirstName>
					<LastName>شریف فر</LastName>
<Affiliation>دانشگاه شهید بهشتی</Affiliation>

</Author>
<Author>
					<FirstName>شهریار</FirstName>
					<LastName>عزیزی</LastName>
<Affiliation>دانشگاه شهید بهشتی</Affiliation>

</Author>
</AuthorList>
				<PublicationType>Journal Article</PublicationType>
			<History>
				<PubDate PubStatus="received">
					<Year>2016</Year>
					<Month>06</Month>
					<Day>14</Day>
				</PubDate>
			</History>
		<Abstract>With regard to the development of the mutual funds as a new financial product in Iran financial system, marketing of this new product is essential for attracting investors. Hence, understanding the influencing factors on fund selection behavior is necessary and vital for more effective marketing. This research use mixed method research (qualï  QUAN). In the qualitative phase based on in-depth interview with investors and experts 21 items were identified. In the quantitative phase, exploratory factor analysis (EFA) was done for identification of the factors. EFA revealed 7 factors including: investor knowledge about the fund, advertising, environmental factors, investorâs risk aversion degree, return, age/volume and size of the fund, and fund accessibility. Friedman analysis of variance indicted the priorities of the factors as: return and performance, investor knowledge about the fund, investorâs risk aversion degree, environmental factors, age/volume and size of the fund, fund accessibility and advertising</Abstract>
			<OtherAbstract Language="FA">با گسترش رقابت بین صندوق‏های سرمایه گذاری مشترک در نظام مالی ایران، بازاریابی این محصول مالی جهت جذب سرمایه‏گذاران امری ضروری است. از این رو شناخت عواملی که در رفتار سرمایه‏گذاران در انتخاب این صندوق‏ها اثرگذار است به بازاریابی اثربخش این ابزار مالی کمک می کند. در این پژوهش از طرح تحقیق آمیخته از نوع زنجیره ای و از شاخه کیفی--&lt; کمی استفاده شد. در مرحله کیفی و با استفاده از روش تحلیل محتوا بر روی داده‏های حاصل از مصاحبه‏ها، 21 شاخص شناسایی گردید. در مرحله کمی با تحلیل عاملی اکتشافی در نهایت شاخص‏های شناسایی شده در قالب هفت عامل اصلی طبقه‏بندی گردید. این عوامل عبارتند از: دانش و شناخت سرمایه‎گذار از صندوق، تبلیغات و اطلاع‏رسانی، عوامل محیطی، درجه ریسک‏گریزی سرمایه‏گذار، بازده و عملکرد، عمربالا و حجم و اندازه صندوق و عامل دسترسی. نتایج آزمون تحلیل واریانس فریدمن نشان داد که از دید سرمایه‏گذاران مهمترین عوامل موثر بر انتخاب صندوقهای سرمایه گذاری مشترک به ترتیب اولویت عبارتند از: بازدهی و عملکرد، دانش و شناخت سرمایه‏گذاران از صندوق، درجه ریسک گریزی سرمایه گذار، عوامل محیطی، عمر بالا/حجم و اندازه صندوق، دسترسی و در انتها تبلیغات و اطلاع‏رسانی.</OtherAbstract>
		<ObjectList>
			<Object Type="keyword">
			<Param Name="value">صندوق سرمایه‏ گذاری مشترک</Param>
			</Object>
			<Object Type="keyword">
			<Param Name="value">مالی رفتاری</Param>
			</Object>
			<Object Type="keyword">
			<Param Name="value">رفتار سرمایه‏ گذاران</Param>
			</Object>
			<Object Type="keyword">
			<Param Name="value">پژوهش آمیخته</Param>
			</Object>
		</ObjectList>
<ArchiveCopySource DocType="pdf">http://amf.ui.ac.ir/article_19841_3f71fc36f36166064d48dc0a70d051a1.pdf</ArchiveCopySource>
</Article>
</ArticleSet>
