<?xml version="1.0" encoding="UTF-8"?>
<!DOCTYPE ArticleSet PUBLIC "-//NLM//DTD PubMed 2.7//EN" "https://dtd.nlm.nih.gov/ncbi/pubmed/in/PubMed.dtd">
<ArticleSet>
<Article>
<Journal>
				<PublisherName>دانشگاه اصفهان</PublisherName>
				<JournalTitle>مدیریت دارایی و تأمین مالی</JournalTitle>
				<Issn>2383-1170</Issn>
				<Volume>5</Volume>
				<Issue>4</Issue>
				<PubDate PubStatus="epublish">
					<Year>2017</Year>
					<Month>12</Month>
					<Day>22</Day>
				</PubDate>
			</Journal>
<ArticleTitle>The effect of Consumer Price Index and Operational Cycle on the Level of Cash Holding in the Companies Listed in Tehran Stock Exchange</ArticleTitle>
<VernacularTitle>تأثیر شاخص قیمت مصرف کننده و چرخۀ عملیاتی در سطح نگهداشت وجه نقد در شرکت‌های پذیرفته‌شده در بورس اوراق بهادار تهران</VernacularTitle>
			<FirstPage>117</FirstPage>
			<LastPage>128</LastPage>
			<ELocationID EIdType="pii">21168</ELocationID>
			
<ELocationID EIdType="doi">10.22108/amf.2017.21168</ELocationID>
			
			<Language>FA</Language>
<AuthorList>
<Author>
					<FirstName>احمد</FirstName>
					<LastName>خدامی پور</LastName>
<Affiliation>دانشیار، دانشگاه شهید باهنر کرمان، دانشکده مدیریت و اقتصاد، گروه حسلبداری</Affiliation>

</Author>
<Author>
					<FirstName>سحر</FirstName>
					<LastName>شمس الدین</LastName>
<Affiliation>کارشناسی ارشد حسابداری، دانشگاه شهید باهنر کرمان، دانشکده مدیریت و اقتصاد، گروه حسلبداری</Affiliation>

</Author>
</AuthorList>
				<PublicationType>Journal Article</PublicationType>
			<History>
				<PubDate PubStatus="received">
					<Year>2014</Year>
					<Month>10</Month>
					<Day>26</Day>
				</PubDate>
			</History>
		<Abstract>Balance between cash and the need of cash is one of the most important factors of financial health and continuity of the activities of every business agency. At the macro level, firms are inclined to adjust and optimize their cash-holding strategies in response to changes in purchasing power due to inflation. Firms flexibly adjust their cash-holding strategies in response to changes in the external environment. At the micro level, the effect of operating cycle, which indicates the speed and turnover of corporate cash flow, on the corporate cash-holding has been studied. In this paper the effect of inflation and operating cycle on cash holdings has been studied. To pursue this purpose, the data has been extracted from companies listed in Tehran Stock Exchange from 1990-2001. For stimulation of this study’s model, we used regression in panel data. The results of the analysis show a U-shaped relationship between consumer price Index (CPI) and cash holdings. Thus there is a significant negative association between cash holdings and the CPI, but the relationship is reversed when the CPI reaches a certain level. The empirical results indicate that there is not a U-shaped relationship between operating cycle and cash holdings.</Abstract>
			<OtherAbstract Language="FA">ایجاد توازن بین وجوه نقد موجود و نیاز‌های نقدی یکی از مهم‌ترین عوامل سلامت اقتصادی واحد‌های تجاری و تداوم فعالیت آنها است. در سطح کلان، شرکت‌ها تمایل دارند سطح نگهداشت وجه نقد خود را برای پاسخگویی به تغییرات قدرت خرید ناشی از تورم، سازگار و در سطح بهینه‌ای حفظ کنند. چرخۀ عملیاتی، سرعت و گردش وجه نقد را در شرکت نشان می‌دهد و در سطح نگهداشت وجه نقد شرکت‌ها مؤثر است. در این پژوهش، تأثیر تورم و چرخۀ عملیاتی بر سطح نگهداشت وجه نقد شرکت‌ها بررسی شده است. جامعۀ آماری، شرکت­های پذیرفته‌شده در بورس اوراق بهادار تهران و دورۀ زمانی پژوهش از سال 1380 تا سال 1391 است. برای آزمون فرضیه‌های پژوهش، از تحلیل رگرسیون در قالب داده‌های تابلویی استفاده شده است. نتایج رابطۀ غیرخطیU شکل را بین سطح نگهداشت وجه نقد و شاخص قیمت مصرف‌کننده نشان می‌دهد؛ یعنی درابتدا، رابطۀ منفی بین شاخص قیمت مصرف‌کننده و سطح نگهداشت وجه نقد وجود دارد؛ اما بعد از اینکه افزایش شاخص قیمت مصرف‌کننده از حد معینی می‌گذرد، رابطۀ شاخص قیمت مصرف‌کننده وسطح نگهداشت وجه نقد مثبت می‌شود. به علاوه نتایج، نشان‌دهندۀ عدم تایید رابطۀ U شکل بین چرخۀ عملیاتی و سطح نگهداشت وجه نقد است.</OtherAbstract>
		<ObjectList>
			<Object Type="keyword">
			<Param Name="value">تورم</Param>
			</Object>
			<Object Type="keyword">
			<Param Name="value">چرخۀ عملیاتی</Param>
			</Object>
			<Object Type="keyword">
			<Param Name="value">سطح وجه نقد نگهداری‌شده</Param>
			</Object>
		</ObjectList>
<ArchiveCopySource DocType="pdf">http://amf.ui.ac.ir/article_21168_c809e74d86da4253b1202d0761a72b31.pdf</ArchiveCopySource>
</Article>
</ArticleSet>
