<?xml version="1.0" encoding="UTF-8"?>
<!DOCTYPE ArticleSet PUBLIC "-//NLM//DTD PubMed 2.7//EN" "https://dtd.nlm.nih.gov/ncbi/pubmed/in/PubMed.dtd">
<ArticleSet>
<Article>
<Journal>
				<PublisherName>دانشگاه اصفهان</PublisherName>
				<JournalTitle>مدیریت دارایی و تأمین مالی</JournalTitle>
				<Issn>2383-1170</Issn>
				<Volume>5</Volume>
				<Issue>1</Issue>
				<PubDate PubStatus="epublish">
					<Year>2017</Year>
					<Month>03</Month>
					<Day>21</Day>
				</PubDate>
			</Journal>
<ArticleTitle>Theoretical and Empirical Analysis of the Effect of Comparative Influence of Market Production on Stock Returns of Companies Listed in the Tehran Stock Exchange</ArticleTitle>
<VernacularTitle>تحلیل نظری و تجربی تأثیر توان رقابتی بازار محصول بر بازده سهام شرکت‌های پذیرفته‌شده در بورس اوراق بهادار تهران</VernacularTitle>
			<FirstPage>31</FirstPage>
			<LastPage>44</LastPage>
			<ELocationID EIdType="pii">21151</ELocationID>
			
<ELocationID EIdType="doi">10.22108/amf.2017.21151</ELocationID>
			
			<Language>FA</Language>
<AuthorList>
<Author>
					<FirstName>احمد</FirstName>
					<LastName>گوگردچیان</LastName>
<Affiliation>گروه اقتصاد دانشکده علوم اداری و اقتصاد دانشگاه اصفهان، اصفهان، ایران</Affiliation>

</Author>
<Author>
					<FirstName>حسن</FirstName>
					<LastName>حیدری سلطان آبادی</LastName>
<Affiliation>گروه حسابداری دانشکده حسابداری دانشگاه بین‌المللی خلیج فارس، بندرعباس، ایران.</Affiliation>

</Author>
<Author>
					<FirstName>زینب</FirstName>
					<LastName>متفرس</LastName>
<Affiliation>گروه حسابداری دانشکده حسابداری دانشگاه بین المللی خلیج فارس، بندرعباس، ایران.</Affiliation>

</Author>
</AuthorList>
				<PublicationType>Journal Article</PublicationType>
			<History>
				<PubDate PubStatus="received">
					<Year>2014</Year>
					<Month>03</Month>
					<Day>01</Day>
				</PubDate>
			</History>
		<Abstract>One of the fundamental criteria concerning effective decision-making in the stock exchange is stock return which, on its own, possesses an information content that has been used by investors to analyze and predict financial problems. Different studies indicate that shares return will be affected by many variables, one of which is the competitive power of the product market. This study is carried out to find out the effect of the power of the product market competition on stock return of the companies accepted in the Tehran Stock Exchange. The standards of the product market competition are comprised of industry centralization index, goods replacement ability, market size, Tobins Q index, and entrance obstacles (investment intensity). In this study, a sample of 87 companies on the period of 1382 to 1392 has been selected. Considering significant meaning and relation among the presented indexes, the findings suggest that there is a significantly negative relation between industry centralization index, substitute goods capability, market size, Tobins Q index, and shares return of the firms accepted in the Tehran stock exchange. On the other hand, there is no significant relation between entrance obstacles and stock return. The results of analyses indicate that companies with high competitive power have low efficiency. &lt;br /&gt; </Abstract>
			<OtherAbstract Language="FA">بازده سهام یکی از معیارهای اساسی برای تصمیم‌گیری در بورس اوراق بهادار است. بازده سهام خود به‌تنهایی محتوایی اطلاعاتی دارد که بیشتر سرمایه­گذاران بالفعل و بالقوه در تجزیه و تحلیل مالی و پیش‌بینی­های خود از آن استفاده می­کنند. مطالعات متعددی در مورد بازده سهام انجام گرفته است که نشان می­دهد بازده سهام تحت تأثیر متغیرهای گوناگون قرار می­گیرد. توان رقابتی بازار محصول از جملۀ این عوامل است. هدف اصلی این پژوهش بررسی تأثیر توان رقابتی بازار محصول بر بازده سهام است. معیارهای رقابت بازار محصول در این پژوهش، شامل شاخص­های تمرکز در صنعت، قابلیت جانشینی کالا، اندازۀ بازار، شاخص Q توبین و موانع ورود (شدت سرمایه‌گذاری) هستند. برای این منظور،  نمونه­ای شامل 87 شرکت پذیرفته‌شده در بورس اوراق بهادار تهران در دورۀ زمانی سال­های 1382 تا 1391 به روش داده­های تابلویی ارزیابی شده‌اند. نتایج پژوهش نشان می­دهد از میان شاخص­های معرفی‌شده، تمرکز صنعت، قابلیت جانشینی کالا، اندازۀ بازار و شاخص Q توبین بر بازده سهام شرکت‌های مذکور، تأثیر منفی و معنادار داشته است؛ ولی موانع ورود بر بازده سهام تأثیر معناداری نداشته است؛ بنابراین می‌توان نتیجه گرفت شرکت‌های با توان رقابتی بالا، بازده پایینی کسب کرده­اند.</OtherAbstract>
		<ObjectList>
			<Object Type="keyword">
			<Param Name="value">بازده سهام</Param>
			</Object>
			<Object Type="keyword">
			<Param Name="value">توان رقابتی بازار محصول</Param>
			</Object>
			<Object Type="keyword">
			<Param Name="value">شاخص هرفیندال- هیرشمن</Param>
			</Object>
			<Object Type="keyword">
			<Param Name="value">شاخص لرنر</Param>
			</Object>
		</ObjectList>
<ArchiveCopySource DocType="pdf">http://amf.ui.ac.ir/article_21151_3ea6d9d5a18f663488ce02fc23bc494b.pdf</ArchiveCopySource>
</Article>
</ArticleSet>
