<?xml version="1.0" encoding="UTF-8"?>
<!DOCTYPE ArticleSet PUBLIC "-//NLM//DTD PubMed 2.7//EN" "https://dtd.nlm.nih.gov/ncbi/pubmed/in/PubMed.dtd">
<ArticleSet>
<Article>
<Journal>
				<PublisherName>دانشگاه اصفهان</PublisherName>
				<JournalTitle>مدیریت دارایی و تأمین مالی</JournalTitle>
				<Issn>2383-1170</Issn>
				<Volume>6</Volume>
				<Issue>3</Issue>
				<PubDate PubStatus="epublish">
					<Year>2018</Year>
					<Month>09</Month>
					<Day>23</Day>
				</PubDate>
			</Journal>
<ArticleTitle>The Beta Reversal Behavior through Different Levels of Portfolio Risk in Tehran Stock Exchange</ArticleTitle>
<VernacularTitle>رفتار بازگشت‌پذیری بتا براساس سطوح مختلف ریسک سبد سهام در بورس اوراق بهادار تهران</VernacularTitle>
			<FirstPage>37</FirstPage>
			<LastPage>50</LastPage>
			<ELocationID EIdType="pii">23034</ELocationID>
			
<ELocationID EIdType="doi">10.22108/amf.2017.100287.1000</ELocationID>
			
			<Language>FA</Language>
<AuthorList>
<Author>
					<FirstName>غلامرضا</FirstName>
					<LastName>منصورفر</LastName>
<Affiliation>دانشیار گروه حسابداری و مدیریت مالی، دانشکدۀ اقتصاد و مدیریت، دانشگاه ارومیه، ارومیه، ایران</Affiliation>

</Author>
<Author>
					<FirstName>مهدی</FirstName>
					<LastName>حیدری</LastName>
<Affiliation>استادیار حسابداری، گروه حسابداری و مدیریت مالی، دانشکدۀ اقتصاد و مدیریت، دانشگاه ارومیه، ارومیه، ایران</Affiliation>

</Author>
<Author>
					<FirstName>محسن</FirstName>
					<LastName>فرهادی</LastName>
<Affiliation>کارشناس‌ارشد مالی، گروه حسابداری و مدیریت مالی، دانشکدۀ اقتصاد و مدیریت، دانشگاه ارومیه، ارومیه، ایران</Affiliation>

</Author>
</AuthorList>
				<PublicationType>Journal Article</PublicationType>
			<History>
				<PubDate PubStatus="received">
					<Year>2016</Year>
					<Month>12</Month>
					<Day>30</Day>
				</PubDate>
			</History>
		<Abstract>In this paper, using a multi-factor model of Fama and French and Carhart, the Beta Reversal behavior through different levels of portfolio risk in Tehran Stock Exchange and Oversight Exchange is investigated. Beta Reversal is a phenomenon in which the beta behavior becomes different from its historical trend and turns to the opposite direction. Beta Reversal caused the instability of the capital asset pricing model in the market which leads to the inefficiency of the capital asset pricing model in performance evaluation. In order to measure the Beta Reversal in the market, Rolling beta, idiosyncratic volatility Risk and Fama and French model variables, as well as the momentum factor introduced by Carhart have been used. The study involved data from 60 companies operating in the Tehran Stock Exchange in the period from 2005 to 2014. In different circumstances of investigation, Beta Reversal has been studied by establishing 25 portfolios of stocks according to various measures. The results show that Beta Reversal occurs in high-risk stocks while it can be prevented by eliminating the high risk portfolios from market in Tehran Stock Exchange.</Abstract>
			<OtherAbstract Language="FA">در این مقاله با استفاده از الگوی چهارعاملی فاما و فرنچ و عامل مومنتوم معرفی‌شدۀ کارهارت، رفتار بازگشت‌پذیری بتا براساس درجات مختلف ریسک سبد سهام در بورس اوراق بهادار تهران بررسی شده است. این نوع رفتار موجب بی‌ثباتی عامل بتا در بازار می‌شود؛ همچنین سبب می‌شود الگوهای قیمت‌گذاری، کارآیی لازم را برای ارزیابی عملکرد نداشته باشد. با استفاده از اطلاعات مربوط به شرکت‌های فعال در بورس اوراق بهادار تهران و تشکیل 25 سبد با معیارهای مختلف در بازه زمانی 1384 تا 1393 و نیز متغیرهای بتای متحرک و ریسک نوسانات ویژه، بازگشت‌پذیری بتا در بورس و فرابورس تهران سنجیده و رفتار آن تحلیل شده است. برای آزمون پرسش‌ها از الگوی رگرسیون خطی چندمتغیره استفاده شده است؛ روش آماری به‌کاررفته نیز داده‌های مقطعی است. نتایج پژوهش نشان می‌دهد بازگشت بتا در بورس اوراق بهادار تهران برای سبد‌های پرریسک بازار رخ داده است و با حذف سبدهای پرریسک از بازار، رفتار برگشت‌پذیری بتا کنترل‌ می‌شود.</OtherAbstract>
		<ObjectList>
			<Object Type="keyword">
			<Param Name="value">بازگشت بتا</Param>
			</Object>
			<Object Type="keyword">
			<Param Name="value">الگوی کارهارت</Param>
			</Object>
			<Object Type="keyword">
			<Param Name="value">بتای متحرک</Param>
			</Object>
			<Object Type="keyword">
			<Param Name="value">ریسک نوسانات ویژه</Param>
			</Object>
			<Object Type="keyword">
			<Param Name="value">نسبت B/M</Param>
			</Object>
		</ObjectList>
<ArchiveCopySource DocType="pdf">http://amf.ui.ac.ir/article_23034_4396d84b16a1db3ae664708a7dfed885.pdf</ArchiveCopySource>
</Article>
</ArticleSet>
