<?xml version="1.0" encoding="UTF-8"?>
<!DOCTYPE ArticleSet PUBLIC "-//NLM//DTD PubMed 2.7//EN" "https://dtd.nlm.nih.gov/ncbi/pubmed/in/PubMed.dtd">
<ArticleSet>
<Article>
<Journal>
				<PublisherName>دانشگاه اصفهان</PublisherName>
				<JournalTitle>مدیریت دارایی و تأمین مالی</JournalTitle>
				<Issn>2383-1170</Issn>
				<Volume>8</Volume>
				<Issue>2</Issue>
				<PubDate PubStatus="epublish">
					<Year>2020</Year>
					<Month>06</Month>
					<Day>21</Day>
				</PubDate>
			</Journal>
<ArticleTitle>Calculating Real Option Value under Different Approaches in the Tehran Stock Exchange</ArticleTitle>
<VernacularTitle>محاسبۀ ارزش اختیارهای واقعی با رویکردهای متفاوت در بورس اوراق بهادار تهران</VernacularTitle>
			<FirstPage>1</FirstPage>
			<LastPage>12</LastPage>
			<ELocationID EIdType="pii">23613</ELocationID>
			
<ELocationID EIdType="doi">10.22108/amf.2019.115211.1372</ELocationID>
			
			<Language>FA</Language>
<AuthorList>
<Author>
					<FirstName>رضا</FirstName>
					<LastName>تهرانی</LastName>
<Affiliation>استاد، گروه مدیریت مالی و بیمه، دانشکدۀ مدیریت، دانشگاه تهران، تهران، ایران</Affiliation>

</Author>
<Author>
					<FirstName>سیدمجتبی</FirstName>
					<LastName>میرلوحی</LastName>
<Affiliation>استادیار، گروه مدیریت، دانشکدۀ مهندسی صنایع و مدیریت، دانشگاه صنعتی شاهرود، شاهرود، ایران</Affiliation>

</Author>
<Author>
					<FirstName>محمد رضا</FirstName>
					<LastName>گل کانی</LastName>
<Affiliation>دانشجوی دکتری، گروه مدیریت مالی، دانشکده مدیریت، پردیس ببین‌الملل کیش، دانشگاه تهران، تهران، ایران</Affiliation>
<Identifier Source="ORCID">0000-0002-9782-6719</Identifier>

</Author>
</AuthorList>
				<PublicationType>Journal Article</PublicationType>
			<History>
				<PubDate PubStatus="received">
					<Year>2019</Year>
					<Month>01</Month>
					<Day>23</Day>
				</PubDate>
			</History>
		<Abstract>&lt;strong&gt;Objective: &lt;/strong&gt;A question that always arises for some practitioners and academicians is why stock prices in firms are not consistent with traditional discounted cash flow (DCF) models. &lt;br /&gt;&lt;strong&gt;Method: &lt;/strong&gt;To this end, firms’ stock market prices should be analyzed on the basis of scientific principles. In addition, real options and their role in firms’ stock market value is an issue that has always been considered implicitly in practice and needs to be studied scientifically. Hence, this paper examines the relationship between a portion of the firm&#039;s stock market value that is due to real options and variables that are related to real options. &lt;br /&gt;&lt;strong&gt;Results:&lt;/strong&gt;The results of the study, based on data from 140 industrial-productive firms during an 11-year period, indicates that in all three approaches, net income (NI), free cash flow to equity (FCFE) and free cash flow to firm (FCFF), a part of the firm’s stock market value is on average due to real options.</Abstract>
			<OtherAbstract Language="FA">&lt;strong&gt;هدف&lt;/strong&gt;: همیشه برای برخی فعالان بازار و دانشگاهیان این سؤال مطرح بوده است که چرا قیمت سهام شرکت‌‌ها با الگوهای سنتی تنزیل جریان ‌نقد منطبق نیست؛ پس باید قیمت‌های بازاری سهام شرکت‌ها براساس اصول علمی تجزیه و تحلیل شود.&lt;br /&gt; &lt;strong&gt;روش&lt;/strong&gt;: علاوه بر این، بحث اختیارهای واقعی و نقش آنها در ارزش بازاری سهام شرکت‌ها موضوعی است که همیشه به‌صورت ضمنی و در عمل مدنظر بوده و لازم است به‌صورت علمی نیز مطالعه شود؛ ازاین‌رو، این مقاله رابطۀ میان بخشی از ارزش بازاری سهام شرکت نشئت‌گرفته از اختیارهای واقعی و متغیرهای مرتبط با اختیارهای واقعی را بررسی کرده است.&lt;br /&gt; &lt;strong&gt;نتایج&lt;/strong&gt;: نتایج براساس داده‌های 140 شرکت تولیدی - صنعتی طی دورۀ 11‌ساله نشان می‌دهد در هر سه رویکرد سود خالص، جریان نقد آزاد سهامداران و جریان نقد آزاد شرکت به‌طور متوسط، بخشی از ارزش بازاری سهام شرکت‌‌ها ناشی از اختیارهای واقعی است.</OtherAbstract>
		<ObjectList>
			<Object Type="keyword">
			<Param Name="value">اختیار واقعی</Param>
			</Object>
			<Object Type="keyword">
			<Param Name="value">سود خالص</Param>
			</Object>
			<Object Type="keyword">
			<Param Name="value">جریان نقد آزاد سهامداران</Param>
			</Object>
			<Object Type="keyword">
			<Param Name="value">جریان نقد آزاد شرکت</Param>
			</Object>
		</ObjectList>
<ArchiveCopySource DocType="pdf">http://amf.ui.ac.ir/article_23613_c381f56a9204a69204bac1fcb6914ae6.pdf</ArchiveCopySource>
</Article>

<Article>
<Journal>
				<PublisherName>دانشگاه اصفهان</PublisherName>
				<JournalTitle>مدیریت دارایی و تأمین مالی</JournalTitle>
				<Issn>2383-1170</Issn>
				<Volume>8</Volume>
				<Issue>2</Issue>
				<PubDate PubStatus="epublish">
					<Year>2020</Year>
					<Month>06</Month>
					<Day>21</Day>
				</PubDate>
			</Journal>
<ArticleTitle>Corporate Financing Strategies in Normal and Crisis Conditions: Evidence from Tehran Stock Exchange</ArticleTitle>
<VernacularTitle>استراتژی‏های تأمین مالی شرکت‏ها در شرایط عادی و بحران: شواهدی از بورس اوراق بهادار تهران</VernacularTitle>
			<FirstPage>13</FirstPage>
			<LastPage>30</LastPage>
			<ELocationID EIdType="pii">24277</ELocationID>
			
<ELocationID EIdType="doi">10.22108/amf.2019.113104.1306</ELocationID>
			
			<Language>FA</Language>
<AuthorList>
<Author>
					<FirstName>سامان</FirstName>
					<LastName>رحمانی نوروزآباد</LastName>
<Affiliation>دانشجوی دکتری، گروه مدیریت مالی، دانشکدۀ ادبیات و علوم انسانی، دانشگاه آزاد اسلامی، واحد ایلام، ایلام، ایران</Affiliation>

</Author>
<Author>
					<FirstName>علی اصغر</FirstName>
					<LastName>انواری رستمی</LastName>
<Affiliation>استاد، گروه برنامه‌ریزی و مدیریت، مرکز مطالعات مدیریت و توسعۀ فناوری، پژوهشکدۀ مطالعات مدیریت و توسعۀ فناوری، دانشگاه تربیت مدرس، تهران، ایران</Affiliation>

</Author>
<Author>
					<FirstName>کرم</FirstName>
					<LastName>خلیلی</LastName>
<Affiliation>استادیار،گروه مدیریت، دانشکدۀ ادبیات و علوم انسانی، دانشگاه آزاد اسلامی، واحد ایلام، ایلام، ایران</Affiliation>

</Author>
<Author>
					<FirstName>اسفندیار</FirstName>
					<LastName>محمدی</LastName>
<Affiliation>دانشیار، گروه مدیریت بازرگانی، دانشکدۀ ادبیات و علوم انسانی، دانشگاه ایلام، ایلام، ایران</Affiliation>

</Author>
</AuthorList>
				<PublicationType>Journal Article</PublicationType>
			<History>
				<PubDate PubStatus="received">
					<Year>2018</Year>
					<Month>10</Month>
					<Day>08</Day>
				</PubDate>
			</History>
		<Abstract>&lt;strong&gt;Objective:&lt;/strong&gt; This research investigates the financing strategies of companies under normal and the economic crisis conditions over the years 2003-2016. &lt;br /&gt;&lt;strong&gt;Method:&lt;/strong&gt; The statistical population of this research consists of companies listed on the Tehran Stock Exchange and Iran Over-The-Counter market (OTC). Research hypotheses have been tested through Multivariate Regression Equation. &lt;br /&gt;&lt;strong&gt;Results:&lt;/strong&gt; The findings indicate that in both normal and crisis periods, the ROA (Return on Assets) and size of the company have a positive impact on the financing through the stock market. In addition, despite the negative impacts of sales growth, profitability, and average financial leverage on equity financing, tangible assets and market risk fail to indicate any effect on it. The results also demonstrate that the ROA and size of the company have negative effects on financing through the debt market over both normal and crisis periods. In addition, notwithstanding the negative impact of sales growth during the crisis period on debt financing, this effect is positive in the normal condition. Moreover, profitability and financial leverage have positive effects on debt financing during both normal and crisis times. Finally, it has been revealed that tangible assets have a positive impact on debt financing during the crisis period, but a negative effect during the normal period. Market risk has no effect on debt financing.</Abstract>
			<OtherAbstract Language="FA">&lt;strong&gt;هدف:&lt;/strong&gt; در این پژوهش، راهبرد‏های تأمین مالی شرکت‌‌های پذیرفته‌شده در بورس اوراق بهادار تهران در شرایط عادی و بحران اقتصادی طی سال‌های 1382 تا 1395 بررسی و مقایسه شده‌ است.&lt;br /&gt; &lt;strong&gt;روش:&lt;/strong&gt; جامعۀ آماری را شرکت‌‌های پذیرفته‌شده در بورس اوراق بهادار تهران و فرابورس تشکیل می‌‌دهد. فرضیه‌‌ها ازطریق معادلۀ رگرسیون چندمتغیره و با استفاده از نرم‌افزار Eviews آزمون شده است.&lt;br /&gt; &lt;strong&gt;نتایج:&lt;/strong&gt; یافته‌ها نشان می‌دهد بازده دارایی‌‌ها و اندازۀ شرکت تأثیر مثبت و مستقیم بر تأمین مالی ازطریق بازار سهام در هر دو دورۀ عادی و بحران دارد. رشد فروش، سودآوری و متوسط اهرم مالی تأثیر منفی و معکوسی بر تأمین مالی ازطریق بازار سهام دارد. دارایی‌‌های مشهود و ریسک بازار، تأثیری بر تأمین مالی ازطریق بازار سهام ندارد. به‌علاوه یافته‌ها نشان می‌دهد بازده دارایی‌‌ها و اندازۀ شرکت تأثیر منفی و معکوسی بر تأمین مالی ازطریق بازار بدهی در هر دو دورۀ عادی و بحران دارد. رشد فروش در دورۀ بحران تأثیر منفی و معکوسی بر تأمین مالی ازطریق بدهی دارد؛ اما این تأثیر در دورۀ عادی مثبت و مستقیم است. متغیرهای سودآوری و متوسط اهرم مالی نیز تأثیر مثبت و مستقیم بر تأمین مالی ازطریق بدهی دارند. دارایی‌‌های مشهود تأثیر مثبتی بر تأمین مالی ازطریق بدهی در دورۀ بحران دارد؛ ولی در دورۀ عادی این رابطه منفی است. براساس مقدار ضرایب، ریسک بازار، تأثیری بر تأمین مالی ازطریق بدهی ندارد.</OtherAbstract>
		<ObjectList>
			<Object Type="keyword">
			<Param Name="value">تأمین مالی</Param>
			</Object>
			<Object Type="keyword">
			<Param Name="value">بازار سهام</Param>
			</Object>
			<Object Type="keyword">
			<Param Name="value">بدهی</Param>
			</Object>
			<Object Type="keyword">
			<Param Name="value">دورۀ بحران اقتصادی</Param>
			</Object>
			<Object Type="keyword">
			<Param Name="value">دورۀ عادی</Param>
			</Object>
		</ObjectList>
<ArchiveCopySource DocType="pdf">http://amf.ui.ac.ir/article_24277_7a27661b59c78491f890bf15d4c06566.pdf</ArchiveCopySource>
</Article>

<Article>
<Journal>
				<PublisherName>دانشگاه اصفهان</PublisherName>
				<JournalTitle>مدیریت دارایی و تأمین مالی</JournalTitle>
				<Issn>2383-1170</Issn>
				<Volume>8</Volume>
				<Issue>2</Issue>
				<PubDate PubStatus="epublish">
					<Year>2020</Year>
					<Month>06</Month>
					<Day>21</Day>
				</PubDate>
			</Journal>
<ArticleTitle>The impact of working capital management on Listed companies profitability in business cycles based on the output gap</ArticleTitle>
<VernacularTitle>تاثیر مدیریت سرمایه در گردش بر قابلیت سودآوری شرکت‌های پذیرفته شده در بورس اوراق بهادار تهران در چرخه‌های تجاری مبتنی بر شکاف تولید</VernacularTitle>
			<FirstPage>31</FirstPage>
			<LastPage>48</LastPage>
			<ELocationID EIdType="pii">21421</ELocationID>
			
<ELocationID EIdType="doi">10.22108/amf.2017.21421</ELocationID>
			
			<Language>FA</Language>
<AuthorList>
<Author>
					<FirstName>سمیه</FirstName>
					<LastName>اسکندرنژاد</LastName>
<Affiliation>کارشناسی ارشد گروه حسابداری، واحد تبریز، دانشگاه آزاد اسلامی، تبریز، ایران</Affiliation>

</Author>
<Author>
					<FirstName>رسول</FirstName>
					<LastName>برادران حسن زاده</LastName>
<Affiliation>دانشیار، گروه آموزشی حسابداری، واحد تبریز، دانشگاه آزاد اسلامی، تبریز، ایران</Affiliation>

</Author>
<Author>
					<FirstName>حسن</FirstName>
					<LastName>طاهری</LastName>
<Affiliation>مربی گروه آموزشی اقتصاد، واحد تبریز، دانشگاه آزاد اسلامی، تبریز، ایران</Affiliation>

</Author>
</AuthorList>
				<PublicationType>Journal Article</PublicationType>
			<History>
				<PubDate PubStatus="received">
					<Year>2016</Year>
					<Month>05</Month>
					<Day>17</Day>
				</PubDate>
			</History>
		<Abstract>&lt;strong&gt;Objective: &lt;/strong&gt;This study aims to determine the impact of working capital management on profitability in business cycles based on the output gap in companies listed inTehran stock Exchange. In this study, the combination of panel data is used.
&lt;strong&gt;Method: &lt;/strong&gt;For evaluating hypotheses, Factors such as Return on total Assets (ROA), Return of owner’s Equity (ROE), Return Operating profit (OP) Were applied to evaluate corporate profitability. Moreover factors such as cash conversion cycle (ccc), Inventory Turnover In Day (ITID), Average collection period (ACP), Average payment period (APP), were utilized as criteria for evaluating working capital management. The business cycle has used been to evaluate output gap In this study, 85 companies during the period 2005 to 2014 is considered as the sample.
&lt;strong&gt;Results: &lt;/strong&gt;The results show that the cash conversion cycle and accounts receivable collection period in boom period has a significant and negative impact on operating profit.</Abstract>
			<OtherAbstract Language="FA">&lt;strong&gt;هدف: &lt;/strong&gt;شرایط اقتصادی می‌تواند آثارمتفاوتی بر سرمایه در گردش شرکت‌ها داشته و سودآوری آنها را تحت تاثیر قرار دهد. در شرایط رکود اقتصادی انتظار می‌رود میزان رشد فروش، حاشیه سود شرکت‌ها و سرمایه گذاری شرکت‌ها کاهش یابد و در رونق اقتصادی انتظار می‌رود عکس این موضوع رخ دهد. پژوهش حاضر با هدف تعیین چگونگی تاثیر مدیریت سرمایه در گردش بر قابلیت سودآوری شرکت‌ها در چرخه‌های تجاری مبتنی بر شکاف تولید انجام شده است.
&lt;strong&gt;روش: &lt;/strong&gt;در این پژوهش ارزیابی مدیریت سرمایه در گردش از دوره تبدیل وجه نقد، دوره وصول مطالبات، دوره پرداخت بدهی و دوره گردش موجودی کالاو سنجش قابلیت سودآوری از بازده دارایی‌ها، بازده حقوق صاحبان سهام و بازده سود عملیاتی 85 شرکت در طول دوره 1393 – 1384 از الگوی پانل با داده‌های ترکیبی و همچنین جهت ارزیابی چرخه‌های تجاری از شکاف تولید استفاده شده است.
&lt;strong&gt;نتایج: &lt;/strong&gt;نتایج علاوه ‌بروجود تاثیر معنی‌دار منفی بین اجزای مدیریت سرمایه در گردش و سودآوری در شرکت‌های ایرانی نشان می‌دهد که در دوره رونق اقتصادی نسبت به رکود، اجزای مدیریت سرمایه در گردش تاثیر بیشتری بر بازده دارایی‌ها دارد.</OtherAbstract>
		<ObjectList>
			<Object Type="keyword">
			<Param Name="value">مدیریت سرمایه در گردش</Param>
			</Object>
			<Object Type="keyword">
			<Param Name="value">سودآوری</Param>
			</Object>
			<Object Type="keyword">
			<Param Name="value">چرخه‌های تجاری</Param>
			</Object>
		</ObjectList>
<ArchiveCopySource DocType="pdf">http://amf.ui.ac.ir/article_21421_aa06880857925060b60060bf0893381d.pdf</ArchiveCopySource>
</Article>

<Article>
<Journal>
				<PublisherName>دانشگاه اصفهان</PublisherName>
				<JournalTitle>مدیریت دارایی و تأمین مالی</JournalTitle>
				<Issn>2383-1170</Issn>
				<Volume>8</Volume>
				<Issue>2</Issue>
				<PubDate PubStatus="epublish">
					<Year>2020</Year>
					<Month>06</Month>
					<Day>21</Day>
				</PubDate>
			</Journal>
<ArticleTitle>Extracting Composite sentiment Index for Tehran Stock Exchange</ArticleTitle>
<VernacularTitle>استخراج شاخص ترکیبی گرایش احساسی در بورس اوراق بهادار تهران</VernacularTitle>
			<FirstPage>49</FirstPage>
			<LastPage>68</LastPage>
			<ELocationID EIdType="pii">24011</ELocationID>
			
<ELocationID EIdType="doi">10.22108/amf.2019.116219.1402</ELocationID>
			
			<Language>FA</Language>
<AuthorList>
<Author>
					<FirstName>محمد</FirstName>
					<LastName>توحیدی</LastName>
<Affiliation>استادیار گروه مدیریت مالی، دانشکده معارف اسلامی و مدیریت، دانشگاه امام صادق علیه السلام، تهران، ایران</Affiliation>
<Identifier Source="ORCID">0000-0002-1289-1256</Identifier>

</Author>
</AuthorList>
				<PublicationType>Journal Article</PublicationType>
			<History>
				<PubDate PubStatus="received">
					<Year>2019</Year>
					<Month>05</Month>
					<Day>03</Day>
				</PubDate>
			</History>
		<Abstract>&lt;strong&gt;Objective:&lt;/strong&gt;Hardly are traders inclined to indicate sentiment in the classical finance, however the behavioral finance paradigm shows that in some cases stock price changes have no fundamental triggers, and just the emotional tendency of the investors play the stimulant role in determining prices.
&lt;strong&gt;Method: &lt;/strong&gt;Investor sentiment is defined as the tendency of market participants for speculation and this tendency can be related to the psychological state of the minds of investors. Given the fact that distressed traders are influenced by their emotions and the total emotion of the market, emotional tendency indicators are used to explain the behavior of these types of traders. In this research, the emotional tendency indicators are extracted in two ways: direct approach (survey method) and indirect approach (through the analysis of statistics and market data).
&lt;strong&gt;Results:&lt;/strong&gt;Furthermore, this study, based on literature review and stock market conditions in Iran, applied the principal component analysis method (PCA) with different sentiment variables and indicators for extracting a composite sentiment index for extracting noise traders in Iranian stock market. Regarding the special value of the first component and the factor load (coefficients) of the variables, three variables are used in the final index. These three variables are: &quot;Monthly volume of retail transactions by the volume of total stock trades&quot;, &quot;Monthly volume of online transactions by the volume of total stock trades&quot;, and &quot;Monthly volumes of stock trades by wholesalers and wholesalers by the volume of total market transactions&quot;.</Abstract>
			<OtherAbstract Language="FA">&lt;strong&gt;هدف&lt;/strong&gt;: در مالی کلاسیک جایگاهی برای بروز احساسات معامله‌گران وجود ندارد؛ اما پارادایم مالی رفتاری نشان می‌دهد در برخی مواقع، تغییرات قیمت اوراق بهادار هیچ دلیل بنیادی ندارد و گرایش احساسی سرمایه‌گذار نقش مهمی در تعیین قیمت‌ها بازی می‌‎کند.
&lt;strong&gt;روش&lt;/strong&gt;: احساسات سرمایه‌گذار، گرایش فعالان بازار برای بورس‌بازی تعریف شده است و این گرایش ممکن است به وضعیت روان‌شناختی ذهن سرمایه‌گذاران مرتبط باشد. با توجه به اینکه معامله‌گران اختلال‌زا با تأثیرگرفتن از احساسات و هیجانات بازار تصمیم‌گیری می‌کنند، برای تبیین رفتار این نوع معامله‌گران، از شاخص گرایش احساسی استفاده می‌شود. شاخص‌های گرایش احساسی به دو روش مستقیم (به روش پیمایشی) و غیرمستقیم (ازطریق تحلیل آمار و داده‌‌های بازار) استخراج می‌شوند.
&lt;strong&gt;نتایج&lt;/strong&gt;: این پژوهش با توجه به پژوهش‌های گذشته و شرایط بازار سهام ایران، به روش تحلیل مؤلفه‌های اساسی، متغیرها و نماگرهای احساسی مختلفی را برای استخراج شاخص ترکیبی احساسی برای معامله‌گران اختلال‌زا در بورس اوراق بهادار تهران بررسی و تحلیل کرده است که درنهایت، با توجه به مقدار ویژۀ مؤلفۀ مشترک اول و بار عاملی (ضرایب) متغیرها، از سه متغیر در شاخص نهایی استفاده شد. این سه متغیر عبارت‌اند از: حجم ماهانۀ معاملات خرد به حجم کل معاملات سهام، حجم ماهانۀ معاملات آنلاین به حجم کل معاملات سهام و حجم ماهانۀ معاملات سهام به‌وسیلۀ صندوق‌ها و شرکت‌های سبدگردان به حجم کل معاملات بازار.</OtherAbstract>
		<ObjectList>
			<Object Type="keyword">
			<Param Name="value">گرایش احساسی</Param>
			</Object>
			<Object Type="keyword">
			<Param Name="value">مالی رفتاری</Param>
			</Object>
			<Object Type="keyword">
			<Param Name="value">شاخص ترکیبی</Param>
			</Object>
			<Object Type="keyword">
			<Param Name="value">تحلیل مؤلفه‌های اساسی</Param>
			</Object>
			<Object Type="keyword">
			<Param Name="value">بورس اوراق بهادار تهران</Param>
			</Object>
		</ObjectList>
<ArchiveCopySource DocType="pdf">http://amf.ui.ac.ir/article_24011_1f8e358c24e6f5f24c1d5478a8b4d601.pdf</ArchiveCopySource>
</Article>

<Article>
<Journal>
				<PublisherName>دانشگاه اصفهان</PublisherName>
				<JournalTitle>مدیریت دارایی و تأمین مالی</JournalTitle>
				<Issn>2383-1170</Issn>
				<Volume>8</Volume>
				<Issue>2</Issue>
				<PubDate PubStatus="epublish">
					<Year>2020</Year>
					<Month>06</Month>
					<Day>21</Day>
				</PubDate>
			</Journal>
<ArticleTitle>Individual Investors’ Attention to Left Tail Risk</ArticleTitle>
<VernacularTitle>توجه سرمایه‌‌گذاران انفرادی به ریسک دنبالۀ چپ</VernacularTitle>
			<FirstPage>69</FirstPage>
			<LastPage>88</LastPage>
			<ELocationID EIdType="pii">24425</ELocationID>
			
<ELocationID EIdType="doi">10.22108/amf.2020.118954.1460</ELocationID>
			
			<Language>FA</Language>
<AuthorList>
<Author>
					<FirstName>مهشید</FirstName>
					<LastName>شهرزادی</LastName>
<Affiliation>دانشجوی دکترا، گروه حسابداری، دانشکده علوم اداری و اقتصاد، دانشگاه اصفهان، اصفهان، ایران.</Affiliation>

</Author>
<Author>
					<FirstName>داریوش</FirstName>
					<LastName>فروغی</LastName>
<Affiliation>دانشیار گروه حسابداری، دانشکده علوم اداری و اقتصاد، دانشگاه اصفهان، اصفهان، ایران.</Affiliation>

</Author>
</AuthorList>
				<PublicationType>Journal Article</PublicationType>
			<History>
				<PubDate PubStatus="received">
					<Year>2019</Year>
					<Month>10</Month>
					<Day>02</Day>
				</PubDate>
			</History>
		<Abstract>&lt;strong&gt;Objective: &lt;/strong&gt;Left tail risk shows the probability of the occurrence of undesirable events. Investors who undergo the left tail risk are likely to experience considerable negative returns since the left tail risk oftentimes continues to the next period. Thus, if individual investors show scant attention to the left tail risk, holding the risky stocks, high levels of negative return are almost inevitable. The purpose of this study is to investigate whether or not the attention of individual investors to the risk is limited.
&lt;strong&gt;Method: &lt;/strong&gt;Data fromone hundred and twenty (120) companies listed in Tehran Stock Exchange during the period from 2010 to 2018 was analysed using Fama regression and Macbeth.
&lt;strong&gt;Results: &lt;/strong&gt;The results of the present research suggest that individual investors, due to their little capacity and confidence in accepting risks, pursue a conservative investment program and their selling of their stocks depends on the probability of the left tail risk persistence in the next period.</Abstract>
			<OtherAbstract Language="FA">&lt;strong&gt;هدف:&lt;/strong&gt; ریسک دنبالۀ چپ احتمال وقوع رویدادهای نامطلوب را نشان می‌‌دهد. سرمایه‌‌گذارانی که با ریسک دنبالۀ چپ روبه‌رو می‌‌شوند، بازده منفی بزرگی را تجربه می‌‌کنند. ریسک دنبالۀ چپ در دورۀ آتی هم استمرار دارد. سرمایه‌‌گذاران انفرادی، به ریسک دنبالۀ چپ توجه محدودی نشان می‌دهند و سهام مذکور را نگه می‌‌دارند؛ بنابراین، برخلاف انتظارشان در دورۀ آتی هم بازده منفی‌‌ بزرگی را تجربه می‌‌کنند. هدف پژوهش حاضر، بررسی توجه محدود سرمایه‌‌گذاران انفرادی به ریسک دنبالۀ چپ است.
&lt;strong&gt;روش:&lt;/strong&gt; بدین منظور 120 شرکت پذیرفته‌شده در بورس اوراق بهادار تهران در دورۀ زمانی 1388 تا 1396 با استفاده از روش رگرسیون فاما و مکبث تجزیه و تحلیل شد.
&lt;strong&gt;نتایج:&lt;/strong&gt; نتایج نشان می‌‌دهد توجه سرمایه‌‌گذاران انفرادی به ریسک دنبالۀ چپ محدود نیست و بر این اساس فرضیۀ پژوهش رد شد. شواهد نشان‌دهندۀ آن است که سرمایه‌‌گذاران انفرادی به‌دلیل ظرفیت و اعتمادبه‌نفس کمی که در پذیرش ریسک دارند، برنامۀ سرمایه‌‌گذاری محافظه‌‌کارانه‌‌ای را در پیش می‌‌گیرند و احتمال استمرار ریسک دنبالۀ چپ در دورۀ آتی را در نظر می‌گیرند و اقدام به فروش سهام خود می‌‌کنند&lt;strong&gt;.&lt;/strong&gt;</OtherAbstract>
		<ObjectList>
			<Object Type="keyword">
			<Param Name="value">ارزش در معرض ریسک</Param>
			</Object>
			<Object Type="keyword">
			<Param Name="value">ارزش در معرض ریسک شرطی</Param>
			</Object>
			<Object Type="keyword">
			<Param Name="value">بازده مازاد موردانتظار</Param>
			</Object>
			<Object Type="keyword">
			<Param Name="value">ریسک دنبالۀ چپ</Param>
			</Object>
		</ObjectList>
<ArchiveCopySource DocType="pdf">http://amf.ui.ac.ir/article_24425_0e3cea84c5052d97d80a08baecd2290c.pdf</ArchiveCopySource>
</Article>

<Article>
<Journal>
				<PublisherName>دانشگاه اصفهان</PublisherName>
				<JournalTitle>مدیریت دارایی و تأمین مالی</JournalTitle>
				<Issn>2383-1170</Issn>
				<Volume>8</Volume>
				<Issue>2</Issue>
				<PubDate PubStatus="epublish">
					<Year>2020</Year>
					<Month>06</Month>
					<Day>21</Day>
				</PubDate>
			</Journal>
<ArticleTitle>A Comparison between the Pricing of Capped and Power Options on the Basis of Arbitrage Prevention: Evidence from a Stochastic Market with Double Stochastic Volatility, Double Jump, and a Stochastic Intensity Measure</ArticleTitle>
<VernacularTitle>مقایسۀ قیمت‌گذاری اختیار معاملۀ سقف و توانی در جلوگیری از فضای آربیتراژی: شواهدی از شرایط مبتنی‌بر نوسانات تصادفی، دو پرش و اندازه شدت تصادفی</VernacularTitle>
			<FirstPage>89</FirstPage>
			<LastPage>103</LastPage>
			<ELocationID EIdType="pii">24587</ELocationID>
			
<ELocationID EIdType="doi">10.22108/amf.2020.119750.1479</ELocationID>
			
			<Language>FA</Language>
<AuthorList>
<Author>
					<FirstName>الهام</FirstName>
					<LastName>دسترنج</LastName>
<Affiliation>استادیار گروه ریاضی محض .دانشکده ریاضی.دانشگاه صنعتی شاهرود.شاهرود.ایران.</Affiliation>

</Author>
<Author>
					<FirstName>حسین</FirstName>
					<LastName>صاحبی فرد</LastName>
<Affiliation>دانشجوی دکتری. دانشکده ریاضی. دانشگاه صنعتی شاهرود. شاهرود.  ایران</Affiliation>

</Author>
<Author>
					<FirstName>عبدالمجید</FirstName>
					<LastName>عبدالباقی</LastName>
<Affiliation>استادیار گروه مدیریت، دانشکده صنایع و مدیریت ، دانشگاه صنعتی شاهرود.شاهرود.ایران</Affiliation>
<Identifier Source="ORCID">0000-0002-1403-7547</Identifier>

</Author>
<Author>
					<FirstName>رقیه</FirstName>
					<LastName>لطیفی</LastName>
<Affiliation>کارشناسی ارشد ریاضی مالی-گروه ریاضی کاربردی -دانشکده علوم ریاضی- دانشگاه صنعتی شاهرود.شاهرود . ایران</Affiliation>

</Author>
</AuthorList>
				<PublicationType>Journal Article</PublicationType>
			<History>
				<PubDate PubStatus="received">
					<Year>2019</Year>
					<Month>10</Month>
					<Day>29</Day>
				</PubDate>
			</History>
		<Abstract>&lt;strong&gt;Objective:&lt;/strong&gt; In this paper, three types of power options under special stochastic markets have been priced. In the considered market, a risky underlying asset follows a model with two stochastic volatilities, two jumps, and a stochastic intensity measure. Generally, a power option is supposed to generate more income and benefit than other options. There exist, nevertheless, some methods thwarting the opportunities and one of these methods is considering a barrier such as a cap for power option income. The aim of this study is to draw a comparison between the ability of capped and power options in generating arbitrage opportunities.
&lt;strong&gt;Method:&lt;/strong&gt; In this study capped and power options are compared in order to find probable arbitrage opportunities under the considered market. For this purpose, comparisons are made on the basis of a hypothetical condition, applying the Tehran Stock Exchange index as an underlying asset. Then, the profits of these two options extracted from the data of the Tehran Stock Exchange have been compared.
&lt;strong&gt;Results:&lt;/strong&gt; Our findings indicate that between the capped and power options, the former has a higher ability to handicap the profit of arbitrage opportunities.</Abstract>
			<OtherAbstract Language="FA">&lt;strong&gt;اهداف:&lt;/strong&gt; در این مقاله سه نوع اختیار معاملۀ توانی مبتنی‌بر بازارهای تصادفی قیمت‌گذاری شده‌اند که در آنها قیمت دارایی پایۀ ریسکی از مدلی با دو تلاطم تصادفی، دو پرش و اندازه شدت تصادفی پیروی می‌کند. اختیار معاملۀ توانی در مقایسه با سایر اختیار معامله‌ها نرخ بازده بیشتری دارد و این بازده، ممکن است فرصت آربیتراژ در بازار ایجاد کند؛ ولی به شیوه‌های مختلفی از ایجاد این فرصت در بازار پیشگیری می‌شود. ازجملۀ این راهها به‌کارگیری سقفی برای بازده اختیار معاملۀ توانی است که در این مطالعه با به‌کارگیری این شیوه بر کنترل سود اختیار معاملۀ توانی سعی شده است. هدف پژوهش حاضر، مقایسۀ بین اختیار توان استاندارد و اختیار سقف، برای بررسی ایجاد فرصت آربیتراژ در بازاری مبتنی‌بر مدل پیشنهادی است.
&lt;strong&gt;روش: &lt;/strong&gt;ابتدا مقایسه با شرایطی فرضی انجام شده است؛ سپس از شاخص کل در جایگاه دارایی پایه و از اطلاعات ده‌سالۀ شاخص بورس (از سال 1388 تا 1397) استفاده و سود این دو نوع اختیار در بورس اوراق بهادار، مقایسه شده است.
&lt;strong&gt;نتایج:&lt;/strong&gt; نتایج مقایسۀ سود اختیار توانی استاندارد و سقف در بورس اوراق بهادار، نشان می‌دهد اختیار سقف، توانایی کنترل سود و جلوگیری از ایجاد فضای آربیتراژی را دارد.</OtherAbstract>
		<ObjectList>
			<Object Type="keyword">
			<Param Name="value">اختیار معاملۀ توانی</Param>
			</Object>
			<Object Type="keyword">
			<Param Name="value">اختیار معاملۀ سقف</Param>
			</Object>
			<Object Type="keyword">
			<Param Name="value">تبدیل فوریۀ سریع</Param>
			</Object>
			<Object Type="keyword">
			<Param Name="value">تلاطم تصادفی</Param>
			</Object>
			<Object Type="keyword">
			<Param Name="value">اندازه شدت تصادفی</Param>
			</Object>
		</ObjectList>
<ArchiveCopySource DocType="pdf">http://amf.ui.ac.ir/article_24587_f1ccf707a0ba44a86940d3588cef9fb4.pdf</ArchiveCopySource>
</Article>
</ArticleSet>
