<?xml version="1.0" encoding="UTF-8"?>
<!DOCTYPE ArticleSet PUBLIC "-//NLM//DTD PubMed 2.7//EN" "https://dtd.nlm.nih.gov/ncbi/pubmed/in/PubMed.dtd">
<ArticleSet>
<Article>
<Journal>
				<PublisherName>دانشگاه اصفهان</PublisherName>
				<JournalTitle>مدیریت دارایی و تأمین مالی</JournalTitle>
				<Issn>2383-1170</Issn>
				<Volume>1</Volume>
				<Issue>1</Issue>
				<PubDate PubStatus="epublish">
					<Year>2013</Year>
					<Month>08</Month>
					<Day>23</Day>
				</PubDate>
			</Journal>
<ArticleTitle>Investigation of impact of after-market liquidity on IPO price in Tehran Stock Exchange</ArticleTitle>
<VernacularTitle>بررسی اثر نقدشوندگی بازار ثانویه بر قیمت عرضه اولیه بورس اوراق بهادار تهران</VernacularTitle>
			<FirstPage>63</FirstPage>
			<LastPage>74</LastPage>
			<ELocationID EIdType="pii">19822</ELocationID>
			
			
			<Language>FA</Language>
<AuthorList>
<Author>
					<FirstName>لیلا</FirstName>
					<LastName>باطنی</LastName>
<Affiliation>دانشگاه آزاد اسلامی،واحد علوم و تحقیقات</Affiliation>

</Author>
<Author>
					<FirstName>زهرا</FirstName>
					<LastName>پورزمانی</LastName>
<Affiliation>دانشگاه آزاد اسلامی،واحد تهران شمال</Affiliation>

</Author>
<Author>
					<FirstName>فریدون</FirstName>
					<LastName>رهنمای رودپشتی</LastName>
<Affiliation>دانشگاه آزاد اسلامی</Affiliation>

</Author>
</AuthorList>
				<PublicationType>Journal Article</PublicationType>
			<History>
				<PubDate PubStatus="received">
					<Year>2016</Year>
					<Month>06</Month>
					<Day>14</Day>
				</PubDate>
			</History>
		<Abstract>Our study investigates the relationship between after-market liquidity and initial public offering (IPO) price. We also examine effects of other factors such as: firm size, belonging to the high-risk industry, IPO size, reputation of the underwriter and firm age on IPO price. The sample consists of all IPOs issued in Iran stock exchange during 2006-2012.the actual data cover the period from sep2006 to march2012.our findings indicate that IPO price is positively related to after-market liquidity and there is no relationship between IPO price and other factors such as: firm size, belonging to the high-risk industry, IPO size, reputation of the underwriter and firm age.</Abstract>
			<OtherAbstract Language="FA">باتوجه به روندافزایش فعالیت بازارسرمایه ایران،اهمیت بررسی نحوه قیمت گذاری شرکتها دربدوورودبه بورس اوراق بهادار ازکسی پوشیده نیست.ازطرفی دیگر نقد شوندگی به مثابه شریان حیاتی بازارهای مالی به شمارمی آید،لذا تحقیق حاضر سعی داردبا توجه به نقش نقدشوندگی در کشف قیمت دارائیها،توزیع ریسک مالی و کاهش هزینه مبادلات به بررسی تاثیراین شاخص بر قیمت گذاری سهام عرضه اولیه بپردازد.همچنین تاثیر عوامل دیگری را همچون اندازه شرکت،متعلق بودن شرکت به صنایع پرریسک،اندازه عرضه اولیه،شهرت پذیره نویس و عمر شرکت را بر تعیین قیمت عرضه اولیه بسنجد. در این راستاشش فرضیه مطرح شد.به منظور بررسی نرمال بودن توزیع داده ها از آزمون کولوگروف-اسمیرنوف استفاده شد.سپس با استفاده از روش همبستگی و رگرسیون چندگانه به بررسی رابطه بین متغیرها پرداخته شد. پس از تحلیل نتایج،یافته های تحقیق نشان می دهد که نقدشوندگی بازار ثانویه در تعیین قیمت عرضه اولیه موثر است ونتیجه دیگر اینکه متغیر های مرتبط با قیمت گذاری عرضه اولیه، عمرشرکت،اندازه عرضه اولیه ،اندازه شرکت،متعلق بودن به صنایع پرریسک و شهرت موسسه پذیره نویس تاثیری در تعیین قیمت عرضه اولیه نداشت.</OtherAbstract>
		<ObjectList>
			<Object Type="keyword">
			<Param Name="value">عرضه عمومی اولیه</Param>
			</Object>
			<Object Type="keyword">
			<Param Name="value">نقدشونگی بازار</Param>
			</Object>
		</ObjectList>
<ArchiveCopySource DocType="pdf">http://amf.ui.ac.ir/article_19822_fa27028cee18337f5625e1df1fc06dfa.pdf</ArchiveCopySource>
</Article>
</ArticleSet>
