<?xml version="1.0" encoding="UTF-8"?>
<!DOCTYPE ArticleSet PUBLIC "-//NLM//DTD PubMed 2.7//EN" "https://dtd.nlm.nih.gov/ncbi/pubmed/in/PubMed.dtd">
<ArticleSet>
<Article>
<Journal>
				<PublisherName>دانشگاه اصفهان</PublisherName>
				<JournalTitle>مدیریت دارایی و تأمین مالی</JournalTitle>
				<Issn>2383-1170</Issn>
				<Volume>8</Volume>
				<Issue>2</Issue>
				<PubDate PubStatus="epublish">
					<Year>2020</Year>
					<Month>06</Month>
					<Day>21</Day>
				</PubDate>
			</Journal>
<ArticleTitle>The impact of working capital management on Listed companies profitability in business cycles based on the output gap</ArticleTitle>
<VernacularTitle>تاثیر مدیریت سرمایه در گردش بر قابلیت سودآوری شرکت‌های پذیرفته شده در بورس اوراق بهادار تهران در چرخه‌های تجاری مبتنی بر شکاف تولید</VernacularTitle>
			<FirstPage>31</FirstPage>
			<LastPage>48</LastPage>
			<ELocationID EIdType="pii">21421</ELocationID>
			
<ELocationID EIdType="doi">10.22108/amf.2017.21421</ELocationID>
			
			<Language>FA</Language>
<AuthorList>
<Author>
					<FirstName>سمیه</FirstName>
					<LastName>اسکندرنژاد</LastName>
<Affiliation>کارشناسی ارشد گروه حسابداری، واحد تبریز، دانشگاه آزاد اسلامی، تبریز، ایران</Affiliation>

</Author>
<Author>
					<FirstName>رسول</FirstName>
					<LastName>برادران حسن زاده</LastName>
<Affiliation>دانشیار، گروه آموزشی حسابداری، واحد تبریز، دانشگاه آزاد اسلامی، تبریز، ایران</Affiliation>

</Author>
<Author>
					<FirstName>حسن</FirstName>
					<LastName>طاهری</LastName>
<Affiliation>مربی گروه آموزشی اقتصاد، واحد تبریز، دانشگاه آزاد اسلامی، تبریز، ایران</Affiliation>

</Author>
</AuthorList>
				<PublicationType>Journal Article</PublicationType>
			<History>
				<PubDate PubStatus="received">
					<Year>2016</Year>
					<Month>05</Month>
					<Day>17</Day>
				</PubDate>
			</History>
		<Abstract>&lt;strong&gt;Objective: &lt;/strong&gt;This study aims to determine the impact of working capital management on profitability in business cycles based on the output gap in companies listed inTehran stock Exchange. In this study, the combination of panel data is used.
&lt;strong&gt;Method: &lt;/strong&gt;For evaluating hypotheses, Factors such as Return on total Assets (ROA), Return of owner’s Equity (ROE), Return Operating profit (OP) Were applied to evaluate corporate profitability. Moreover factors such as cash conversion cycle (ccc), Inventory Turnover In Day (ITID), Average collection period (ACP), Average payment period (APP), were utilized as criteria for evaluating working capital management. The business cycle has used been to evaluate output gap In this study, 85 companies during the period 2005 to 2014 is considered as the sample.
&lt;strong&gt;Results: &lt;/strong&gt;The results show that the cash conversion cycle and accounts receivable collection period in boom period has a significant and negative impact on operating profit.</Abstract>
			<OtherAbstract Language="FA">&lt;strong&gt;هدف: &lt;/strong&gt;شرایط اقتصادی می‌تواند آثارمتفاوتی بر سرمایه در گردش شرکت‌ها داشته و سودآوری آنها را تحت تاثیر قرار دهد. در شرایط رکود اقتصادی انتظار می‌رود میزان رشد فروش، حاشیه سود شرکت‌ها و سرمایه گذاری شرکت‌ها کاهش یابد و در رونق اقتصادی انتظار می‌رود عکس این موضوع رخ دهد. پژوهش حاضر با هدف تعیین چگونگی تاثیر مدیریت سرمایه در گردش بر قابلیت سودآوری شرکت‌ها در چرخه‌های تجاری مبتنی بر شکاف تولید انجام شده است.
&lt;strong&gt;روش: &lt;/strong&gt;در این پژوهش ارزیابی مدیریت سرمایه در گردش از دوره تبدیل وجه نقد، دوره وصول مطالبات، دوره پرداخت بدهی و دوره گردش موجودی کالاو سنجش قابلیت سودآوری از بازده دارایی‌ها، بازده حقوق صاحبان سهام و بازده سود عملیاتی 85 شرکت در طول دوره 1393 – 1384 از الگوی پانل با داده‌های ترکیبی و همچنین جهت ارزیابی چرخه‌های تجاری از شکاف تولید استفاده شده است.
&lt;strong&gt;نتایج: &lt;/strong&gt;نتایج علاوه ‌بروجود تاثیر معنی‌دار منفی بین اجزای مدیریت سرمایه در گردش و سودآوری در شرکت‌های ایرانی نشان می‌دهد که در دوره رونق اقتصادی نسبت به رکود، اجزای مدیریت سرمایه در گردش تاثیر بیشتری بر بازده دارایی‌ها دارد.</OtherAbstract>
		<ObjectList>
			<Object Type="keyword">
			<Param Name="value">مدیریت سرمایه در گردش</Param>
			</Object>
			<Object Type="keyword">
			<Param Name="value">سودآوری</Param>
			</Object>
			<Object Type="keyword">
			<Param Name="value">چرخه‌های تجاری</Param>
			</Object>
		</ObjectList>
<ArchiveCopySource DocType="pdf">http://amf.ui.ac.ir/article_21421_aa06880857925060b60060bf0893381d.pdf</ArchiveCopySource>
</Article>
</ArticleSet>
