<?xml version="1.0" encoding="UTF-8"?>
<!DOCTYPE ArticleSet PUBLIC "-//NLM//DTD PubMed 2.7//EN" "https://dtd.nlm.nih.gov/ncbi/pubmed/in/PubMed.dtd">
<ArticleSet>
<Article>
<Journal>
				<PublisherName>دانشگاه اصفهان</PublisherName>
				<JournalTitle>مدیریت دارایی و تأمین مالی</JournalTitle>
				<Issn>2383-1170</Issn>
				<Volume>6</Volume>
				<Issue>3</Issue>
				<PubDate PubStatus="epublish">
					<Year>2018</Year>
					<Month>09</Month>
					<Day>23</Day>
				</PubDate>
			</Journal>
<ArticleTitle>Performance Evaluation of Iranian OTC&#039;s Companies by Using Stochastic Dominance Criteria and Optimizing with PSO and ANN Hybrid Model</ArticleTitle>
<VernacularTitle>ارزیابی عملکرد شرکت‌های فرابورس ایران با استفاده از معیار تسلط تصادفی و بهینه‌سازی آن با الگوی ترکیبی PSO و ANN</VernacularTitle>
			<FirstPage>15</FirstPage>
			<LastPage>36</LastPage>
			<ELocationID EIdType="pii">22816</ELocationID>
			
<ELocationID EIdType="doi">10.22108/amf.2018.91647.0</ELocationID>
			
			<Language>FA</Language>
<AuthorList>
<Author>
					<FirstName>سجاد</FirstName>
					<LastName>جمشیدی</LastName>
<Affiliation>استادیار، گروه اقتصاد، دانشکدۀ مدیریت و اقتصاد، دانشگاه سیستان و بلوچستان، ایران</Affiliation>

</Author>
<Author>
					<FirstName>غلامرضا</FirstName>
					<LastName>زمانیان</LastName>
<Affiliation>کارشناس‌ارشد مدیریت بازرگانی ـ مدیریت مالی، گروه اقتصاد، دانشکدۀ مدیریت و اقتصاد، دانشگاه سیستان و بلوچستان، ایران</Affiliation>

</Author>
</AuthorList>
				<PublicationType>Journal Article</PublicationType>
			<History>
				<PubDate PubStatus="received">
					<Year>2016</Year>
					<Month>06</Month>
					<Day>24</Day>
				</PubDate>
			</History>
		<Abstract>The goal of the current study is performance evaluation of Iranian OTCs companies by using stochastic dominance and optimizing them by employing Artificial Neural Network and Particle Swarm Optimization hybrid model .To fulfill this objective, we used daily and weekly return of under investigation 36 companies of OTC During the period beginningfrom March 21, 2014 until March 20, 2015 in which the application of stochas tic dominance criteria for nonparametric orientation and proven performance of the hybrid model is particular interest. The research results indicated the first-order, second-order, and third-order dominances in the study companies. The portfolios were based on the shares of companies ranked with respect to the stochastic dominance criterion. Considering the minimum and maximum numbers of shares to be 2 and 10 for each portfolio, an eight-share portfolio was selected as the optimal portfolio with the combination of the activation function TPT. Compared with the index of Iran OTC during the research period, the selected portfolio indicated a significantly higher performance.</Abstract>
			<OtherAbstract Language="FA">هدف پژوهش حاضر، ارزیابی عملکرد شرکت‌های فرابورس ایران با استفاده از معیار تسلط تصادفی و بهینه‌سازی آنها با استفاده از الگوی هیبریدی شبکۀ عصبی مصنوعی و بهینه‌سازی تجمیع ذرات است. برای رسیدن به این هدف، از بازده هفتگی و روزانۀ 36 شرکت از ابتدای فروردین تا پایان اسفند 1393 استفاده شده است که کاربرد همزمان معیار تسلط تصادفی به‌دلیل جهت‌گیری‌های ناپارامتریک و کارآیی اثبات‌شدۀ الگوی هیبریدی موردنظر، جذابیت خاصی دارد. نتایج پژوهش نشان می‌دهد تسلط مرتبه‌های اول، دوم و سوم میان شرکت‌های بررسی‌شده وجود دارد که بین سبد‌های تشکیل‌یافته از سهام شرکت‌های رتبه‌بندی‌شده براساس تسلط تصادفی، با قید محدودیت حداقل دو و حداکثر ده سهم برای سبد، درنهایت سبد 8 سهمی با ترکیب تابع فعال‌سازی TPT، سبد بهینه انتخاب شد که در مقایسه با شاخص بازار فرابورس ایران طی دورۀ بررسی‌شده، عملکردی به مراتب بهتر از خود نشان داده است.</OtherAbstract>
		<ObjectList>
			<Object Type="keyword">
			<Param Name="value">ارزیابی عملکرد</Param>
			</Object>
			<Object Type="keyword">
			<Param Name="value">فرابورس</Param>
			</Object>
			<Object Type="keyword">
			<Param Name="value">تسلط تصادفی</Param>
			</Object>
			<Object Type="keyword">
			<Param Name="value">شبکۀ عصبی مصنوعی</Param>
			</Object>
			<Object Type="keyword">
			<Param Name="value">بهینه‌سازی تجمیع ذرات</Param>
			</Object>
		</ObjectList>
<ArchiveCopySource DocType="pdf">http://amf.ui.ac.ir/article_22816_b2072f68c1649e5ebbc63585bd816af1.pdf</ArchiveCopySource>
</Article>
</ArticleSet>
