<?xml version="1.0" encoding="UTF-8"?>
<!DOCTYPE ArticleSet PUBLIC "-//NLM//DTD PubMed 2.7//EN" "https://dtd.nlm.nih.gov/ncbi/pubmed/in/PubMed.dtd">
<ArticleSet>
<Article>
<Journal>
				<PublisherName>دانشگاه اصفهان</PublisherName>
				<JournalTitle>مدیریت دارایی و تأمین مالی</JournalTitle>
				<Issn>2383-1170</Issn>
				<Volume>6</Volume>
				<Issue>3</Issue>
				<PubDate PubStatus="epublish">
					<Year>2018</Year>
					<Month>09</Month>
					<Day>23</Day>
				</PubDate>
			</Journal>
<ArticleTitle>The Effect of Corporate Governance and Audit Quality on Bank Loan Financing in Private Companies</ArticleTitle>
<VernacularTitle>بررسی اثر حاکمیت شرکتی و کیفیت حسابرسی بر تأمین مالی ازطریق وام بانکی در شرکت‌های خصوصی</VernacularTitle>
			<FirstPage>133</FirstPage>
			<LastPage>146</LastPage>
			<ELocationID EIdType="pii">23283</ELocationID>
			
<ELocationID EIdType="doi">10.22108/amf.2019.101253.1021</ELocationID>
			
			<Language>FA</Language>
<AuthorList>
<Author>
					<FirstName>زهرا</FirstName>
					<LastName>زمانی</LastName>
<Affiliation>استادیار، گروه اقتصاد، دانشکدۀ علوم اداری و اقتصاد، دانشگاه شهید اشرفی اصفهانی، اصفهان، ایران</Affiliation>

</Author>
<Author>
					<FirstName>زهرا</FirstName>
					<LastName>سهرابی</LastName>
<Affiliation>دانشجوی کارشناس‌‌ارشد، گروه مدیریت، دانشکدۀ علوم اداری و اقتصاد، دانشگاه شهید اشرفی اصفهانی، اصفهان، ایران</Affiliation>

</Author>
</AuthorList>
				<PublicationType>Journal Article</PublicationType>
			<History>
				<PubDate PubStatus="received">
					<Year>2017</Year>
					<Month>01</Month>
					<Day>03</Day>
				</PubDate>
			</History>
		<Abstract>The present study aimed to examine the effect of corporate governance and audit quality on bank loan financing in companies in the industries such as production, mining, commerce, and transportation. There are many financing methods. In Iran, financing is mostly provided through approved credit by banks. However, the share of banks and other financial institutions in the corporate governance is not large at all. Banks and other financial institutions usually focus on the quality of financial reporting and control practices applied within a company. Hence may have a direct relationship between financing through bank loans and corporate governance and the quality of auditing companies.The study population included a sample of 15 companies in the industries, including production, mining, commerce, and transportation, over an 11-year period 2004-2015. A multivariate regression model was used to test the hypotheses. The study results indicated that the corporate governance produces a positive and significant effect on bank loan financing, while audit quality produces none.</Abstract>
			<OtherAbstract Language="FA">پژوهش حاضر تأثیر حاکمیت شرکتی و کیفیت حسابرسی را بر تأمین مالی ازطریق وام بانکی در شرکت‌های فعال در حوزۀ صنعت، معدن، بازرگانی و حمل‌ونقل بررسی می‌کند. برای تأمین منابع مالی راه‌های زیادی وجود دارد. این کار در ایران بیشتر با دریافت اعتبار از بانک‌ها صورت می‌گیرد؛ با وجود این، سهم بانک‌ها و سایر مؤسسه‌های مالی در حاکمیت شرکتی شرکت‌ها بسیار پایین است. بانک‌ها و سایر مؤسسه‌های مالی به کیفیت گزارشگری مالی و شیوه‌های کنترلی اعمال‌شده درون شرکت توجه می‌کنند؛ ازاین‌رو ممکن است رابطۀ مستقیم بین تأمین مالی ازطریق وام بانکی و حاکمیت شرکتی و کیفیت حسابرسی شرکت‌ها وجود داشته باشد. جامعۀ آماری این پژوهش شامل نمونه‌ای از 15 شرکت فعال در حوزۀ صنعت، معدن، بازرگانی و حمل‌ونقل برای دورۀ 11‌ساله از سال 1383 تا 1393 به‎‌صورت تابلویی است. برای آزمون فرضیه‌ها از الگوی رگرسیونی چندمتغیره استفاده شده است. نتایج نشان می‌دهد وجود حاکمیت شرکتی، تأثیر مثبت و معناداری بر تأمین مالی ازطریق وام بانکی دارد؛ در حالی ‌که کیفیت حسابرسی این تأثیر را ندارد.</OtherAbstract>
		<ObjectList>
			<Object Type="keyword">
			<Param Name="value">حاکمیت شرکتی</Param>
			</Object>
			<Object Type="keyword">
			<Param Name="value">کیفیت حسابرسی</Param>
			</Object>
			<Object Type="keyword">
			<Param Name="value">تأمین مالی</Param>
			</Object>
			<Object Type="keyword">
			<Param Name="value">تعداد اعضای هیئت‌مدیره</Param>
			</Object>
			<Object Type="keyword">
			<Param Name="value">بازده دارایی</Param>
			</Object>
		</ObjectList>
<ArchiveCopySource DocType="pdf">http://amf.ui.ac.ir/article_23283_d8605cdd63c0a0d6b4088b2c05b72f3f.pdf</ArchiveCopySource>
</Article>
</ArticleSet>
