<?xml version="1.0" encoding="UTF-8"?>
<!DOCTYPE ArticleSet PUBLIC "-//NLM//DTD PubMed 2.7//EN" "https://dtd.nlm.nih.gov/ncbi/pubmed/in/PubMed.dtd">
<ArticleSet>
<Article>
<Journal>
				<PublisherName>دانشگاه اصفهان</PublisherName>
				<JournalTitle>مدیریت دارایی و تأمین مالی</JournalTitle>
				<Issn>2383-1170</Issn>
				<Volume>1</Volume>
				<Issue>1</Issue>
				<PubDate PubStatus="epublish">
					<Year>2013</Year>
					<Month>08</Month>
					<Day>23</Day>
				</PubDate>
			</Journal>
<ArticleTitle>Comparison of the behavior of International optimized portfolios based on Constant and Dynamic Conditional Correlation approaches</ArticleTitle>
<VernacularTitle>مقایسه رفتار سبد دارایی های بین المللی بهینه شده براساس مدل های مبتنی بر روش های همبستگی ثابت و شرطی پویا</VernacularTitle>
			<FirstPage>75</FirstPage>
			<LastPage>92</LastPage>
			<ELocationID EIdType="pii">19826</ELocationID>
			
			
			<Language>FA</Language>
<AuthorList>
<Author>
					<FirstName>میرسعید</FirstName>
					<LastName>محمدی</LastName>
<Affiliation>دانشگاه ارومیه</Affiliation>

</Author>
<Author>
					<FirstName>حمزه</FirstName>
					<LastName>دیدار</LastName>
<Affiliation>دانشگاه ارومیه</Affiliation>

</Author>
<Author>
					<FirstName>غلامرضا</FirstName>
					<LastName>منصورفر</LastName>
<Affiliation>دانشگاه ارومیه</Affiliation>

</Author>
</AuthorList>
				<PublicationType>Journal Article</PublicationType>
			<History>
				<PubDate PubStatus="received">
					<Year>2016</Year>
					<Month>06</Month>
					<Day>14</Day>
				</PubDate>
			</History>
		<Abstract>Abstract &lt;br /&gt;The issue of the optimal portfolio selection has always been one of the essential concerns of the investors. One of the famous models for this purpose is the Mean-Variance model of Markowitz. While Markowitz used the static correlation in his model, the recent studies have shown the dynamics of correlation between the variables over time. Therefore, this research investigates the consistency of the correlation matrices of return among the selected financial markets. In addition, developing the Markowitz Òs Mean-Variance model and using the Multiple Fitness Functions Genetic Algorithm tries to compare the behavior of the optimum portfolios based on two models of âDynamic Conditional Correlationâ and âStatic Correlationâ. Hence, market price index of three groups of the Middle Eastern developing, South East Emerging and some of the developing countries have been collected. The findings confirm the inequality of the correlation matrices of return during the period of study and also show that there is a significant difference between the behavior of international optimum portfolios based on the static and dynamic models.</Abstract>
			<OtherAbstract Language="FA">مساله انتخاب سبد دارایی بهینه همواره یکی از دغدغه های ذهنی سرمایه گذاران بوده است. درحالیکه مارکویتز از همبستگی ثابت در مدل خود بهره می برد، مطالعات اخیر از ثابت نبودن همبستگی بین متغیرها در طول زمان حکایت دارند. برهمین اساس، تحقیق حاضر ابتدا در پی بررسی همسانی ماتریس های همبستگی بین بازدهی بازار مالی کشورهای نوظهور جنوب شرق آسیا، کشورهای در حال توسعه منطقه خاورمیانه و کشورهای توسعه یافته بوده و سپس با توسعه مدل مارکویتز سعی در مقایسه رفتار سبد دارایی های بهینه شده ی مبتنی بر دو مدل &quot;همبستگی پویا&quot; و &quot;همبستگی ایستا&quot; توسط الگوریتم توابع برازش چندگانه ژنتیکی را دارد. یافته های تحقیق حاضر حکایت از نابرابر بودن ماتریس های همبستگی بازدهی در طول دوره مطالعه دارد. همچنین رفتار سبد دارایی های بین المللی بهینه شده مبتنی بر مدل پویا و مدل ایستا تفاوت معنی داری با هم دارد. این درحالی است که در هر سه گروه از کشورهای مورد مطالعه، مدل پویا سطوح بازده بالاتری را ارائه داده و بازده گسترده تری از ریسک را برای سرمایه گذار پیشنهاد می دهد.</OtherAbstract>
		<ObjectList>
			<Object Type="keyword">
			<Param Name="value">بهینه سازی سبد دارایی</Param>
			</Object>
			<Object Type="keyword">
			<Param Name="value">الگوریتم توابع برازش چندگانه ژنتیکی( MFFGA)</Param>
			</Object>
			<Object Type="keyword">
			<Param Name="value">همبستگی شرطی پویا(DCC)</Param>
			</Object>
			<Object Type="keyword">
			<Param Name="value">رفتار سبد دارایی</Param>
			</Object>
		</ObjectList>
<ArchiveCopySource DocType="pdf">http://amf.ui.ac.ir/article_19826_5f9a8618dc3a643eff65912c48792422.pdf</ArchiveCopySource>
</Article>
</ArticleSet>
