<?xml version="1.0" encoding="UTF-8"?>
<!DOCTYPE ArticleSet PUBLIC "-//NLM//DTD PubMed 2.7//EN" "https://dtd.nlm.nih.gov/ncbi/pubmed/in/PubMed.dtd">
<ArticleSet>
<Article>
<Journal>
				<PublisherName>دانشگاه اصفهان</PublisherName>
				<JournalTitle>مدیریت دارایی و تأمین مالی</JournalTitle>
				<Issn>2383-1170</Issn>
				<Volume>1</Volume>
				<Issue>3</Issue>
				<PubDate PubStatus="epublish">
					<Year>2014</Year>
					<Month>02</Month>
					<Day>20</Day>
				</PubDate>
			</Journal>
<ArticleTitle>The impact Stock market misvaluation on firmâs investment decisions</ArticleTitle>
<VernacularTitle>تاثیر ارزشیابی نادرست بر تصیمات سرمایه گذاری شرکت های پذیرفته شده در بورس اوراق بهادار تهران</VernacularTitle>
			<FirstPage>81</FirstPage>
			<LastPage>98</LastPage>
			<ELocationID EIdType="pii">19862</ELocationID>
			
			
			<Language>FA</Language>
<AuthorList>
<Author>
					<FirstName>مهدی</FirstName>
					<LastName>بشیری جویباری</LastName>
<Affiliation>داشگاه علوم اقتصادی</Affiliation>

</Author>
<Author>
					<FirstName>کامران</FirstName>
					<LastName>پاکیزه</LastName>
<Affiliation>داشگاه علوم اقتصادی</Affiliation>

</Author>
</AuthorList>
				<PublicationType>Journal Article</PublicationType>
			<History>
				<PubDate PubStatus="received">
					<Year>2016</Year>
					<Month>06</Month>
					<Day>14</Day>
				</PubDate>
			</History>
		<Abstract>The purpose of this research is to examine the effect of stock market misvaluation on firmâs investment decisions. stock market misvaluation is a condition in which the value of stock in the capital market different from its fundamental value. Statistical community of this research includes all Tehran Stock Exchange accepted companies and Statistical sample includes of 100 Tehran Stock Exchange manufacturing firms from 1381-1390. panel data for these firms are analyzed using GLS regression model with fixed effects. &lt;br /&gt;The results in the research show that the nonfundamental element of stock value has positive impact and significant to firms investment. Moreover, This result indicates that the value of the stock market in Tehran Stock Exchange provide information for managers relating to the firmâs investment decisions. High stock price can be considered by managers as a sign that investors have positive perception to the firm&#039;s investment decision.</Abstract>
			<OtherAbstract Language="FA">هدف این تحقیق بررسی تاثیر ارزشیابی نادرست شرکت ها در بازار سرمایه بر روی سرمایه گذاری شرکت ها است. ارزشیابی نادرست به شرایطی اطلاق می شود که در آن قیمت سهام شرکت ها متفاوت از ارزش ذاتی آن می گردد. جامعه آماری تحقیق را کلیه شرکت های پذیرفته شده در بورس اوراق بهادار تهران و نمونه آماری شامل ۱۰۰ شرکت تولیدی برای دوره زمانی۱۳۸۱ الی ۱۳۹۰ می باشد. داده های پانل این تحقیق بر اساس روش رگرسیونی حداقل مربعات تعمیم یافته(GLS) با اثرات ثابت مورد تجزیه و تحلیل قرار گرفته است.&lt;br /&gt; نتایج تحقیق نشان می دهد که عامل غیر بنیادی قیمت سهام شرکت ها در بازار سرمایه تاثیری مثبت و معناداری بر روی میزان سرمایه گذاری شرکت ها دارد. این نتیجه نشان می دهد که ارزش بازار سهام شرکت ها در بازار سرمایه تهران، اطلاعاتی را برای مدیران شرکت ها در ارتباط با تصمیمات سرمایه گذاری فراهم می کند. مدیران، قیمت های بالاتر سهام شرکت ها را به عنوان علامت هایی از انتظارات مثبت سرمایه گذاران شرکت ها نسبت به تصمیمات سرمایه گذاری در نظر می گیرند.</OtherAbstract>
		<ObjectList>
			<Object Type="keyword">
			<Param Name="value">ارزشیابی نادرست</Param>
			</Object>
			<Object Type="keyword">
			<Param Name="value">سرمایه گذاری شرکت ها</Param>
			</Object>
			<Object Type="keyword">
			<Param Name="value">کیو توبین</Param>
			</Object>
			<Object Type="keyword">
			<Param Name="value">تئوری پذیرایی</Param>
			</Object>
			<Object Type="keyword">
			<Param Name="value">ارزش ذاتی شرکت ها</Param>
			</Object>
		</ObjectList>
<ArchiveCopySource DocType="pdf">http://amf.ui.ac.ir/article_19862_668fbf51e929913125a24ba092732b0a.pdf</ArchiveCopySource>
</Article>
</ArticleSet>
