<?xml version="1.0" encoding="UTF-8"?>
<!DOCTYPE ArticleSet PUBLIC "-//NLM//DTD PubMed 2.7//EN" "https://dtd.nlm.nih.gov/ncbi/pubmed/in/PubMed.dtd">
<ArticleSet>
<Article>
<Journal>
				<PublisherName>دانشگاه اصفهان</PublisherName>
				<JournalTitle>مدیریت دارایی و تأمین مالی</JournalTitle>
				<Issn>2383-1170</Issn>
				<Volume>1</Volume>
				<Issue>3</Issue>
				<PubDate PubStatus="epublish">
					<Year>2014</Year>
					<Month>02</Month>
					<Day>20</Day>
				</PubDate>
			</Journal>
<ArticleTitle>Investigating the Market Reaction to Inclusion or Exclusion of Top 50 Index List in Tehran Stock Exchange</ArticleTitle>
<VernacularTitle>بررسی واکنش بازار نسبت به ورود به یا خروج از فهرست شاخص پنجاه شرکت فعالتر در بورس اوراق بهادار تهران</VernacularTitle>
			<FirstPage>33</FirstPage>
			<LastPage>48</LastPage>
			<ELocationID EIdType="pii">19855</ELocationID>
			
			
			<Language>FA</Language>
<AuthorList>
<Author>
					<FirstName>محمدحسین</FirstName>
					<LastName>قائمی</LastName>
<Affiliation>دانشگاه بین المللی امام خمینی(ره)</Affiliation>

</Author>
<Author>
					<FirstName>سمانه</FirstName>
					<LastName>فرجی ملایی</LastName>
<Affiliation>دانشگاه بین المللی امام خمینی(ره)</Affiliation>

</Author>
<Author>
					<FirstName>آیدین</FirstName>
					<LastName>کیانی</LastName>
<Affiliation>دانشگاه بین المللی امام خمینی(ره)</Affiliation>

</Author>
</AuthorList>
				<PublicationType>Journal Article</PublicationType>
			<History>
				<PubDate PubStatus="received">
					<Year>2016</Year>
					<Month>06</Month>
					<Day>14</Day>
				</PubDate>
			</History>
		<Abstract>The purpose of this research is to investigate the impacts of changes (inclusions and exclusions) of top 50 index list on price and trading volume in Tehran Stock Exchange. Most of investors trace market movements by using indices. Therefore, market indices should show transparent picture of capital market trend, in a way that facilitates past and present trends and decision making for future. By using the event study methodology and analyzing data of 165 firm-year within period of first quarter of year 1382 to first quarter of year 1391,results indicate that market do not show significant price reaction to changes in top 50 index list. But results of analyzing abnormal stock trading volume and bid-ask spread difference show stockholders liquidity reaction to inclusions and exclusions. Robustness checks has performed for comparison between systematic risk and idiosyncratic risk, before and after announcement day. Results show that systematic risk has not changed in both sections of inclusions and exclusions before and after announcement. In other words, announcement of inclusions and exclusions do not have effect on systematic risk. About idiosyncratic risk, there is no significant difference between before and after announcement in inclusion situation, but in exclusion situation, idiosyncratic risk before announcement is more than systematic risk after announcement. Also exclusion news has decreased idiosyncratic risk.</Abstract>
			<OtherAbstract Language="FA">هدف این پژوهش ارزیابی میزان تاثیرگذاری رویداد جایگزینی(ورود وخروج) شرکتها به فهرست شاخص پنجاه شرکت فعالتر بر قیمت و حجم معاملات سهام آنها در بورس اوراق بهادار تهران است. اغلب سرمایه‌گذاران، حرکت و جهت بازار را به صورت دوره‌ای با استفاده از شاخصها ردیابی می کنند. به همین جهت شاخصهای بورسی باید تصویری شفاف از روند بازار سرمایه را به فعالان بازار ارائه دهند، به نحوی که امکان ارزیابی روند گذشته و حال و امکان اتخاذ تصمیم بهینه برای آینده فراهم شود. بر اساس روش‌شناسی رویداد پ‍ژوهی، نتایج تجزیه و تحلیل اطلاعات مربوط به 165 سال-شرکت در بازه زمانی سه ماهه اول سال 1382 تا پایان سه ماهه اول سال 1391 نشان می‌دهد بازار نسبت به اخبار ورود و خروج شرکتها به فهرست شاخص پنجاه شرکت فعالتر واکنش قیمتی قابل ملاحظه‌ای ندارد. اما بررسی دو معیار حجم غیرعادی معاملات سهام و اختلاف قیمت پیشنهادی خرید و فروش بیانگر واکنش سهامداران به اخبار تغییر فهرست مذکور، به صورت تغییرات در وضعیت نقدشوندگی سهام است. نتایج حاصل از مقایسه ریسک سیستماتیک و غیرسیستماتیک در پیش و پس از روز اعلان فهرست مزبور نشان می‌دهد ریسک سیستماتیک در هر دو بخش ورود و خروج در پیش و پس از روز اعلان تفاوتی ندارد. همچنین در مورد ریسک غیرسیستماتیک برای ورود به فهرست تفاوت معناداری در پیش و پس از روز اعلان مشاهده نمی شود، اما در شرایط خروج از فهرست، ریسک غیرسیستماتیک پیش از روز اعلان بیشتر از ریسک غیرسیستماتیک پس از روز اعلان است.</OtherAbstract>
		<ObjectList>
			<Object Type="keyword">
			<Param Name="value">شاخص پنجاه شرکت فعالتر</Param>
			</Object>
			<Object Type="keyword">
			<Param Name="value">پ‍ژوهش رویدادی</Param>
			</Object>
			<Object Type="keyword">
			<Param Name="value">بازده غیرعادی</Param>
			</Object>
			<Object Type="keyword">
			<Param Name="value">حجم معاملات سهام</Param>
			</Object>
			<Object Type="keyword">
			<Param Name="value">نقدشوندگی</Param>
			</Object>
		</ObjectList>
<ArchiveCopySource DocType="pdf">http://amf.ui.ac.ir/article_19855_e81cbaba1fefd37749a730d0644cd445.pdf</ArchiveCopySource>
</Article>
</ArticleSet>
