<?xml version="1.0" encoding="UTF-8"?>
<!DOCTYPE ArticleSet PUBLIC "-//NLM//DTD PubMed 2.7//EN" "https://dtd.nlm.nih.gov/ncbi/pubmed/in/PubMed.dtd">
<ArticleSet>
<Article>
<Journal>
				<PublisherName>دانشگاه اصفهان</PublisherName>
				<JournalTitle>مدیریت دارایی و تأمین مالی</JournalTitle>
				<Issn>2383-1170</Issn>
				<Volume>6</Volume>
				<Issue>3</Issue>
				<PubDate PubStatus="epublish">
					<Year>2018</Year>
					<Month>09</Month>
					<Day>23</Day>
				</PubDate>
			</Journal>
<ArticleTitle>Stress Testing as a Key Tool for Financial Assets Risk Management with Emphasis on Extreme Value Theory and Copula Functions</ArticleTitle>
<VernacularTitle>آزمون فشار به‌عنوان ابزار کلیدی مدیریت ریسک دارایی‌‌های مالی با تأکید بر نظریۀ ارزش فرین و توابع کاپیولا</VernacularTitle>
			<FirstPage>67</FirstPage>
			<LastPage>86</LastPage>
			<ELocationID EIdType="pii">23037</ELocationID>
			
<ELocationID EIdType="doi">10.22108/amf.2018.107070.1177</ELocationID>
			
			<Language>FA</Language>
<AuthorList>
<Author>
					<FirstName>علیرضا</FirstName>
					<LastName>سارنج</LastName>
<Affiliation>استادیار گروه مدیریت مالی، دانشکدۀ مدیریت و حسابداری پردیس فارابی، دانشگاه تهران، قم، ایران</Affiliation>

</Author>
<Author>
					<FirstName>مرضیه</FirstName>
					<LastName>نوراحمدی</LastName>
<Affiliation>کارشناس‌ارشد مدیریت مالی، گروه مدیریت مالی، دانشکدۀ مدیریت و حسابداری پردیس فارابی، دانشگاه تهران، قم، ایران</Affiliation>

</Author>
</AuthorList>
				<PublicationType>Journal Article</PublicationType>
			<History>
				<PubDate PubStatus="received">
					<Year>2017</Year>
					<Month>10</Month>
					<Day>15</Day>
				</PubDate>
			</History>
		<Abstract>Stress testing is a simulation technique to evaluate portfolio reactions to several critical situations. In this paper, we review different stress testing methodologies to examine impacts of different stress scenarios on an Iranian equity portfolio. We identify the extreme tails of all risk factors in our portfolio by extreme value theory and model their dynamic and nonlinear dependence structures with copula functions. We performed three stress tests such as historical, hybrid and hypothetical stress scenarios to simulate the joint evolution of risk factors over time in a realistic way. According to the empirical findings, we find that historical scenario method is not a suitable tool for stress testing due to several drawbacks and show the importance of forward-looking analysis such as hybrid and hypothetical scenarios. We also indicate that the hypothetical stress approach is superior to the other two scenarios from the perspective of stress testing.</Abstract>
			<OtherAbstract Language="FA">آزمون فشار فن شبیه‌‌سازی برای ارزیابی واکنش‌‌های سبد به موقعیت‌‌های بحرانی گوناگون است. در این مقاله، با مرور روش‌‌های مختلف آزمون‌‌های فشار، اثرات سناریوهای مختلف فشار روی سبد سهامی متشکل از سه شاخص قیمت شیمیایی، دارویی و فلزات اساسی در بورس اوراق بهادار تهران ارزیابی شده است. همچنین دنباله‌‌های فرین همۀ عوامل ریسک در سبد با استفاده از نظریۀ ارزش فرین شناسایی شده است و ساختارهای وابستگی پویا و غیرخطی بین آنها با استفاده از توابع کاپیولا الگو‌‌سازی شده است. در این پژوهش سه آزمون فشار شامل سناریوهای فشار تاریخی، هیبریدی و فرضی برای شبیه‌‌سازی روند شکل‌‌گیری مشترک عوامل ریسک در طی زمان به کار گرفته‌ شده است. نتایج پژوهش نشان می‌‌دهد سناریوهای هیبریدی و فرضی نسبت به آزمون فشار کاملاً تاریخی ترجیح دارد؛ زیرا سناریو‌‌های منعطف‌‌تری از تکرار صرف رخدادهای گذشته ایجاد می‌‌کند. به سناریوهای فرضی بیش از سناریوهای دیگر توجه شده است؛ زیرا امکان ایجاد موقعیت‌‌های فشار را با نگاه رو به آینده برای مدیر ریسک فراهم می‌کند.</OtherAbstract>
		<ObjectList>
			<Object Type="keyword">
			<Param Name="value">آزمون فشار</Param>
			</Object>
			<Object Type="keyword">
			<Param Name="value">ارزش در معرض ریسک</Param>
			</Object>
			<Object Type="keyword">
			<Param Name="value">ریزش موردانتظار</Param>
			</Object>
			<Object Type="keyword">
			<Param Name="value">نظریۀ ارزش فرین</Param>
			</Object>
			<Object Type="keyword">
			<Param Name="value">کاپیولا</Param>
			</Object>
			<Object Type="keyword">
			<Param Name="value">توزیع تجربی هموارشدۀ کرنل</Param>
			</Object>
		</ObjectList>
<ArchiveCopySource DocType="pdf">http://amf.ui.ac.ir/article_23037_433920eae88dcd476877ae2ec425fb8b.pdf</ArchiveCopySource>
</Article>
</ArticleSet>
