<?xml version="1.0" encoding="UTF-8"?>
<!DOCTYPE ArticleSet PUBLIC "-//NLM//DTD PubMed 2.7//EN" "https://dtd.nlm.nih.gov/ncbi/pubmed/in/PubMed.dtd">
<ArticleSet>
<Article>
<Journal>
				<PublisherName>دانشگاه اصفهان</PublisherName>
				<JournalTitle>مدیریت دارایی و تأمین مالی</JournalTitle>
				<Issn>2383-1170</Issn>
				<Volume>1</Volume>
				<Issue>1</Issue>
				<PubDate PubStatus="epublish">
					<Year>2013</Year>
					<Month>08</Month>
					<Day>23</Day>
				</PubDate>
			</Journal>
<ArticleTitle>The effect of ownership structure on the relationship between free cash flow and efficient use of assets</ArticleTitle>
<VernacularTitle>تاثیر ساختار مالکیتی بر ارتباط بین جریان‌های نقد آزاد و استفاده بهینه از دارایی‌ها</VernacularTitle>
			<FirstPage>93</FirstPage>
			<LastPage>108</LastPage>
			<ELocationID EIdType="pii">19824</ELocationID>
			
			
			<Language>FA</Language>
<AuthorList>
<Author>
					<FirstName>مریم</FirstName>
					<LastName>کاویانی</LastName>
<Affiliation></Affiliation>

</Author>
<Author>
					<FirstName>رامین</FirstName>
					<LastName>قربانی</LastName>
<Affiliation></Affiliation>

</Author>
<Author>
					<FirstName>محسن</FirstName>
					<LastName>رشیدی باغی</LastName>
<Affiliation></Affiliation>

</Author>
<Author>
					<FirstName>ولی</FirstName>
					<LastName>خدادادی</LastName>
<Affiliation>دانشگاه شهید چمران</Affiliation>

</Author>
</AuthorList>
				<PublicationType>Journal Article</PublicationType>
			<History>
				<PubDate PubStatus="received">
					<Year>2016</Year>
					<Month>06</Month>
					<Day>14</Day>
				</PubDate>
			</History>
		<Abstract>Abstract &lt;br /&gt;According to agency theory, ownership structure play important role in guiding opportunistic behavior by managers. In this study, will be examined various forms of ownership structure including managerial and institutional ownership structure and their effect on the relationship between free cash flow and efficient use of assets. Therefore, the data related to the companies listed in Tehran Stock Exchange for the period 1384 to 1390 were extracted and the combination regression model were used to test the hypothesis. The results show that there is significant positive relationship between of free cash flow, managerial ownership and efficient use of assets but, the relationship between institutional ownership and asset utilization was not confirmed. Also, the results show that with managerial ownership increases, the relationship between free cash flow and efficient use of assets is more negative and meaningful. Managers willing to invest free cash flows in projects with personal gain and did not follow the foreseen procedures and even ignore negative net present value projects. Total investment of some activities may have a positive ROI, but ROI is less than the cost of capital.</Abstract>
			<OtherAbstract Language="FA">چکیده بر اساس تئوری نمایندگی، ساختار مالکیتی نقش با اهمیتی را در راهبری رفتارهای فرصت طلبانه مدیران ایفا می‌کند. در این پژوهش اشکال مختلف ساختار مالکیتی شامل مالکیت مدیریتی و نهادی و چگونگی تاثیر آنها بر ارتباط بین جریان‌های نقد آزاد و استفاده بهینه از دارایی‌ها مورد بررسی قرار می-گیرد. به همین منظور، داده‌های مربوط به شرکت‌های پذیرفته شده در بورس اوراق بهادار تهران برای دوره‌ی زمانی 1384 تا 1390 استخراج و از الگوی رگرسیونی داده‌های ترکیبی برای آزمون فرضیه‌ها استفاده شد. نتایج پژوهش نشان می‌دهد که بین جریان‌های نقد آزاد، مالکیت مدیریتی و استفاده بهینه از دارایی‌ها رابطه‌ی مثبت و معنی‌داری وجود دارد اما، ارتباط بین مالکیت نهادی و استفاده بهینه از دارایی‌ها تایید نگردید. همچنین، نتایج حاکی از این است که با افزایش مالکیت مدیریتی، ارتباط بین جریان‌های نقد آزاد و استفاده بهینه از دارایی‌ها منفی و معنی‌دارتر می‌شود. مدیران مایل به سرمایه-گذاری جریان‌های نقد آزاد در پروژه‌های با منفعت شخصی هستند و از رویه‌های پیش‌بینی شده پیروی نکرده و حتی از خالص ارزش فعلی منفی پروژه چشم‌پوشی می‌کنند. برخی از فعالیت‌های سرمایه-گذاری در مجموع ممکن است که بازدهی مثبت داشته باشند ولی این بازدهی کمتر از هزینه سرمایه است.</OtherAbstract>
		<ObjectList>
			<Object Type="keyword">
			<Param Name="value">واژه‌های کلیدی: جریان نقد آزاد</Param>
			</Object>
			<Object Type="keyword">
			<Param Name="value">استفاده بهینه از دارایی‌ها</Param>
			</Object>
			<Object Type="keyword">
			<Param Name="value">مالکیت مدیریتی</Param>
			</Object>
			<Object Type="keyword">
			<Param Name="value">مالکیت نهادی</Param>
			</Object>
		</ObjectList>
<ArchiveCopySource DocType="pdf">http://amf.ui.ac.ir/article_19824_4f280d57f0454a7b8be954a626adef3e.pdf</ArchiveCopySource>
</Article>
</ArticleSet>
