<?xml version="1.0" encoding="UTF-8"?>
<!DOCTYPE ArticleSet PUBLIC "-//NLM//DTD PubMed 2.7//EN" "https://dtd.nlm.nih.gov/ncbi/pubmed/in/PubMed.dtd">
<ArticleSet>
<Article>
<Journal>
				<PublisherName>دانشگاه اصفهان</PublisherName>
				<JournalTitle>مدیریت دارایی و تأمین مالی</JournalTitle>
				<Issn>2383-1170</Issn>
				<Volume>6</Volume>
				<Issue>1</Issue>
				<PubDate PubStatus="epublish">
					<Year>2018</Year>
					<Month>04</Month>
					<Day>21</Day>
				</PubDate>
			</Journal>
<ArticleTitle>An Integrated Decision Support Model For Firms&#039; Capital Structure (Case Study: Chemical Companies In Tehran Stock Exchange)</ArticleTitle>
<VernacularTitle>ارائۀ الگوی جامع پشتیبان تصمیم برای ساختارسرمایۀ شرکتی (شرکت‌های شیمیایی بورس اوراق بهادار تهران)</VernacularTitle>
			<FirstPage>137</FirstPage>
			<LastPage>158</LastPage>
			<ELocationID EIdType="pii">22723</ELocationID>
			
<ELocationID EIdType="doi">10.22108/amf.2018.102855.1067</ELocationID>
			
			<Language>FA</Language>
<AuthorList>
<Author>
					<FirstName>علی محمد</FirstName>
					<LastName>کیمیاگری</LastName>
<Affiliation>دانشیار دانشکدۀ مهندسی صنایع و سیستم‌های مدیریت، دانشگاه صنعتی امیرکبیر، تهران، ایران</Affiliation>

</Author>
<Author>
					<FirstName>مجتبی</FirstName>
					<LastName>نبوی</LastName>
<Affiliation>دانشجوی کارشناسی ارشد مهندسی مالی، دانشکدۀ مهندسی صنایع و سیستم های مدیریت، دانشگاه صنعتی امیرکبیر، تهران، ایران</Affiliation>

</Author>
</AuthorList>
				<PublicationType>Journal Article</PublicationType>
			<History>
				<PubDate PubStatus="received">
					<Year>2017</Year>
					<Month>03</Month>
					<Day>04</Day>
				</PubDate>
			</History>
		<Abstract>Financing decisions of the firms are one of important tasks for management and according to its nature, it is considered as a Multi-Criteria Decision problem. In this research, a comprehensive review on capital structure theories and its determinants has been made, then the effect of this determinants on the financial leverage of the firms is investigated in three levels: firm specific, industry and economy. In this regard, stepwise regression and pooled mean group model are used. This models specified both short-term and long-term effects of detected factors on capital structure. In this models, as the number of independent variables increase, the co-linearity in the model increases. So, the reliability of model declines and the model can&#039;t be a good pattern for financing decisions. In the next step, the identified factors were employed as decision criteria in a hybrid MCDM model that combining DEMATEL and ANP. The ANP weights of the model were used in a Goal programing model and a satisfactory solution for the case study was obtained. By using this model, decision makers can systemically structure a multi-criteria network framework and derive priority weights of those criteria, and then deal with the quantitative financial constraints for a satisfactory solution.</Abstract>
			<OtherAbstract Language="FA">تصمیم‌های تأمین مالی شرکت‌ها یکی از وظایف مهم مدیریت سازمان است که با توجه به ماهیت خود، نوعی از مسائل چندمعیاره محسوب می‌شود. در این پژوهش، الگوی جامعی برای کمک به تصمیم‌های تأمین مالی برون‌سازمانی ارائه ‌شده است. بدین‌منظور، ضمن مرور نظریه‌های ساختار سرمایه و عوامل مؤثر بر آن، تأثیر این عوامل در سه سطح سازمانی، صنعت و اقتصاد کلان در اهرم مالی شرکت‌های مدّنظر بررسی ‌شده‌ است. در این راستا، از الگو‌های اقتصادسنجی گام‌به‌گام و میانگین گروهی تلفیقی استفاده ‌شده است. با افزایش متغیرهای مستقل در اینگونه مسائل، معمولاً مشکلات هم‌خطی در تخمین الگوی رگرسیونی افزایش می‌یابد؛ بنابراین از قابلیت اطمینان الگو کاسته می‌شود و الگو به‌تنهایی، نمی‌تواند الگوی مطمئنی برای کمک به تصمیم‌های ساختار سرمایه شرکتی باشد؛ بنابراین از نتایج الگوی اقتصادسنجی در طراحی یک الگوی تصمیم‌گیری چندمعیارۀ ترکیبی برای تأمین مالی شرکتی استفاده شد. نتایج نهایی، استفادۀ بیشتر از دو منبع اوراق اجارۀ اسلامی و وام‌های کوتاه‌مدت بانکی را توصیه می‌کنند. دلیل آن، وجود مجدودیت‌های کنترل ریسک در الگو است. نتایج الگو، تطابق مطلوبی با عملکرد واقعی نمونۀ مطالعه‌شده نیز داشت.</OtherAbstract>
		<ObjectList>
			<Object Type="keyword">
			<Param Name="value">برنامه‌ریزی آرمانی</Param>
			</Object>
			<Object Type="keyword">
			<Param Name="value">دیماتل</Param>
			</Object>
			<Object Type="keyword">
			<Param Name="value">ساختار سرمایه</Param>
			</Object>
			<Object Type="keyword">
			<Param Name="value">فرایند تحلیل شبکه</Param>
			</Object>
		</ObjectList>
<ArchiveCopySource DocType="pdf">http://amf.ui.ac.ir/article_22723_ec9253261840b2b6e46205705249bc79.pdf</ArchiveCopySource>
</Article>
</ArticleSet>
