<?xml version="1.0" encoding="UTF-8"?>
<!DOCTYPE ArticleSet PUBLIC "-//NLM//DTD PubMed 2.7//EN" "https://dtd.nlm.nih.gov/ncbi/pubmed/in/PubMed.dtd">
<ArticleSet>
<Article>
<Journal>
				<PublisherName>دانشگاه اصفهان</PublisherName>
				<JournalTitle>مدیریت دارایی و تأمین مالی</JournalTitle>
				<Issn>2383-1170</Issn>
				<Volume>6</Volume>
				<Issue>1</Issue>
				<PubDate PubStatus="epublish">
					<Year>2018</Year>
					<Month>04</Month>
					<Day>21</Day>
				</PubDate>
			</Journal>
<ArticleTitle>Oil futures contracts, obligation to selling or to daily settlement?</ArticleTitle>
<VernacularTitle>قراردادهای آتی نفت، تعهد به بیع یا تعهد به انتقال روزانۀ وجه تضمین؟</VernacularTitle>
			<FirstPage>181</FirstPage>
			<LastPage>200</LastPage>
			<ELocationID EIdType="pii">21244</ELocationID>
			
<ELocationID EIdType="doi">10.22108/amf.2017.21244</ELocationID>
			
			<Language>FA</Language>
<AuthorList>
<Author>
					<FirstName>مهدی</FirstName>
					<LastName>صادقی شاهدانی</LastName>
<Affiliation>دانشیار گروه اقتصاد انرژی، دانشکده معارف اسلامی و اقتصاد، دانشگاه امام صادق (ع)، تهران، ایران</Affiliation>

</Author>
<Author>
					<FirstName>سید مهدی</FirstName>
					<LastName>پاک ذات</LastName>
<Affiliation>دانشجویی دکتری مدیریت قراردادهای بین المللی نفت و گاز، دانشگاه امام صادق (ع)، تهران، ایران</Affiliation>

</Author>
</AuthorList>
				<PublicationType>Journal Article</PublicationType>
			<History>
				<PubDate PubStatus="received">
					<Year>2015</Year>
					<Month>08</Month>
					<Day>13</Day>
				</PubDate>
			</History>
		<Abstract>Oil futures contracts make it possible for all market participants to remain safe against the crude oil price fluctuations. Islamic Republic of Iran needs to import oil futures contracts to energy exchange for two reasons: First, its national income is highly dependent on crude oil price and instability in oil price leads to unstable economic situation. Second, Oil futures markets provide necessary instruments to reduce risk of oil deals, reduce volatility, increase flexibility and provide broader commercial dimensions to refiners and other buyers of petroleum and related industries. But now, exchange energy, due to jurisprudential constraints, is not able to use this powerful instrument of hedging risk, and this is incompatible with the implementation of economic resistance and resilience policies. This study analyzes financial nature of oil futures contracts and investigates the intend of the parties to the contract and shows that oil futures contracts are not, in any way, type of selling or obligation to selling because the acquisition and consequently delivery of asset are not intended by parties. Therefore, all of those jurisprudential obstacles are wrong about these contracts and are caused by the poor in recognizing the issue.</Abstract>
			<OtherAbstract Language="FA">قراردادهای آتی نفت این امکان را برای کلیّۀ مشارکت‌کنندگان بازار فراهم می‌کند تا از نوسان‌های قیمتی نفت خام مصون بمانند. جمهوری اسلامی ایران به دو دلیل به ورود قراردادهای آتی نفت به بورس انرژی نیاز مبرم دارد: اولاً، درآمد کشور وابستگی شدیدی به قیمت نفت دارد و بی­ثباتی قیمت نفت به ناپایداری وضعیت اقتصادی منجر می­شود. دوماً، بازارهای آتی نفت، ابزارهای لازم را برای کاهش ریسک معاملات نفتی، کاهش بی‌ثباتی، افزایش انعطاف‌پذیری و فراهم‌کردن ابعاد وسیع­تر تجاری برای پالایشگران و سایر خریداران نفت و صنایع وابستۀ آن فراهم می‌کند؛ اما در حال حاضر، بورس انرژی، به‌دلیل موانع شرعی، از این ابزار قدرتمند پوشش ریسک نمی‌تواند استفاده کند و این مسأله با اجرای سیاست­های اقتصاد مقاومتی منافات دارد. این پژوهش با واکاوی ماهیت مالی قرارداد آتی نفت و با بررسی متعلَّق اصلی ارادۀ دو طرف قرارداد نشان می­دهد قراردادهای آتی به هیچ وجه از سنخ بیع نیست؛ زیرا تملیک و تحویل دارایی، مقصود معامله­گران نیست؛ بنابراین شبهات شرعی مطرح‌شده از اساس با این قراردادها برخورد نمی­کند و طرح آنها ناشی از ضعف در موضوع­شناسی بوده است.</OtherAbstract>
		<ObjectList>
			<Object Type="keyword">
			<Param Name="value">ابزارهای مشتقه</Param>
			</Object>
			<Object Type="keyword">
			<Param Name="value">قراردادهای آتی</Param>
			</Object>
			<Object Type="keyword">
			<Param Name="value">قراردادهای آتی نفت</Param>
			</Object>
			<Object Type="keyword">
			<Param Name="value">مدیریت ریسک</Param>
			</Object>
		</ObjectList>
<ArchiveCopySource DocType="pdf">http://amf.ui.ac.ir/article_21244_567f95b27da18d2f8fc3f4694fb7a498.pdf</ArchiveCopySource>
</Article>
</ArticleSet>
