<?xml version="1.0" encoding="UTF-8"?>
<!DOCTYPE ArticleSet PUBLIC "-//NLM//DTD PubMed 2.7//EN" "https://dtd.nlm.nih.gov/ncbi/pubmed/in/PubMed.dtd">
<ArticleSet>
<Article>
<Journal>
				<PublisherName>دانشگاه اصفهان</PublisherName>
				<JournalTitle>مدیریت دارایی و تأمین مالی</JournalTitle>
				<Issn>2383-1170</Issn>
				<Volume>3</Volume>
				<Issue>2</Issue>
				<PubDate PubStatus="epublish">
					<Year>2015</Year>
					<Month>08</Month>
					<Day>23</Day>
				</PubDate>
			</Journal>
<ArticleTitle></ArticleTitle>
<VernacularTitle>مدیریت دارایی و تأمین مالی</VernacularTitle>
			<FirstPage>0</FirstPage>
			<LastPage></LastPage>
			<ELocationID EIdType="pii">19917</ELocationID>
			
			
			<Language>FA</Language>
<AuthorList>
</AuthorList>
				<PublicationType>Journal Article</PublicationType>
			<History>
				<PubDate PubStatus="received">
					<Year>2016</Year>
					<Month>06</Month>
					<Day>14</Day>
				</PubDate>
			</History>
		<Abstract></Abstract>
			<OtherAbstract Language="FA"></OtherAbstract>
<ArchiveCopySource DocType="pdf">http://amf.ui.ac.ir/article_19917_0eb6950fb441322741b4cf6c2a06600f.pdf</ArchiveCopySource>
</Article>
</ArticleSet>
