<?xml version="1.0" encoding="UTF-8"?>
<!DOCTYPE ArticleSet PUBLIC "-//NLM//DTD PubMed 2.7//EN" "https://dtd.nlm.nih.gov/ncbi/pubmed/in/PubMed.dtd">
<ArticleSet>
<Article>
<Journal>
				<PublisherName>دانشگاه اصفهان</PublisherName>
				<JournalTitle>مدیریت دارایی و تأمین مالی</JournalTitle>
				<Issn>2383-1170</Issn>
				<Volume>3</Volume>
				<Issue>1</Issue>
				<PubDate PubStatus="epublish">
					<Year>2015</Year>
					<Month>05</Month>
					<Day>22</Day>
				</PubDate>
			</Journal>
<ArticleTitle>Evaluation of Investment Decision Using System Dynamics and Real Options</ArticleTitle>
<VernacularTitle>ارزیابی تصمیم‌های سرمایه‌گذاری با استفاده از پویایی سیستم و اختیارات سرمایه‌گذاری واقعی (مورد مطالعه در شرکت تولید باطری خودرو)</VernacularTitle>
			<FirstPage>1</FirstPage>
			<LastPage>22</LastPage>
			<ELocationID EIdType="pii">19908</ELocationID>
			
			
			<Language>FA</Language>
<AuthorList>
<Author>
					<FirstName>مجید</FirstName>
					<LastName>اسماعیلیان</LastName>
<Affiliation>دانشگاه اصفهان</Affiliation>

</Author>
<Author>
					<FirstName>مسلم</FirstName>
					<LastName>علیمحمدی</LastName>
<Affiliation>دانشگاه اصفهان</Affiliation>

</Author>
</AuthorList>
				<PublicationType>Journal Article</PublicationType>
			<History>
				<PubDate PubStatus="received">
					<Year>2016</Year>
					<Month>06</Month>
					<Day>14</Day>
				</PubDate>
			</History>
		<Abstract>Evaluation of investment desicion has the decisive and key role in management discussions. Usually invest resources introduce methods such as accounting rate of return, payback period, internal rate of return and net present value (NPV) for decision making in this scope and describe the net present value as most reliable method. NPV and other traditional evaluation methods assume constant factors in investment and donât consider uncertainty in decision making. The main objective of this study is to provide a model for evaluating investment decisions by using of system dynamics and real option. In this study, system dynamic method with Systemic approach was used to cover the weaknesses of traditional methods such as NPV that evaluate the investment decision one-dimensionally. Also, to considering the uncertainty in the investment project, real option was applied. At the final step, real option have been used as a scenario in designed model. Grounded Theory was applied for determining the affecting variables. Obtained results showed that investing about 3*1011 Rials to creating new production capacity about 300000 units per month with reducing product sale price from 1.2 million Rials to 850000 Rials is most profitable state (scenario) of simulated model in specified time in software (end of tenth years). Also, expansion and contraction, two determined options were considered in a scenario and related results were obtained.</Abstract>
			<OtherAbstract Language="FA">در مباحث مدیریت، بررسی و ارزیابی طرح های سرمایه گذاری نقش کلیدی و تعیین کننده ای دارد. معمولا منابع سرمایه گذاری روش هایی مانند نرخ بازده حسابداری، دوره بازگشت سرمایه، نرخ بازده داخلی و ارزش فعلی خالص (NPV) را جهت تصمیم گیری در این حوزه معرفی می کنند و از میان آنها روش ارزش فعلی خالص را به عنوان معتبرترین روش توصیف می نمایند. روش ارزش فعلی خالص و سایر روش های ارزیابی سنتی، با ثابت فرض کردن عوامل درگیر در سرمایه گذاری، عدم اطمینان موجود در سرمایه گذاری را در نظر نمی گیرند. هدف اصلی این پژوهش، لحاظ کردن عدم اطمینان موجود در طرح های سرمایه گذاری و ارائه الگویی جهت ارزیابی تصمیم های سرمایه گذاری با استفاده از سیستم داینامیک و اختیار سرمایه گذاری است. در الگوی طراحی شده، از اختیارت به عنوان سناریویی برای بررسی تغییرات استفاده شده است. برای تعیین متغیرهای اصلی مدل از روش تئوری برخاسته از داده‌ها استفاده گردیده است. نتایج نشان می‌دهد که سرمایه گذاری به میزان 1011*3 ریال برای ایجاد ظرفیتی جدید به اندازه 300000 واحد در ماه، به همراه کاهش قیمت فروش محصول از 1200000 ریال به 850000 ریال می تواند بیشترین سودآوری را در بازه مشخص شده یعنی پایان سال دهم، در مدل شبیه سازی شده، داشته باشد. همچنین دو اختیار توسعه و انقباض در قالب سناریویی مشخص لحاظ گردیده و نتایج مربوطه به دست آمده است.</OtherAbstract>
		<ObjectList>
			<Object Type="keyword">
			<Param Name="value">تصمیم های سرمایه گذاری</Param>
			</Object>
			<Object Type="keyword">
			<Param Name="value">سیستم داینامیک</Param>
			</Object>
			<Object Type="keyword">
			<Param Name="value">اختیار سرمایه گذاری</Param>
			</Object>
			<Object Type="keyword">
			<Param Name="value">تئوری برخاسته از داده ها</Param>
			</Object>
		</ObjectList>
<ArchiveCopySource DocType="pdf">http://amf.ui.ac.ir/article_19908_01fbd38cda3cf2e32cb5bd0f5053f337.pdf</ArchiveCopySource>
</Article>

<Article>
<Journal>
				<PublisherName>دانشگاه اصفهان</PublisherName>
				<JournalTitle>مدیریت دارایی و تأمین مالی</JournalTitle>
				<Issn>2383-1170</Issn>
				<Volume>3</Volume>
				<Issue>1</Issue>
				<PubDate PubStatus="epublish">
					<Year>2015</Year>
					<Month>05</Month>
					<Day>22</Day>
				</PubDate>
			</Journal>
<ArticleTitle>Behavioral Preferences of Investors in Reaction to the Fundamental Variables Based on Sochastic Dominance</ArticleTitle>
<VernacularTitle>ترجیح های رفتاری سرمایه‌گذاران در واکنش به متغیرهای بنیادی بر مبنای نظریه غلبه تصادفی</VernacularTitle>
			<FirstPage>23</FirstPage>
			<LastPage>40</LastPage>
			<ELocationID EIdType="pii">19905</ELocationID>
			
			
			<Language>FA</Language>
<AuthorList>
<Author>
					<FirstName>احمد</FirstName>
					<LastName>بدری</LastName>
<Affiliation>دانشگاه شهید بهشتی</Affiliation>

</Author>
<Author>
					<FirstName>عبدالمجید</FirstName>
					<LastName>عبدالباقی</LastName>
<Affiliation>دانشگاه شیخ بهایی</Affiliation>

</Author>
</AuthorList>
				<PublicationType>Journal Article</PublicationType>
			<History>
				<PubDate PubStatus="received">
					<Year>2016</Year>
					<Month>06</Month>
					<Day>14</Day>
				</PubDate>
			</History>
		<Abstract>In this article, the fundamental signal analysis to evaluate the relative dominance of the winner-losser stocks based on investorâs preferences has been investigated.Therefore, based on factors related to the profitability , growth and variability the signals of information content of seven financial ratios are identified and based on winner-loser stock related to investrâs preferences identified. In this study, all the financial data of listed companies in TSE for the period 1380 to 1390 are used. The results indicated that the higher current and future return of winner stock related to losser stock one Period after portfolio formation. Also the further results indicate the second and third order of stochastic dominance of winner stocks relate to losser stocks and second and third order of stochastic dominance of losser stocks relate to winner stocks in the negative market conditions.</Abstract>
			<OtherAbstract Language="FA">در این مقاله با استفاده از تجزیه و تحلیل مبتنی بر سیگنالهای بنیادی به بررسی برتری نسبی سهام برنده-بازنده بر اساس عملکرد فعلی و آتی از منظر ترجیحات رفتاری سرمایه‌گذاران پرداخته شده است. بنابراین بر اساس عوامل مربوط به سودآوری، تغییرپذیری عایدات و رشد، سیگنالهای بنیادی (F-Score) مربوط به محتوای اطلاعاتی 7 شاخص مالی شناسایی و بر مبنای آن سهام برنده-بازنده، تعیین و رفتار آتی بازده آنها بر مبنای ترجیحات ریسک‌گریزانه سرمایه-گذاران مورد بررسی قرار گرفته است. در این تحقیق از اطلاعات مالی تمامی شرکت‌های پذیرفته شده در بورس اوراق بهادار تهران در بازه زمانی1380 الی 1390 استفاده شده است. نتایج اولیه این تحقیق نشان دهنده وجود بازده بالاتر همزمان و آتی پرتفوی سهام برنده نسبت به سهام بازنده تا یک دوره زمانی پس از تشکیل پرتفوی و وجود رفتار مومنتومی و سپس رفتار معکوس بلندمدت آنهاست. همچنین نتایج تحقیق نشان دهنده وجود غلبه تصادفی بازده همزمان مرتبه‌های دوم و سوم سهام برنده نسبت به سهام بازنده و همچنین غلبه تصادفی مرتبه های دوم و سوم بازده دو دوره بعد سهام بازنده نسبت به سهام برنده در بازه های منفی بازار است.</OtherAbstract>
		<ObjectList>
			<Object Type="keyword">
			<Param Name="value">ترجیحات سرمایه‌گذاران</Param>
			</Object>
			<Object Type="keyword">
			<Param Name="value">سیگنالهای بنیادی</Param>
			</Object>
			<Object Type="keyword">
			<Param Name="value">سهام برنده_بازنده</Param>
			</Object>
			<Object Type="keyword">
			<Param Name="value">مومنتوم</Param>
			</Object>
			<Object Type="keyword">
			<Param Name="value">غلبه تصادفی</Param>
			</Object>
		</ObjectList>
<ArchiveCopySource DocType="pdf">http://amf.ui.ac.ir/article_19905_02da5fb15300609b968d59f8a78f81e1.pdf</ArchiveCopySource>
</Article>

<Article>
<Journal>
				<PublisherName>دانشگاه اصفهان</PublisherName>
				<JournalTitle>مدیریت دارایی و تأمین مالی</JournalTitle>
				<Issn>2383-1170</Issn>
				<Volume>3</Volume>
				<Issue>1</Issue>
				<PubDate PubStatus="epublish">
					<Year>2015</Year>
					<Month>05</Month>
					<Day>22</Day>
				</PubDate>
			</Journal>
<ArticleTitle>The relation study of voluntary disclosure level and agency costs of listed companies of Tehran Stock Exchange</ArticleTitle>
<VernacularTitle>مطالعه رابطه بین سطح افشای داوطلبانه و هزینه‌های نمایندگی در شرکت‌های پذیرفته شده در بورس اوراق بهادار تهران</VernacularTitle>
			<FirstPage>41</FirstPage>
			<LastPage>54</LastPage>
			<ELocationID EIdType="pii">19906</ELocationID>
			
			
			<Language>FA</Language>
<AuthorList>
<Author>
					<FirstName>شکراله</FirstName>
					<LastName>خواجوی</LastName>
<Affiliation>دانشگاه شیراز</Affiliation>
<Identifier Source="ORCID">0000-0002-4889-1135</Identifier>

</Author>
<Author>
					<FirstName>وحید</FirstName>
					<LastName>علیزاده طلاتپه</LastName>
<Affiliation>کارشناس ارشد حسابداری دانشکده اقتصاد، مدیریت و علوم اجتماعی دانشگاه شیراز، شیراز، ایران</Affiliation>

</Author>
</AuthorList>
				<PublicationType>Journal Article</PublicationType>
			<History>
				<PubDate PubStatus="received">
					<Year>2016</Year>
					<Month>06</Month>
					<Day>14</Day>
				</PubDate>
			</History>
		<Abstract>In this research, the relation of voluntary disclosure level and agency costs of listed companies of Tehran Stock Exchange is studied. In this regard, the effects of firm size, debt ratio, non-duty members of board and ownership concentration are considered either. In order to voluntary disclosure level measuring Botosan (1997) check list which has been adjusted by koshanipour and et al. (1388) and consists of 71 indices through six section of background information, the summery of important historical results, non-financial key statics, section data, anticipating information and managementsâ analysis and discussion has been utilized. Moreover, operating expenses to sale ratio, the asset turnover ratio and Qtubin ratio are utilized as agency costs criteria. To main hypothesis testing multivariate regression with combined data has been used. Findings resulted from exploring 67 companies during period of 1382 to 1390 essay that although there are 1) a positive significant relation between operating expenses to sale ratio and voluntary disclosure level and 2) a negative significant relation between Qtubin ratio and voluntary disclosure level, there is no significant relation between assets turnover ratio and firmsâ voluntary disclosure level.</Abstract>
			<OtherAbstract Language="FA">در این پژوهش، رابطه بین سطح افشای داوطلبانه و هزینه‌های نمایندگی شرکت‌های پذیرفته شده در بورس اوراق بهادار تهران مورد بررسی قرار می‌گیرد. در این راستا، تأثیر اندازه شرکت، نسبت بدهی، نسبت اعضای غیرموظف هیأت مدیره و تمرکز مالکیت نیز کنترل شده است. برای اندازه‌گیری متغیر سطح افشای داوطلبانه، چک‌لیست بوتوسان (1997) که توسط کاشانی‌پور و همکاران (1388) تعدیل شده، مورد استفاده قرار گرفته است که شامل 71 شاخص در شش بخش کلی پیشینه اطلاعاتی، خلاصه‌ای از نتایج مهم تاریخی، آماره‌های کلیدی غیرمالی، اطلاعات بخش‌ها، اطلاعات پیش-بینی و بحث و تحلیل مدیریت است. همچنین، از نسبت هزینه‌های عملیاتی به فروش، نسبت گردش دارایی‌ها و نسبت کیوتوبین به عنوان معیارهای هزینه‌های نمایندگی استفاده شده است. برای آزمون فرضیه اصلی پژوهش، رگرسیون چند متغیره با استفاده از داده‌های ترکیبی مورد استفاده قرار گرفته است. یافته‌های حاصل از بررسی 67 شرکت در دوره زمانی 1382 تا 1390 بیانگر آن است که بین نسبت هزینه عملیاتی به فروش و نسبت کیوتوبین با سطح افشای داوطلبانه به ترتیب رابطه منفی و مثبت معناداری وجود دارد؛ ولی بین نسبت گردش دارایی‌ها و سطح افشای داوطلبانه شرکت‌ها رابطه معناداری مشاهده نشد.</OtherAbstract>
		<ObjectList>
			<Object Type="keyword">
			<Param Name="value">سطح افشای داوطلبانه</Param>
			</Object>
			<Object Type="keyword">
			<Param Name="value">نسبت هزینه‌های عملیاتی به فروش</Param>
			</Object>
			<Object Type="keyword">
			<Param Name="value">نسبت گردش دارایی‌ها</Param>
			</Object>
			<Object Type="keyword">
			<Param Name="value">نسبت کیوتوبین</Param>
			</Object>
		</ObjectList>
<ArchiveCopySource DocType="pdf">http://amf.ui.ac.ir/article_19906_1443b6d0a6d0bcf5ef98c0a2ff32c628.pdf</ArchiveCopySource>
</Article>

<Article>
<Journal>
				<PublisherName>دانشگاه اصفهان</PublisherName>
				<JournalTitle>مدیریت دارایی و تأمین مالی</JournalTitle>
				<Issn>2383-1170</Issn>
				<Volume>3</Volume>
				<Issue>1</Issue>
				<PubDate PubStatus="epublish">
					<Year>2015</Year>
					<Month>05</Month>
					<Day>22</Day>
				</PubDate>
			</Journal>
<ArticleTitle>Forecasting Stock Index with Neural Network and Wavelet Transform</ArticleTitle>
<VernacularTitle>پیش‌بینی شاخص قیمت بورس سهام با استفاده از شبکه عصبی و تبدیل موجک</VernacularTitle>
			<FirstPage>55</FirstPage>
			<LastPage>74</LastPage>
			<ELocationID EIdType="pii">19904</ELocationID>
			
			
			<Language>FA</Language>
<AuthorList>
<Author>
					<FirstName>رضا</FirstName>
					<LastName>راعی</LastName>
<Affiliation>دانشگاه تهران</Affiliation>

</Author>
<Author>
					<FirstName>شاپور</FirstName>
					<LastName>محمدی</LastName>
<Affiliation>دانشگاه تهران</Affiliation>

</Author>
<Author>
					<FirstName>حنظله</FirstName>
					<LastName>فندرسکی</LastName>
<Affiliation>دانشگاه تهران</Affiliation>

</Author>
</AuthorList>
				<PublicationType>Journal Article</PublicationType>
			<History>
				<PubDate PubStatus="received">
					<Year>2016</Year>
					<Month>06</Month>
					<Day>14</Day>
				</PubDate>
			</History>
		<Abstract>Â  Stock index as time series are non-stationary and highly noisy due to the fact that stock markets are affected by a variety of factors. It is regarded as one of the most challenging application of time series forecasting. Predicting stock index with the noisy data directly is usually subject to large errors. In this paper we compare forecasting the stock index via Wavelet De-noising-based Neural Network (WDNN) with forecasting stock index via single neural network. The daily Tehran Stock index from April 2006 to June 2013 are used to compare the application of the WDNN in predicting the stock index. Experimental results show that de-noising with wavelet transform outperforms the single neural network.</Abstract>
			<OtherAbstract Language="FA">  شاخص بازار سرمایه به عنوان دماسنج اقتصادی هر کشور می‌باشد. از این رو پیش‌بینی این متغییر جهت اخذ دید کلی از وضعیت اقتصادی و اخذ استراتژی‌های سرمایه‌گذاری، یکی از مسائل مهم به شمار می‌رود. از جمله روش‌های پیش‌بینی پرکاربرد در سری‌های زمانی مالی، شبکه عصبی می‌باشد که با توجه به جامعیت این روش و عدم وجود برخی از پیش‌فرض‌ها در خصوص داده‌ها، گسترش زیادی نسبت به روش‌های آماری یافته است. اما وجود نویز در سری‌های زمانی به خصوص در سری‌های زمانی مالی و اقتصادی باعث کاهش دقت پیش‌بینی شبکه عصبی می‌گردد. یکی از روش‌های نوفه‌زدایی در سری‌های زمانی، تبدیل موجک می‌باشد. این تحقیق به مقایسه بین دقت پیش‌بینی شاخص کل بورس اوراق بهادار تهران در دو مدل شبکه عصبی با استفاده از داده‌های نوفه‌زدایی شده با تبدیل موجک و شبکه عصبی با استفاده از داده‌های اولیه از ابتدای سال 1385 تا 31 خرداد 1392 می‌پردازد. نتایج حاکی از بهبود معنادار در پیش‌بینی شبکه عصبی با استفاده از داده‌های نوفه‌زدایی شده می‌باشد.</OtherAbstract>
		<ObjectList>
			<Object Type="keyword">
			<Param Name="value">تبدیل موجک</Param>
			</Object>
			<Object Type="keyword">
			<Param Name="value">شبکه عصبی</Param>
			</Object>
			<Object Type="keyword">
			<Param Name="value">نوفه‌زدایی</Param>
			</Object>
			<Object Type="keyword">
			<Param Name="value">آستانه</Param>
			</Object>
		</ObjectList>
<ArchiveCopySource DocType="pdf">http://amf.ui.ac.ir/article_19904_f0190f00b780a0c19c07b3e4ad45f229.pdf</ArchiveCopySource>
</Article>

<Article>
<Journal>
				<PublisherName>دانشگاه اصفهان</PublisherName>
				<JournalTitle>مدیریت دارایی و تأمین مالی</JournalTitle>
				<Issn>2383-1170</Issn>
				<Volume>3</Volume>
				<Issue>1</Issue>
				<PubDate PubStatus="epublish">
					<Year>2015</Year>
					<Month>05</Month>
					<Day>22</Day>
				</PubDate>
			</Journal>
<ArticleTitle>The effect of corporate governance mechanisms on the relationship between institutional investors and inventory management</ArticleTitle>
<VernacularTitle>تأثیر سایر سازوکارهای حاکمیت شرکتی بر رابطه بین سرمایه‌گذاران نهادی و مدیریت موجودی کالا</VernacularTitle>
			<FirstPage>75</FirstPage>
			<LastPage>90</LastPage>
			<ELocationID EIdType="pii">19907</ELocationID>
			
			
			<Language>FA</Language>
<AuthorList>
<Author>
					<FirstName>مهدی</FirstName>
					<LastName>علی نژاد ساروکلائی</LastName>
<Affiliation>دانشگاه ازاد واحد تبریز</Affiliation>

</Author>
<Author>
					<FirstName>مریم</FirstName>
					<LastName>بحرینی</LastName>
<Affiliation>دانشگاه ازاد واحد علوم و تحقیقات سیرجان</Affiliation>

</Author>
<Author>
					<FirstName>آرزو</FirstName>
					<LastName>طاهری</LastName>
<Affiliation>دانشگاه ازاد واحد علوم و تحقیقات سیرجان</Affiliation>

</Author>
</AuthorList>
				<PublicationType>Journal Article</PublicationType>
			<History>
				<PubDate PubStatus="received">
					<Year>2016</Year>
					<Month>06</Month>
					<Day>14</Day>
				</PubDate>
			</History>
		<Abstract>Presenting information which is useful for investors, creditors, and other current and potential users in decision makings related to investment and validating and other decisions is one of goals in financial reporting. The aim of this research is to study corporate governance mechanisms including managerial ownership, structure of board of directors, and board size on the relationship between institutional investors and inventory management in firms enlisted in Tehran Stock Exchange. To analyze data we have used a multiple variable regression by using generalized moments. Statistical sample in this research entails 47 companies which were enlisted in Stock Exchange during the time period between 2006 and 2011. Control variables in this research were firm growth, firm size, financial leverage, profitability, capital intensity, age, and private ownership. Results of analyzing data showed that managerial ownership affected the relationship between institutional investors and inventory management meaningfully. But structure and size of board of directors did not have any meaningful effects on the relationship between institutional investors and inventory management.</Abstract>
			<OtherAbstract Language="FA">یکی از اهداف گزارشگری مالی، ارائه‌ی اطلاعاتی است که برای سرمایه‌گذاران، اعتباردهندگان و دیگر کاربران فعلی و بالقوه در تصمیم‌گیری‌های مربوط به سرمایه‌گذاری و اعتبار دهی و سایر تصمیم‌ها، سود‌مند باشد. هدف از این پژوهش، بررسی تأثیر مکانیزم‌های حاکمیت شرکتی شامل مالکیت مدیریتی، ساختار هیئت مدیره و اندازه هیئت مدیره بر رابطه بین سرمایه گذاران نهادی و مدیریت موجودی کالا در شرکت‌های پذیرفته شده در بورس اوراق بهادار تهران است. برای تجزیه و تحلیل داده‌ها از رگرسیون چند متغیره با استفاده از گشتاورهای تعمیم یافته استفاده شده است. نمونه آماری این پژوهش شامل 47 شرکت می‌باشد که طی سال‌های 1385 تا 1390 عضو بورس بوده‌اند. متغیرهای کنترلی که در این پژوهش مورد بررسی قرار گرفته‌اند رشد شرکت، اندازه شرکت، اهرم مالی، سودآوری، چگالی سرمایه، سن و مالکیت خصوصی می‌باشند. نتایج حاصل از تجزیه و تحلیل داده‌ها نشان داد که مالکیت مدیریتی بر رابطه بین سرمایه گذاران نهادی و مدیریت موجودی کالا تأثیر معنی داری دارد. ولی ساختار و اندازه هیئت مدیره بر رابطه بین سرمایه گذاران نهادی و مدیریت موجودی کالا تأثیر معناداری ندارند.</OtherAbstract>
		<ObjectList>
			<Object Type="keyword">
			<Param Name="value">سرمایه گذاران نهادی</Param>
			</Object>
			<Object Type="keyword">
			<Param Name="value">مالکیت مدیریتی</Param>
			</Object>
			<Object Type="keyword">
			<Param Name="value">ساختار هیئت مدیره</Param>
			</Object>
			<Object Type="keyword">
			<Param Name="value">اندازه هیئت مدیره</Param>
			</Object>
			<Object Type="keyword">
			<Param Name="value">مدیریت موجودی کالا</Param>
			</Object>
		</ObjectList>
<ArchiveCopySource DocType="pdf">http://amf.ui.ac.ir/article_19907_d8e7bb66a089737d682f64e70ae91c51.pdf</ArchiveCopySource>
</Article>

<Article>
<Journal>
				<PublisherName>دانشگاه اصفهان</PublisherName>
				<JournalTitle>مدیریت دارایی و تأمین مالی</JournalTitle>
				<Issn>2383-1170</Issn>
				<Volume>3</Volume>
				<Issue>1</Issue>
				<PubDate PubStatus="epublish">
					<Year>2015</Year>
					<Month>05</Month>
					<Day>22</Day>
				</PubDate>
			</Journal>
<ArticleTitle>The Effect of Capital Structure on Profit Efficiency of Companies Listed in Automotive and Parts Manufacturing Industry of Tehran Stock Exchange</ArticleTitle>
<VernacularTitle>تأثیر ساختار سرمایه بر کارایی سود شرکت های پذیرفته شده صنعت خودرو و ساخت قطعات بورس اوراق بهادار تهران</VernacularTitle>
			<FirstPage>91</FirstPage>
			<LastPage>106</LastPage>
			<ELocationID EIdType="pii">19903</ELocationID>
			
			
			<Language>FA</Language>
<AuthorList>
<Author>
					<FirstName>علی</FirstName>
					<LastName>غیوری مقدم</LastName>
<Affiliation>دانشگاه خلیج فارس</Affiliation>

</Author>
<Author>
					<FirstName>حمید رضا</FirstName>
					<LastName>حاجب</LastName>
<Affiliation>دانشگاه خلیج فارس</Affiliation>

</Author>
</AuthorList>
				<PublicationType>Journal Article</PublicationType>
			<History>
				<PubDate PubStatus="received">
					<Year>2016</Year>
					<Month>06</Month>
					<Day>14</Day>
				</PubDate>
			</History>
		<Abstract>The aim of current research is to investigate the possible effect of capital structure on profit efficiency (comprehensive indicator of financial performance). This paper uses the Jensen and Meckling (1976) theory to assess the effect of financial leverage on agency costs and performance. Therefore, this study examines the effect of nonlinear effect of financial leverage on profit efficiency. The sample consists of 28 automotive and parts manufacturing companies listed on the Tehran Stock Exchange for the period of eight years from 1384 to 1391. Data envelopment analysis (DEA) method is used to calculate the profit efficiency and panel data regression is used to test the effect of financial leverage on profit efficiency. The results indicated that financial leverage has a nonlinear (inverted U-Shaped) impact on profit efficiency. Thus, in this industry, financial leverage growth plays a positive role in performance improvement because a reduction in the free cash flow in hands of manager and consequently, decreases agency costs. On the other hand, an increase of bankruptcy risk increases the agency costs of debt and consequently has a negative effect on performance. The findings also revealed that fixed assets have a negative and significant effect on profit efficiency, but firm size, intangible assets and growth ratio donât have any effect on profit efficiency.</Abstract>
			<OtherAbstract Language="FA">هدف پژوهش حاضر بررسی تأثیر ساختار سرمایه بر کارایی سود به عنوان معیاری جامع از عملکرد مالی است. در بررسی این تأثیر، نظریه ارائه شده توسط جنسن و مکلین (1976) در باب تأثیر اهرم مالی بر هزینه‌های نمایندگی و متعاقباً بر عملکرد واحد تجاری مد نظر قرار گرفت. لذا در این پژوهش تأثیر غیر خطی اهرم مالی بر کارایی سود مورد توجه است. نمونه مورد بررسی شامل 28 شرکت فعال در صنعت خودرو و ساخت قطعات در دوره زمانی 1391-1384 است. به منظور محاسبه کارایی سود از روش تحلیل پوششی داده‌ها و به منظور بررسی تأثیر اهرم مالی بر کارایی سود از رگرسیون داده‌های ترکیبی استفاده شد. نتایج بدست آمده تأثیر غیر خطی (به شکل U وارونه) اهرم مالی را بر کارایی سود مورد تأیید قرار داد. لذا می-توان چنین گفت که در واحدهای مورد بررسی، افزایش اهرم مالی از طرفی با کاهش وجوه نقد آزاد در دسترس مدیر، هزینه‌های نمایندگی را کاهش و باعث بهبود عملکرد می‌شود و از طرفی دیگر می‌تواند با افزایش ریسک ورشکستگی، هزینه‌های نمایندگی بدهی را افزایش و عملکرد را تضعیف نماید. از دیگر یافته‌های پژوهش می‌توان به تأثیر منفی و معنادار دارایی‌های ثابت، عدم تأثیر اندازه واحد تجاری، دارایی‌های نامشهود و نرخ رشد بر کارایی سود اشاره کرد.</OtherAbstract>
		<ObjectList>
			<Object Type="keyword">
			<Param Name="value">ساختار سرمایه</Param>
			</Object>
			<Object Type="keyword">
			<Param Name="value">کارایی سود</Param>
			</Object>
			<Object Type="keyword">
			<Param Name="value">تحلیل پوششی داده ها و داده های ترکیبی</Param>
			</Object>
		</ObjectList>
<ArchiveCopySource DocType="pdf">http://amf.ui.ac.ir/article_19903_ff2743ddb437b570b884d09fb893d289.pdf</ArchiveCopySource>
</Article>

<Article>
<Journal>
				<PublisherName>دانشگاه اصفهان</PublisherName>
				<JournalTitle>مدیریت دارایی و تأمین مالی</JournalTitle>
				<Issn>2383-1170</Issn>
				<Volume>3</Volume>
				<Issue>1</Issue>
				<PubDate PubStatus="epublish">
					<Year>2015</Year>
					<Month>05</Month>
					<Day>22</Day>
				</PubDate>
			</Journal>
<ArticleTitle>Effects of fiscal policies on asset prices and its uncertainty in Iran</ArticleTitle>
<VernacularTitle>تأثیر سیاست مالی بر قیمت دارایی‌ها و نااطمینانی آن در ایران</VernacularTitle>
			<FirstPage>107</FirstPage>
			<LastPage>130</LastPage>
			<ELocationID EIdType="pii">19909</ELocationID>
			
			
			<Language>FA</Language>
<AuthorList>
<Author>
					<FirstName>سید جمال الدین</FirstName>
					<LastName>محسنی زنوزی</LastName>
<Affiliation>دانشکده اقتصاد و مدیریت، دانشگاه ارومیه</Affiliation>

</Author>
<Author>
					<FirstName>حسن</FirstName>
					<LastName>حیدری</LastName>
<Affiliation>دانشکده اقتصاد و مدیریت، دانشگاه ارومیه</Affiliation>

</Author>
<Author>
					<FirstName>فرزانه</FirstName>
					<LastName>طالبی</LastName>
<Affiliation>دانشکده اقتصاد و مدیریت، دانشگاه ارومیه</Affiliation>

</Author>
</AuthorList>
				<PublicationType>Journal Article</PublicationType>
			<History>
				<PubDate PubStatus="received">
					<Year>2016</Year>
					<Month>06</Month>
					<Day>14</Day>
				</PubDate>
			</History>
		<Abstract>Â  &lt;br /&gt; &lt;br /&gt;One of the interesting topics in economic issues isÂ asset markets . According to the theory ,if the asset market is efficient in information contextÂ and behave rationally, asset prices will reflect the information about the expected events . On the other hand, another important issue that is widely discussed in macroeconomics , is selection of appropriate policies and tools in order to eliminate the imbalances and instability of the economy . The aim of this study is to investigate the effects of government spending and income shocksÂ on asset prices such as housing prices , stock prices, and exchange rate by using structural vector autoregressive model (SVAR) with 5 variables and quarterly data from 1369 to 1390. The results showed that government spending has a significant effect on housing prices , stock prices, and exchange rate, and isÂ the most important variables to explain the volatility of these asset prices . BEKK approach in GARCH Models is used to estimate the dynamic relationship between the variables uncertainty. The estimated covariance between the variables, show the negative relationship between stock prices and government spending, and between exchange rate and government spending, but the positive relationship between housing prices and government spending is estimated. &lt;br /&gt; &lt;br /&gt;Â </Abstract>
			<OtherAbstract Language="FA"> &lt;br /&gt; &lt;br /&gt; یکی از موضوع های مورد توجه و تأثیرگذار در مسائل اقتصادی بازار دارایی هاست . به لحاظ نظری اگر بازار دارایی ها از نظر اطلاعات کارا عمل کرده و افراد عقلایی رفتار کنند ، قیمت دارایی­ها منعکس کننده اطلاعات موجود در باره وقایع مورد انتظار است . از سویی دیگر از جمله موضوع های مهم که به گونه ای گسترده در اقتصاد کلان مطرح است ، انتخاب سیاست ها و ابزارهای مناسب در جهت از بین بردن عدم تعادل و ایجاد ثبات اقتصادی است . در این تحقیق شوک های سیاست مالی بر روی قیمت دارایی ها شامل قیمت مسکن ، قیمت سهام و نرخ ارز مورد بررسی قرار خواهدگرفت . بدین منظور با استفاده از مدل خودرگرسیون برداری ساختاری (SVAR) ، 5 متغیره و داده های فصلی سال های 1369-1390 به بررسی تأثیر شوکهای مالی بر متغیرهای نامبرده در ایران پرداخته می شود . نتایج حاکی از آن است که مخارج دولت تأثیر معنی داری بر قیمت هریک از متغیرهای بازار دارایی ها دارد و یکی از عوامل مهم برای توضیح نوسانات این متغیرها به حساب می آید . برای محاسبه روابط پویای بین نااطمینانی متغیرها از رهیافت BEKK در مدلهای GARCH استفاده شد. کواریانس­های محاسبه شده بین متغیرها ، حاکی از رابطه منفی بین قیمت سهام و نرخ ارز با مخارج دولت، و رابطه مثبت قیمت مسکن با مخارج دولت می­باشد.&lt;br /&gt; &lt;br /&gt;  </OtherAbstract>
		<ObjectList>
			<Object Type="keyword">
			<Param Name="value">سیاست مالی</Param>
			</Object>
			<Object Type="keyword">
			<Param Name="value">قیمت مسکن</Param>
			</Object>
			<Object Type="keyword">
			<Param Name="value">قیمت سهام</Param>
			</Object>
			<Object Type="keyword">
			<Param Name="value">قیمت ارز</Param>
			</Object>
		</ObjectList>
<ArchiveCopySource DocType="pdf">http://amf.ui.ac.ir/article_19909_e9dd4ba685bff8e94d84f78beae8d3e8.pdf</ArchiveCopySource>
</Article>
</ArticleSet>
