<?xml version="1.0" encoding="UTF-8"?>
<!DOCTYPE ArticleSet PUBLIC "-//NLM//DTD PubMed 2.7//EN" "https://dtd.nlm.nih.gov/ncbi/pubmed/in/PubMed.dtd">
<ArticleSet>
<Article>
<Journal>
				<PublisherName>دانشگاه اصفهان</PublisherName>
				<JournalTitle>مدیریت دارایی و تأمین مالی</JournalTitle>
				<Issn>2383-1170</Issn>
				<Volume>6</Volume>
				<Issue>1</Issue>
				<PubDate PubStatus="epublish">
					<Year>2018</Year>
					<Month>04</Month>
					<Day>21</Day>
				</PubDate>
			</Journal>
<ArticleTitle>The Best Methodology of Estimation of Value-at-Risk in Iranian Mutual Funds</ArticleTitle>
<VernacularTitle>انتخاب روش بهینۀ محاسبۀ ارزش در معرض خطر صندوق‌های سرمایه‌گذاری</VernacularTitle>
			<FirstPage>159</FirstPage>
			<LastPage>180</LastPage>
			<ELocationID EIdType="pii">21353</ELocationID>
			
<ELocationID EIdType="doi">10.22108/amf.2017.21353</ELocationID>
			
			<Language>FA</Language>
<AuthorList>
<Author>
					<FirstName>محمد مهدی</FirstName>
					<LastName>نادری نورعینی</LastName>
<Affiliation>استادیار گروه حسابداری، دانشکده مدیریت و حسابداری، دانشگاه شهید بهشتی، تهران، ایران</Affiliation>

</Author>
</AuthorList>
				<PublicationType>Journal Article</PublicationType>
			<History>
				<PubDate PubStatus="received">
					<Year>2016</Year>
					<Month>12</Month>
					<Day>15</Day>
				</PubDate>
			</History>
		<Abstract>The considerable increase of mutual funds in recent years drove supervising and controlling organizations of these funds to impose some risk management directives based on value-at-risk. However the concept’s flexibility raises many questions concerning the choice of the most accurate and suitable estimation model which can be used for risk management.The purpose of this study consists of selecting between the three esimation methods, namely, parametric, historical, and Monte Carlo simulation method, to determine the most accurate method for providing the prediction of potential losses which confront Iranian mutual funds. For this purpose, we tried firstly to present the different estimation’s approached of VaR. Secondly, we analyzed the statistical descriptive characteristics of mutual funds, the subject of this study. After that, empirical study’s results have been exposed, and therefore, allowed us to highlight that there is no significant difference between different methods and 99 percent confidence level is the best level for estimation.</Abstract>
			<OtherAbstract Language="FA">در چند سال گذشته، تجربۀ انفجار خارق­العاده ناشی از صندوق‌های سرمایه‌گذاری که به خرید سهام سایر شرکت­ها اقدام می‌کنند، سبب شد سازمان­های مسئول برای کنترل و نظارت بر این سرمایه­گذاری­ها، برخی دستورالعمل­های مدیریتی براساس ارزش در معرض خطر اعمال کنند؛ اما انعطاف­پذیری روش مذکور، پرسش‌های زیادی را دربارۀ انتخاب دقیق‌ترین و مناسب‌تر‌ین الگوی تخمین ایجاد کرد. هدف این مقاله، انتخاب روش بهینه از بین سه روش پارامتریک، شبیه‌سازی تاریخی و شبیه‌سازی مونت‌کارلو در سطوح اطمینان 99، 5/97 و 95 درصد است تا بهترین روش پیش‌بینی ضررهای احتمالی صندوق­های سرمایه­گذاری ایران مشخص شود. بدین‌منظور، ابتدا نتایج ناشی از روش‌های مختلف تخمین ارائه شد؛ سپس در هر روش محاسبه، صندوق­هایی مشخص شد که بیشترین وکمترین ارزش در معرض خطر را داشت. در این پژوهش، هر سه روش پارامتریک، شبیه­سازی تاریخی و شبیه­سازی مونت‌کارلو با آزمون کوپیک تأیید شد؛ اما بیشترین سطوح اطمینانی که با آزمون­های اعتبارسنجی تأیید شد، سطح اطمینان 99 درصد بود؛ به عبارت دیگر، مشخص شد سطح اطمینان 99 درصد، کمترین انحراف را نسبت به میانگین ایجاد می‌کند و بهترین سطح برای استفاده در روش‌های مختلف محاسبۀ ارزش در معرض خطر است. این مورد نشان می‌دهد در محاسبۀ خطر صندوق­های سرمایه‌گذاری در ایران، سطح اطمینان مدّنظر، مهم­تر از روش محاسبۀ ارزش در معرض خطر است که این موضوع دقیقاً با گزارش کمیتۀ بال در سال 2016 دربارۀ محاسبۀ ارزش در معرض خطر و کفایت سرمایۀ بانک­ها همخوانی دارد.</OtherAbstract>
		<ObjectList>
			<Object Type="keyword">
			<Param Name="value">ارزش در معرض خطر</Param>
			</Object>
			<Object Type="keyword">
			<Param Name="value">روش پارامتریک</Param>
			</Object>
			<Object Type="keyword">
			<Param Name="value">شبیه‌سازی مونت‌کارلو</Param>
			</Object>
			<Object Type="keyword">
			<Param Name="value">شبیه‌سازی تاریخی</Param>
			</Object>
			<Object Type="keyword">
			<Param Name="value">صندوق‌های سرمایه‌گذاری مشترک</Param>
			</Object>
		</ObjectList>
<ArchiveCopySource DocType="pdf">http://amf.ui.ac.ir/article_21353_02ea405047840d54ad1e57dbb2ec42a7.pdf</ArchiveCopySource>
</Article>
</ArticleSet>
