<?xml version="1.0" encoding="UTF-8"?>
<!DOCTYPE ArticleSet PUBLIC "-//NLM//DTD PubMed 2.7//EN" "https://dtd.nlm.nih.gov/ncbi/pubmed/in/PubMed.dtd">
<ArticleSet>
<Article>
<Journal>
				<PublisherName>دانشگاه اصفهان</PublisherName>
				<JournalTitle>مدیریت دارایی و تأمین مالی</JournalTitle>
				<Issn>2383-1170</Issn>
				<Volume>3</Volume>
				<Issue>1</Issue>
				<PubDate PubStatus="epublish">
					<Year>2015</Year>
					<Month>05</Month>
					<Day>22</Day>
				</PubDate>
			</Journal>
<ArticleTitle>Effects of fiscal policies on asset prices and its uncertainty in Iran</ArticleTitle>
<VernacularTitle>تأثیر سیاست مالی بر قیمت دارایی‌ها و نااطمینانی آن در ایران</VernacularTitle>
			<FirstPage>107</FirstPage>
			<LastPage>130</LastPage>
			<ELocationID EIdType="pii">19909</ELocationID>
			
			
			<Language>FA</Language>
<AuthorList>
<Author>
					<FirstName>سید جمال الدین</FirstName>
					<LastName>محسنی زنوزی</LastName>
<Affiliation>دانشکده اقتصاد و مدیریت، دانشگاه ارومیه</Affiliation>

</Author>
<Author>
					<FirstName>حسن</FirstName>
					<LastName>حیدری</LastName>
<Affiliation>دانشکده اقتصاد و مدیریت، دانشگاه ارومیه</Affiliation>

</Author>
<Author>
					<FirstName>فرزانه</FirstName>
					<LastName>طالبی</LastName>
<Affiliation>دانشکده اقتصاد و مدیریت، دانشگاه ارومیه</Affiliation>

</Author>
</AuthorList>
				<PublicationType>Journal Article</PublicationType>
			<History>
				<PubDate PubStatus="received">
					<Year>2016</Year>
					<Month>06</Month>
					<Day>14</Day>
				</PubDate>
			</History>
		<Abstract>Â  &lt;br /&gt; &lt;br /&gt;One of the interesting topics in economic issues isÂ asset markets . According to the theory ,if the asset market is efficient in information contextÂ and behave rationally, asset prices will reflect the information about the expected events . On the other hand, another important issue that is widely discussed in macroeconomics , is selection of appropriate policies and tools in order to eliminate the imbalances and instability of the economy . The aim of this study is to investigate the effects of government spending and income shocksÂ on asset prices such as housing prices , stock prices, and exchange rate by using structural vector autoregressive model (SVAR) with 5 variables and quarterly data from 1369 to 1390. The results showed that government spending has a significant effect on housing prices , stock prices, and exchange rate, and isÂ the most important variables to explain the volatility of these asset prices . BEKK approach in GARCH Models is used to estimate the dynamic relationship between the variables uncertainty. The estimated covariance between the variables, show the negative relationship between stock prices and government spending, and between exchange rate and government spending, but the positive relationship between housing prices and government spending is estimated. &lt;br /&gt; &lt;br /&gt;Â </Abstract>
			<OtherAbstract Language="FA"> &lt;br /&gt; &lt;br /&gt; یکی از موضوع های مورد توجه و تأثیرگذار در مسائل اقتصادی بازار دارایی هاست . به لحاظ نظری اگر بازار دارایی ها از نظر اطلاعات کارا عمل کرده و افراد عقلایی رفتار کنند ، قیمت دارایی­ها منعکس کننده اطلاعات موجود در باره وقایع مورد انتظار است . از سویی دیگر از جمله موضوع های مهم که به گونه ای گسترده در اقتصاد کلان مطرح است ، انتخاب سیاست ها و ابزارهای مناسب در جهت از بین بردن عدم تعادل و ایجاد ثبات اقتصادی است . در این تحقیق شوک های سیاست مالی بر روی قیمت دارایی ها شامل قیمت مسکن ، قیمت سهام و نرخ ارز مورد بررسی قرار خواهدگرفت . بدین منظور با استفاده از مدل خودرگرسیون برداری ساختاری (SVAR) ، 5 متغیره و داده های فصلی سال های 1369-1390 به بررسی تأثیر شوکهای مالی بر متغیرهای نامبرده در ایران پرداخته می شود . نتایج حاکی از آن است که مخارج دولت تأثیر معنی داری بر قیمت هریک از متغیرهای بازار دارایی ها دارد و یکی از عوامل مهم برای توضیح نوسانات این متغیرها به حساب می آید . برای محاسبه روابط پویای بین نااطمینانی متغیرها از رهیافت BEKK در مدلهای GARCH استفاده شد. کواریانس­های محاسبه شده بین متغیرها ، حاکی از رابطه منفی بین قیمت سهام و نرخ ارز با مخارج دولت، و رابطه مثبت قیمت مسکن با مخارج دولت می­باشد.&lt;br /&gt; &lt;br /&gt;  </OtherAbstract>
		<ObjectList>
			<Object Type="keyword">
			<Param Name="value">سیاست مالی</Param>
			</Object>
			<Object Type="keyword">
			<Param Name="value">قیمت مسکن</Param>
			</Object>
			<Object Type="keyword">
			<Param Name="value">قیمت سهام</Param>
			</Object>
			<Object Type="keyword">
			<Param Name="value">قیمت ارز</Param>
			</Object>
		</ObjectList>
<ArchiveCopySource DocType="pdf">http://amf.ui.ac.ir/article_19909_e9dd4ba685bff8e94d84f78beae8d3e8.pdf</ArchiveCopySource>
</Article>
</ArticleSet>
