<?xml version="1.0" encoding="UTF-8"?>
<!DOCTYPE ArticleSet PUBLIC "-//NLM//DTD PubMed 2.7//EN" "https://dtd.nlm.nih.gov/ncbi/pubmed/in/PubMed.dtd">
<ArticleSet>
<Article>
<Journal>
				<PublisherName>دانشگاه اصفهان</PublisherName>
				<JournalTitle>مدیریت دارایی و تأمین مالی</JournalTitle>
				<Issn>2383-1170</Issn>
				<Volume>1</Volume>
				<Issue>1</Issue>
				<PubDate PubStatus="epublish">
					<Year>2013</Year>
					<Month>08</Month>
					<Day>23</Day>
				</PubDate>
			</Journal>
<ArticleTitle>Asset Management &amp; Financing</ArticleTitle>
<VernacularTitle>مدیریت دارایی و تأمین مالی</VernacularTitle>
			<FirstPage>0</FirstPage>
			<LastPage></LastPage>
			<ELocationID EIdType="pii">19832</ELocationID>
			
			
			<Language>FA</Language>
<AuthorList>
</AuthorList>
				<PublicationType>Journal Article</PublicationType>
			<History>
				<PubDate PubStatus="received">
					<Year>2016</Year>
					<Month>06</Month>
					<Day>14</Day>
				</PubDate>
			</History>
		<Abstract></Abstract>
			<OtherAbstract Language="FA"></OtherAbstract>
<ArchiveCopySource DocType="pdf">http://amf.ui.ac.ir/article_19832_58be228a7f87675a1298c17fae6eb52a.pdf</ArchiveCopySource>
</Article>

<Article>
<Journal>
				<PublisherName>دانشگاه اصفهان</PublisherName>
				<JournalTitle>مدیریت دارایی و تأمین مالی</JournalTitle>
				<Issn>2383-1170</Issn>
				<Volume>1</Volume>
				<Issue>1</Issue>
				<PubDate PubStatus="epublish">
					<Year>2013</Year>
					<Month>08</Month>
					<Day>23</Day>
				</PubDate>
			</Journal>
<ArticleTitle>The influencing factors on capital budgeting techniques selection in Tehran Stock Exchange</ArticleTitle>
<VernacularTitle>عوامل موثر بر انتخاب روشهای بودجه‌بندی سرمایه‌ای در بورس تهران</VernacularTitle>
			<FirstPage>1</FirstPage>
			<LastPage>12</LastPage>
			<ELocationID EIdType="pii">19820</ELocationID>
			
			
			<Language>FA</Language>
<AuthorList>
<Author>
					<FirstName>عسگر</FirstName>
					<LastName>نوربخش</LastName>
<Affiliation>دانشگاه تهران</Affiliation>

</Author>
<Author>
					<FirstName>غلامرضا</FirstName>
					<LastName>عسگری</LastName>
<Affiliation>دانشگاه مالک اشتر</Affiliation>

</Author>
<Author>
					<FirstName>رضا</FirstName>
					<LastName>راعی</LastName>
<Affiliation>دانشگاه تهران</Affiliation>

</Author>
</AuthorList>
				<PublicationType>Journal Article</PublicationType>
			<History>
				<PubDate PubStatus="received">
					<Year>2016</Year>
					<Month>06</Month>
					<Day>14</Day>
				</PubDate>
			</History>
		<Abstract>This article reports the results of a survey of executives of companies listed on the Tehran Stock Exchange regarding their companiesâ capital budgeting practices and the major factors influencing their practices. The results show that the majority of responding companies use formal techniques to evaluate proposed capital investments. Of these companies, the majority use a discounted cash flow technique as the primary measure for evaluating capital investment proposals. Sensitivity analysis and Decision tree analysis are the most commonly-used risk assessment techniques. Accounting return on equity and the CAPM are most popular used techniques in Calculating the Cost of Equity in Iran. The most important objectives in capital budgeting are increase future cash flow and Growth in market shares followed by growth in long term earnings.The results also show that chief financial officer educational background and size of annual capital investment (increase in Net Fixed Assets) influence capital budgeting analysis technique usage.</Abstract>
			<OtherAbstract Language="FA">هدف این تحقیق شناسایی روشهای مورد استفاده در ارزیابی پروژه‌های سرمایه‌گذاری در میان شرکتهای پذیرفته‌شده در بورس اوراق بهادار تهران و تعیین عوامل تاثیر‌گذار بر انتخاب این روشها است. بدین منظور با استفاده از روش نمونه‌گیری طبقه‌ای، 100 شرکت فعال در بورس تهران انتخاب شده و یک پرسشنامه محقق ساخته برای مدیران مالی آنها ارسال شد. نتایج تحقیق نشان داد که 94 درصد شرکتها برای ارزیابی پروژه‌های سرمایه‌گذاری از روشهای بودجه‌بندی استفاده می‌کنند. از این میان 61 درصد از روشهای تنزیلی و 39 درصد از روشهای غیرتنزیلی استفاده می‌کنند. همچنین 78 درصد شرکتها در ارزیابی پروژه‌ها از بیش از یک تکنیک استفاده می‌کنند که دوره برگشت سرمایه با 60 درصد، بیشترین فراوانی را دارد. در رتبه‌های بعدی NPV و IRR به ترتیب با 37 و 36 درصد قرار می‌گیرند. همچنین شرکتهای ایرانی برای محاسبه هزینه حقوق صاحبان سهام خود به طور یکسان از روشهای بازده حسابداری حقوق صاحبان سهام و CAPM استفاده می‌کنند. در خصوص عوامل تاثیر‌گذار بر انتخاب روشها نیز، بررسی فرضیات تحقیق نشان داد که پیشینه تحصیلی مدیران مالی و حجم سرمایه‌گذاری در انتخاب نوع تکنیک‌های بودجه‌بندی سرمایه‌ای تاثیر‌گذار است. لیکن اندازه شرکت و قدمت آن در بورس، تاثیری بر استفاده از روشهای بودجه‌بندی سرمایه‌ای ندارد.</OtherAbstract>
		<ObjectList>
			<Object Type="keyword">
			<Param Name="value">بودجه‌بندی سرمایه‌ای</Param>
			</Object>
			<Object Type="keyword">
			<Param Name="value">مدل قیمت‌گذاری داراییهای سرمایه‌ای</Param>
			</Object>
			<Object Type="keyword">
			<Param Name="value">روشهای تنزیلی</Param>
			</Object>
			<Object Type="keyword">
			<Param Name="value">روشهای غیرتنزیلی</Param>
			</Object>
			<Object Type="keyword">
			<Param Name="value">ارزیابی پروژه‌ها</Param>
			</Object>
		</ObjectList>
<ArchiveCopySource DocType="pdf">http://amf.ui.ac.ir/article_19820_5a4ea3da73247a20162f9d5a496ec0d9.pdf</ArchiveCopySource>
</Article>

<Article>
<Journal>
				<PublisherName>دانشگاه اصفهان</PublisherName>
				<JournalTitle>مدیریت دارایی و تأمین مالی</JournalTitle>
				<Issn>2383-1170</Issn>
				<Volume>1</Volume>
				<Issue>1</Issue>
				<PubDate PubStatus="epublish">
					<Year>2013</Year>
					<Month>08</Month>
					<Day>23</Day>
				</PubDate>
			</Journal>
<ArticleTitle>The Effect of Disclosure Quality on the Value Relevance of Financial Statements Items</ArticleTitle>
<VernacularTitle>تأثیر کیفیت افشا بر رابطه ارزشی اقلام صورت‌های مالی</VernacularTitle>
			<FirstPage>13</FirstPage>
			<LastPage>26</LastPage>
			<ELocationID EIdType="pii">19830</ELocationID>
			
			
			<Language>FA</Language>
<AuthorList>
<Author>
					<FirstName>رضوان</FirstName>
					<LastName>حجازی</LastName>
<Affiliation>دانشگاه الزهرا</Affiliation>

</Author>
<Author>
					<FirstName>ویدا</FirstName>
					<LastName>مجتهدزاده</LastName>
<Affiliation>دانشگاه الزهرا</Affiliation>

</Author>
<Author>
					<FirstName>اعظم</FirstName>
					<LastName>ولی زاده لاریجانی</LastName>
<Affiliation>دانشگاه الزهرا</Affiliation>

</Author>
</AuthorList>
				<PublicationType>Journal Article</PublicationType>
			<History>
				<PubDate PubStatus="received">
					<Year>2016</Year>
					<Month>06</Month>
					<Day>14</Day>
				</PubDate>
			</History>
		<Abstract>High quality accounting information is necessary for capital market health function and overall economy and is very important for investors, companies and standard setters. So, in this study the effect of disclosure quality on the value relevance of financial statements items is examined. For this, at first the value relevance of financial statements items and the value relevance of disclosure quality Characteristic with future stock return were tested. Then, the effect of disclosure quality on the relationship between financial statements items and future stock return was examined. &lt;br /&gt;The statistical population was the listed companies in Tehran Stock Exchange during 1383 to 1391. Panel data regression analysis (Time-Fixed Effect Model and Time-Random Effect Model) and Wald Test were used in the research method. The results indicated that financial statements items except operating profit and debt ratio and financial information reliability and timeliness characteristics have significant relationships with future stock return. Also, the results showed that disclosure quality and communication score has no significant effect on the value relevance of financial statements items with future stock return.</Abstract>
			<OtherAbstract Language="FA">اطلاعات حسابداری با کیفیت، شرط لازم برای کارکرد سالم بازارهای سرمایه و به طور کلی اقتصاد می‌باشد و اهمیت زیادی برای سرمایه‌گذاران، شرکت‌ها و تدوین‌کنندگان استانداردهای حسابداری دارد. با توجه به این موضوع، در این تحقیق، تأثیر کیفیت افشا بر رابطه ارزشی اقلام صورت‌های مالی بررسی شده است. به این منظور ابتدا رابطه ارزشی اقلام صورت‌های مالی و رابطه ارزشی ویژگی‌های کیفیت افشا با بازده آتی سهام مورد آزمون قرار گرفت. سپس، تأثیر کیفیت افشا بر رابطه بین اقلام صورت‌های مالی با بازده آتی سهام بررسی شد.&lt;br /&gt; جامعه آماری این تحقیق شرکت‌های پذیرفته شده در بورس اوراق بهادار تهران طی سال‌های 1383 تا 1391 می‌باشد. در روش تحقیق از تحلیل رگرسیون داده‌های ترکیبی ( مدل اثرات ثابت زمانی و مدل اثرات تصادفی زمانی) و نیز از آزمون والد استفاده شد. نتایج تحقیق حاکی از وجود رابطه معنی‌دار بین اقلام صورت‌های مالی (به استثنای سود عملیاتی و نسبت بدهی) و ویژگی‌های قابلیت اتکا و به موقع بودن اطلاعات مالی با بازده آتی سهام است. همچنین، نتایج نشان می‌دهد که امتیاز کیفیت افشا و اطلاع‌رسانی بر رابطه ارزشی اقلام صورت‌های مالی با بازده آتی سهام تأثیر معنی‌داری ندارد.</OtherAbstract>
		<ObjectList>
			<Object Type="keyword">
			<Param Name="value">بازار سرمایه</Param>
			</Object>
			<Object Type="keyword">
			<Param Name="value">کیفیت افشا</Param>
			</Object>
			<Object Type="keyword">
			<Param Name="value">صورت‌های مالی</Param>
			</Object>
		</ObjectList>
<ArchiveCopySource DocType="pdf">http://amf.ui.ac.ir/article_19830_ea0ab6faee126a0fe2c636c4f1a5bd00.pdf</ArchiveCopySource>
</Article>

<Article>
<Journal>
				<PublisherName>دانشگاه اصفهان</PublisherName>
				<JournalTitle>مدیریت دارایی و تأمین مالی</JournalTitle>
				<Issn>2383-1170</Issn>
				<Volume>1</Volume>
				<Issue>1</Issue>
				<PubDate PubStatus="epublish">
					<Year>2013</Year>
					<Month>08</Month>
					<Day>23</Day>
				</PubDate>
			</Journal>
<ArticleTitle>Predicting Tehranâs Stock Market Index With Adaptive Nework-Based Fuzzy Inference System (ANFIS)</ArticleTitle>
<VernacularTitle>پیش‌بینی شاخص بورس اوراق بهادار تهران با استفاده از انفیس</VernacularTitle>
			<FirstPage>27</FirstPage>
			<LastPage>44</LastPage>
			<ELocationID EIdType="pii">19828</ELocationID>
			
			
			<Language>FA</Language>
<AuthorList>
<Author>
					<FirstName>سجاد</FirstName>
					<LastName>فرازمند</LastName>
<Affiliation>دانشگاه تربیت مدرس</Affiliation>

</Author>
<Author>
					<FirstName>اسدالله</FirstName>
					<LastName>کردنائیج</LastName>
<Affiliation>دانشگاه تربیت مدرس</Affiliation>

</Author>
<Author>
					<FirstName>اصغر</FirstName>
					<LastName>مشبکی</LastName>
<Affiliation>دانشگاه تربیت مدرس</Affiliation>

</Author>
</AuthorList>
				<PublicationType>Journal Article</PublicationType>
			<History>
				<PubDate PubStatus="received">
					<Year>2016</Year>
					<Month>06</Month>
					<Day>14</Day>
				</PubDate>
			</History>
		<Abstract>Stock market prediction is important because successful prediction of stock prices may promise attractive benefits. This task is complicated and very difficult. In this paper, the predictability of stock market index with Adaptive Network-Based Fuzzy Inference System (ANFIS) is investigated. The goal is to determine whether an ANFIS algorithm is capable to predict stock market return and trying to find best architecture. We attempt to model and predict the return on stock price index of the Tehran Stock Exchange (TEDPIX) with ANFIS. We use six macroeconomic variables as input variables. The experimental results reveal that the model successfully forecasts the daily return of TEDPIX Index. ANFIS can be a useful tool for economists and practitioners dealing with the forecasting of the stock price index return.</Abstract>
			<OtherAbstract Language="FA">هدف اصلی این تحقیق بررسی پیش‌بینی پذیری شاخص قیمت و بازده نقدی بورس اوراق بهادار تهران به کمک انفیس و یافتن مدل مناسب برای پیش‌بینی شاخص بورس اوراق بهادار تهران (تدپیکس) بوده است. بدین منظور، نخست سه متغیر کلان اقتصادی به همراه مقادیر تاریخی شاخص تدپیکس به عنوان ورودی‌های مدل انتخاب شدند؛ سپس ساختارهای گوناگون انفیس و شبکه عصبی مصنوعی پس‌انتشار خطا برای بررسی پیش‌بینی پذیری و شناسایی مدل مناسب انتخاب گردید و برای بررسی پیش بینی‌های اقتصادی، علاوه بر روش‌های آماری از روش غیر آماری نرخ برخورد نیز استفاده شده است. نتایج حاصل از پیش بینی شاخص بورس تهران در بازه زمانی؛ آذرماه 1379 تا مهر 1391، و نرم‌افزار MATLAB (2012) ، معیارهای خطای آماری، غیر آماری و ضریب تعیین بیش از 80 درصد نشان می‌دهد: ساختارهای ساده‌تر در پیش بینی شاخص علاوه بر مزیت سادگی و سرعت، دارای دقت بالاتر هستند و پیش بینی های انفیس نسبت به شبکه‌های عصبی مصنوعی پس‌انتشار خطا دقیق ترند. بر این اساس، انفیس تکنیکی امیدوار کننده برای سرمایه گذاران در پیش بینی شاخص بازده کل بورس اوراق بهادار تهران است</OtherAbstract>
		<ObjectList>
			<Object Type="keyword">
			<Param Name="value">انفیس</Param>
			</Object>
			<Object Type="keyword">
			<Param Name="value">پیش بینی</Param>
			</Object>
			<Object Type="keyword">
			<Param Name="value">بازار بورس</Param>
			</Object>
			<Object Type="keyword">
			<Param Name="value">تدپیکس</Param>
			</Object>
			<Object Type="keyword">
			<Param Name="value">نرخ برخورد</Param>
			</Object>
		</ObjectList>
<ArchiveCopySource DocType="pdf">http://amf.ui.ac.ir/article_19828_f5acceb26cef4ea0a9430fe8a7655395.pdf</ArchiveCopySource>
</Article>

<Article>
<Journal>
				<PublisherName>دانشگاه اصفهان</PublisherName>
				<JournalTitle>مدیریت دارایی و تأمین مالی</JournalTitle>
				<Issn>2383-1170</Issn>
				<Volume>1</Volume>
				<Issue>1</Issue>
				<PubDate PubStatus="epublish">
					<Year>2013</Year>
					<Month>08</Month>
					<Day>23</Day>
				</PubDate>
			</Journal>
<ArticleTitle>Stochastic Dominance Based On Value Premium and investors Risk aversion Behavior at TSE</ArticleTitle>
<VernacularTitle>برتری تصادفی مبتنی بر صرف ارزش و رفتار ریسک گریزانه سرمایه گذاران بورس اوراق بهادار تهران</VernacularTitle>
			<FirstPage>45</FirstPage>
			<LastPage>62</LastPage>
			<ELocationID EIdType="pii">19818</ELocationID>
			
			
			<Language>FA</Language>
<AuthorList>
<Author>
					<FirstName>عبدالمجید</FirstName>
					<LastName>عبدالباقی</LastName>
<Affiliation>دانشگاه شیخ بهایی</Affiliation>

</Author>
<Author>
					<FirstName>محمدرضا</FirstName>
					<LastName>حمیدیزاده</LastName>
<Affiliation>دانشگاه شهید بهشتی</Affiliation>

</Author>
<Author>
					<FirstName>محمد</FirstName>
					<LastName>عرب مازار</LastName>
<Affiliation>دانشگاه شهید بهشتی</Affiliation>

</Author>
<Author>
					<FirstName>احمد</FirstName>
					<LastName>بدری</LastName>
<Affiliation>دانشگاه شهید بهشتی</Affiliation>

</Author>
</AuthorList>
				<PublicationType>Journal Article</PublicationType>
			<History>
				<PubDate PubStatus="received">
					<Year>2016</Year>
					<Month>06</Month>
					<Day>14</Day>
				</PubDate>
			</History>
		<Abstract>In this we article study the common rules of stochastic dominance (first order stochastic dominance, second and third) also the concept of stochastic dominance are discussed in the context of real behaviour of investors. thus has been studied the Investorâs behavior toward growth-value stocks based on rules of stochastic dominance in listed companies at TSE. The results donât showed first, second and third order of stochastic dominance of Growth stocks over value stocks and value stocks over Growth stocks.</Abstract>
			<OtherAbstract Language="FA">در این مقاله به بررسی متداول‌ترین قوانین غلبه تصادفی یعنی غلبه تصادفی مرتبه اول، دوم و سوم، پرداخته شده و مفهوم غلبه تصادفی در چارچوب رفتار واقعی سرمایه‌گذاران مورد بحث قرار گرفته است. بر این اساس به ارائه روش‌های آزمون رفتار مبتنی بر غلبه تصادفی سرمایه‌گذاران بر روی پرتفوی سهام رشدی-ارزشی شرکت‌های پذیرفته شده در بورس اوراق بهادار تهران پرداخته شده است. نتایج بدست آمده حاکی از عدم غلبه تصادفی مراتب اول، دوم و سوم سهام ارزشی بر رشدی و سهام رشدی بر ارزشی است.</OtherAbstract>
		<ObjectList>
			<Object Type="keyword">
			<Param Name="value">غلبه تصادفی</Param>
			</Object>
			<Object Type="keyword">
			<Param Name="value">نظریه آینده‌نگری</Param>
			</Object>
			<Object Type="keyword">
			<Param Name="value">تابع مطلوبیت</Param>
			</Object>
			<Object Type="keyword">
			<Param Name="value">سهام ارزشی</Param>
			</Object>
			<Object Type="keyword">
			<Param Name="value">سهام رشدی</Param>
			</Object>
		</ObjectList>
<ArchiveCopySource DocType="pdf">http://amf.ui.ac.ir/article_19818_9ea332c6829d33f1509e91025c32e42e.pdf</ArchiveCopySource>
</Article>

<Article>
<Journal>
				<PublisherName>دانشگاه اصفهان</PublisherName>
				<JournalTitle>مدیریت دارایی و تأمین مالی</JournalTitle>
				<Issn>2383-1170</Issn>
				<Volume>1</Volume>
				<Issue>1</Issue>
				<PubDate PubStatus="epublish">
					<Year>2013</Year>
					<Month>08</Month>
					<Day>23</Day>
				</PubDate>
			</Journal>
<ArticleTitle>Investigation of impact of after-market liquidity on IPO price in Tehran Stock Exchange</ArticleTitle>
<VernacularTitle>بررسی اثر نقدشوندگی بازار ثانویه بر قیمت عرضه اولیه بورس اوراق بهادار تهران</VernacularTitle>
			<FirstPage>63</FirstPage>
			<LastPage>74</LastPage>
			<ELocationID EIdType="pii">19822</ELocationID>
			
			
			<Language>FA</Language>
<AuthorList>
<Author>
					<FirstName>لیلا</FirstName>
					<LastName>باطنی</LastName>
<Affiliation>دانشگاه آزاد اسلامی،واحد علوم و تحقیقات</Affiliation>

</Author>
<Author>
					<FirstName>زهرا</FirstName>
					<LastName>پورزمانی</LastName>
<Affiliation>دانشگاه آزاد اسلامی،واحد تهران شمال</Affiliation>

</Author>
<Author>
					<FirstName>فریدون</FirstName>
					<LastName>رهنمای رودپشتی</LastName>
<Affiliation>دانشگاه آزاد اسلامی</Affiliation>

</Author>
</AuthorList>
				<PublicationType>Journal Article</PublicationType>
			<History>
				<PubDate PubStatus="received">
					<Year>2016</Year>
					<Month>06</Month>
					<Day>14</Day>
				</PubDate>
			</History>
		<Abstract>Our study investigates the relationship between after-market liquidity and initial public offering (IPO) price. We also examine effects of other factors such as: firm size, belonging to the high-risk industry, IPO size, reputation of the underwriter and firm age on IPO price. The sample consists of all IPOs issued in Iran stock exchange during 2006-2012.the actual data cover the period from sep2006 to march2012.our findings indicate that IPO price is positively related to after-market liquidity and there is no relationship between IPO price and other factors such as: firm size, belonging to the high-risk industry, IPO size, reputation of the underwriter and firm age.</Abstract>
			<OtherAbstract Language="FA">باتوجه به روندافزایش فعالیت بازارسرمایه ایران،اهمیت بررسی نحوه قیمت گذاری شرکتها دربدوورودبه بورس اوراق بهادار ازکسی پوشیده نیست.ازطرفی دیگر نقد شوندگی به مثابه شریان حیاتی بازارهای مالی به شمارمی آید،لذا تحقیق حاضر سعی داردبا توجه به نقش نقدشوندگی در کشف قیمت دارائیها،توزیع ریسک مالی و کاهش هزینه مبادلات به بررسی تاثیراین شاخص بر قیمت گذاری سهام عرضه اولیه بپردازد.همچنین تاثیر عوامل دیگری را همچون اندازه شرکت،متعلق بودن شرکت به صنایع پرریسک،اندازه عرضه اولیه،شهرت پذیره نویس و عمر شرکت را بر تعیین قیمت عرضه اولیه بسنجد. در این راستاشش فرضیه مطرح شد.به منظور بررسی نرمال بودن توزیع داده ها از آزمون کولوگروف-اسمیرنوف استفاده شد.سپس با استفاده از روش همبستگی و رگرسیون چندگانه به بررسی رابطه بین متغیرها پرداخته شد. پس از تحلیل نتایج،یافته های تحقیق نشان می دهد که نقدشوندگی بازار ثانویه در تعیین قیمت عرضه اولیه موثر است ونتیجه دیگر اینکه متغیر های مرتبط با قیمت گذاری عرضه اولیه، عمرشرکت،اندازه عرضه اولیه ،اندازه شرکت،متعلق بودن به صنایع پرریسک و شهرت موسسه پذیره نویس تاثیری در تعیین قیمت عرضه اولیه نداشت.</OtherAbstract>
		<ObjectList>
			<Object Type="keyword">
			<Param Name="value">عرضه عمومی اولیه</Param>
			</Object>
			<Object Type="keyword">
			<Param Name="value">نقدشونگی بازار</Param>
			</Object>
		</ObjectList>
<ArchiveCopySource DocType="pdf">http://amf.ui.ac.ir/article_19822_fa27028cee18337f5625e1df1fc06dfa.pdf</ArchiveCopySource>
</Article>

<Article>
<Journal>
				<PublisherName>دانشگاه اصفهان</PublisherName>
				<JournalTitle>مدیریت دارایی و تأمین مالی</JournalTitle>
				<Issn>2383-1170</Issn>
				<Volume>1</Volume>
				<Issue>1</Issue>
				<PubDate PubStatus="epublish">
					<Year>2013</Year>
					<Month>08</Month>
					<Day>23</Day>
				</PubDate>
			</Journal>
<ArticleTitle>Comparison of the behavior of International optimized portfolios based on Constant and Dynamic Conditional Correlation approaches</ArticleTitle>
<VernacularTitle>مقایسه رفتار سبد دارایی های بین المللی بهینه شده براساس مدل های مبتنی بر روش های همبستگی ثابت و شرطی پویا</VernacularTitle>
			<FirstPage>75</FirstPage>
			<LastPage>92</LastPage>
			<ELocationID EIdType="pii">19826</ELocationID>
			
			
			<Language>FA</Language>
<AuthorList>
<Author>
					<FirstName>میرسعید</FirstName>
					<LastName>محمدی</LastName>
<Affiliation>دانشگاه ارومیه</Affiliation>

</Author>
<Author>
					<FirstName>حمزه</FirstName>
					<LastName>دیدار</LastName>
<Affiliation>دانشگاه ارومیه</Affiliation>

</Author>
<Author>
					<FirstName>غلامرضا</FirstName>
					<LastName>منصورفر</LastName>
<Affiliation>دانشگاه ارومیه</Affiliation>

</Author>
</AuthorList>
				<PublicationType>Journal Article</PublicationType>
			<History>
				<PubDate PubStatus="received">
					<Year>2016</Year>
					<Month>06</Month>
					<Day>14</Day>
				</PubDate>
			</History>
		<Abstract>Abstract &lt;br /&gt;The issue of the optimal portfolio selection has always been one of the essential concerns of the investors. One of the famous models for this purpose is the Mean-Variance model of Markowitz. While Markowitz used the static correlation in his model, the recent studies have shown the dynamics of correlation between the variables over time. Therefore, this research investigates the consistency of the correlation matrices of return among the selected financial markets. In addition, developing the Markowitz Òs Mean-Variance model and using the Multiple Fitness Functions Genetic Algorithm tries to compare the behavior of the optimum portfolios based on two models of âDynamic Conditional Correlationâ and âStatic Correlationâ. Hence, market price index of three groups of the Middle Eastern developing, South East Emerging and some of the developing countries have been collected. The findings confirm the inequality of the correlation matrices of return during the period of study and also show that there is a significant difference between the behavior of international optimum portfolios based on the static and dynamic models.</Abstract>
			<OtherAbstract Language="FA">مساله انتخاب سبد دارایی بهینه همواره یکی از دغدغه های ذهنی سرمایه گذاران بوده است. درحالیکه مارکویتز از همبستگی ثابت در مدل خود بهره می برد، مطالعات اخیر از ثابت نبودن همبستگی بین متغیرها در طول زمان حکایت دارند. برهمین اساس، تحقیق حاضر ابتدا در پی بررسی همسانی ماتریس های همبستگی بین بازدهی بازار مالی کشورهای نوظهور جنوب شرق آسیا، کشورهای در حال توسعه منطقه خاورمیانه و کشورهای توسعه یافته بوده و سپس با توسعه مدل مارکویتز سعی در مقایسه رفتار سبد دارایی های بهینه شده ی مبتنی بر دو مدل &quot;همبستگی پویا&quot; و &quot;همبستگی ایستا&quot; توسط الگوریتم توابع برازش چندگانه ژنتیکی را دارد. یافته های تحقیق حاضر حکایت از نابرابر بودن ماتریس های همبستگی بازدهی در طول دوره مطالعه دارد. همچنین رفتار سبد دارایی های بین المللی بهینه شده مبتنی بر مدل پویا و مدل ایستا تفاوت معنی داری با هم دارد. این درحالی است که در هر سه گروه از کشورهای مورد مطالعه، مدل پویا سطوح بازده بالاتری را ارائه داده و بازده گسترده تری از ریسک را برای سرمایه گذار پیشنهاد می دهد.</OtherAbstract>
		<ObjectList>
			<Object Type="keyword">
			<Param Name="value">بهینه سازی سبد دارایی</Param>
			</Object>
			<Object Type="keyword">
			<Param Name="value">الگوریتم توابع برازش چندگانه ژنتیکی( MFFGA)</Param>
			</Object>
			<Object Type="keyword">
			<Param Name="value">همبستگی شرطی پویا(DCC)</Param>
			</Object>
			<Object Type="keyword">
			<Param Name="value">رفتار سبد دارایی</Param>
			</Object>
		</ObjectList>
<ArchiveCopySource DocType="pdf">http://amf.ui.ac.ir/article_19826_5f9a8618dc3a643eff65912c48792422.pdf</ArchiveCopySource>
</Article>

<Article>
<Journal>
				<PublisherName>دانشگاه اصفهان</PublisherName>
				<JournalTitle>مدیریت دارایی و تأمین مالی</JournalTitle>
				<Issn>2383-1170</Issn>
				<Volume>1</Volume>
				<Issue>1</Issue>
				<PubDate PubStatus="epublish">
					<Year>2013</Year>
					<Month>08</Month>
					<Day>23</Day>
				</PubDate>
			</Journal>
<ArticleTitle>The effect of ownership structure on the relationship between free cash flow and efficient use of assets</ArticleTitle>
<VernacularTitle>تاثیر ساختار مالکیتی بر ارتباط بین جریان‌های نقد آزاد و استفاده بهینه از دارایی‌ها</VernacularTitle>
			<FirstPage>93</FirstPage>
			<LastPage>108</LastPage>
			<ELocationID EIdType="pii">19824</ELocationID>
			
			
			<Language>FA</Language>
<AuthorList>
<Author>
					<FirstName>مریم</FirstName>
					<LastName>کاویانی</LastName>
<Affiliation></Affiliation>

</Author>
<Author>
					<FirstName>رامین</FirstName>
					<LastName>قربانی</LastName>
<Affiliation></Affiliation>

</Author>
<Author>
					<FirstName>محسن</FirstName>
					<LastName>رشیدی باغی</LastName>
<Affiliation></Affiliation>

</Author>
<Author>
					<FirstName>ولی</FirstName>
					<LastName>خدادادی</LastName>
<Affiliation>دانشگاه شهید چمران</Affiliation>

</Author>
</AuthorList>
				<PublicationType>Journal Article</PublicationType>
			<History>
				<PubDate PubStatus="received">
					<Year>2016</Year>
					<Month>06</Month>
					<Day>14</Day>
				</PubDate>
			</History>
		<Abstract>Abstract &lt;br /&gt;According to agency theory, ownership structure play important role in guiding opportunistic behavior by managers. In this study, will be examined various forms of ownership structure including managerial and institutional ownership structure and their effect on the relationship between free cash flow and efficient use of assets. Therefore, the data related to the companies listed in Tehran Stock Exchange for the period 1384 to 1390 were extracted and the combination regression model were used to test the hypothesis. The results show that there is significant positive relationship between of free cash flow, managerial ownership and efficient use of assets but, the relationship between institutional ownership and asset utilization was not confirmed. Also, the results show that with managerial ownership increases, the relationship between free cash flow and efficient use of assets is more negative and meaningful. Managers willing to invest free cash flows in projects with personal gain and did not follow the foreseen procedures and even ignore negative net present value projects. Total investment of some activities may have a positive ROI, but ROI is less than the cost of capital.</Abstract>
			<OtherAbstract Language="FA">چکیده بر اساس تئوری نمایندگی، ساختار مالکیتی نقش با اهمیتی را در راهبری رفتارهای فرصت طلبانه مدیران ایفا می‌کند. در این پژوهش اشکال مختلف ساختار مالکیتی شامل مالکیت مدیریتی و نهادی و چگونگی تاثیر آنها بر ارتباط بین جریان‌های نقد آزاد و استفاده بهینه از دارایی‌ها مورد بررسی قرار می-گیرد. به همین منظور، داده‌های مربوط به شرکت‌های پذیرفته شده در بورس اوراق بهادار تهران برای دوره‌ی زمانی 1384 تا 1390 استخراج و از الگوی رگرسیونی داده‌های ترکیبی برای آزمون فرضیه‌ها استفاده شد. نتایج پژوهش نشان می‌دهد که بین جریان‌های نقد آزاد، مالکیت مدیریتی و استفاده بهینه از دارایی‌ها رابطه‌ی مثبت و معنی‌داری وجود دارد اما، ارتباط بین مالکیت نهادی و استفاده بهینه از دارایی‌ها تایید نگردید. همچنین، نتایج حاکی از این است که با افزایش مالکیت مدیریتی، ارتباط بین جریان‌های نقد آزاد و استفاده بهینه از دارایی‌ها منفی و معنی‌دارتر می‌شود. مدیران مایل به سرمایه-گذاری جریان‌های نقد آزاد در پروژه‌های با منفعت شخصی هستند و از رویه‌های پیش‌بینی شده پیروی نکرده و حتی از خالص ارزش فعلی منفی پروژه چشم‌پوشی می‌کنند. برخی از فعالیت‌های سرمایه-گذاری در مجموع ممکن است که بازدهی مثبت داشته باشند ولی این بازدهی کمتر از هزینه سرمایه است.</OtherAbstract>
		<ObjectList>
			<Object Type="keyword">
			<Param Name="value">واژه‌های کلیدی: جریان نقد آزاد</Param>
			</Object>
			<Object Type="keyword">
			<Param Name="value">استفاده بهینه از دارایی‌ها</Param>
			</Object>
			<Object Type="keyword">
			<Param Name="value">مالکیت مدیریتی</Param>
			</Object>
			<Object Type="keyword">
			<Param Name="value">مالکیت نهادی</Param>
			</Object>
		</ObjectList>
<ArchiveCopySource DocType="pdf">http://amf.ui.ac.ir/article_19824_4f280d57f0454a7b8be954a626adef3e.pdf</ArchiveCopySource>
</Article>

<Article>
<Journal>
				<PublisherName>دانشگاه اصفهان</PublisherName>
				<JournalTitle>مدیریت دارایی و تأمین مالی</JournalTitle>
				<Issn>2383-1170</Issn>
				<Volume>1</Volume>
				<Issue>1</Issue>
				<PubDate PubStatus="epublish">
					<Year>2013</Year>
					<Month>08</Month>
					<Day>23</Day>
				</PubDate>
			</Journal>
<ArticleTitle>Examining of financial decisions, market timing and real investment on Tehran Stock Exchange</ArticleTitle>
<VernacularTitle>آزمون تصمیمات تامین مالی، زمانبندی بازار و سرمایه گذاری واقعی در بورس اوراق بهادار تهران</VernacularTitle>
			<FirstPage>109</FirstPage>
			<LastPage>122</LastPage>
			<ELocationID EIdType="pii">19816</ELocationID>
			
			
			<Language>FA</Language>
<AuthorList>
<Author>
					<FirstName>میرهادی</FirstName>
					<LastName>حسینی</LastName>
<Affiliation></Affiliation>

</Author>
</AuthorList>
				<PublicationType>Journal Article</PublicationType>
			<History>
				<PubDate PubStatus="received">
					<Year>2016</Year>
					<Month>06</Month>
					<Day>14</Day>
				</PubDate>
			</History>
		<Abstract>In financial economics, there are two theories, market timing theory (composition financing) and real investment-based theory (net financing), about relation between corporate finiancing and stock returns. Two theories predict significantly the negative relationship, but with different explanation. Using CAMP and Fama and French (1993) models and sample contain 78 of active company on Tehran Stock Exchange (TSE), we examine these two theories. The results indicat on the base of CAPM there is significantly positive relation between net and composition finiancing and stock returns but on the base of Fama and French that there is significantly negative relation between net and composition finiancing and stock returns. Also, when we use net and composition financing, together, there is there is significantly relation between the net and composition finiancing and the stock returns.</Abstract>
			<OtherAbstract Language="FA">در ادبیات اقتصاد مالی، دو نظریه زمانبندی بازار و نظریه سرمایه گذاری واقعی در ارتباط با رابطه بین تامین مالی برون سازمانی از طریق بدهی و سرمایه با بازده سهام وجود دارد. در حالیکه هر دو نظریه رابطه منفی بین تامین مالی برون سازمانی و بازده سهام را پیش بینی می نمایند اما اولی براساس رفتار مدیر جهت بهره گیری از قیمت گذاری اشتباه سهام بوده و دومی براساس پاسخ کارآمد قیمت های بازار به تغییر در ریسک می باشد. در این پژوهش با استفاده از اطلاعات مالی 78 شرکت پذیرفته شده در بورس اوراق بهادار تهران طی دوره زمانی 1385-1389 و با بهره گیری از مدل CAPM و فاما و فرنچ (1993) و روش تجزیه و تحلیل رگرسیون ترکیبی، نظریه زمانبندی بازار در قالب تامین مالی ترکیبی و نظریه سرمایه گذاری واقعی در قالب تامین مالی خالص، آزمون شده است. نتایج تحقیق بیانگر رابطه مثبت تامین مالی برون سازمانی، در دو حالت ترکیبی و خالص، با بازده سهام در مدل CAPM و رابطه منفی تامین مالی برون سازمانی در دو مذکور با بازده سهام در مدل فاما و فرنچ می باشد. همچنین رابطه میان خالص تامین مالی و ترکیب تامین مالی به صورت همزمان، با بازده سهام معنادار است.</OtherAbstract>
		<ObjectList>
			<Object Type="keyword">
			<Param Name="value">تامین مالی برون سازمانی</Param>
			</Object>
			<Object Type="keyword">
			<Param Name="value">نظریه زمانبندی بازار</Param>
			</Object>
			<Object Type="keyword">
			<Param Name="value">نظریه سرمایه گذاری واقعی</Param>
			</Object>
			<Object Type="keyword">
			<Param Name="value">مدل CAPM</Param>
			</Object>
			<Object Type="keyword">
			<Param Name="value">مدل فاما و فرنچ</Param>
			</Object>
		</ObjectList>
<ArchiveCopySource DocType="pdf">http://amf.ui.ac.ir/article_19816_fab8a5e7d61be5e93a157ab8aa36ee32.pdf</ArchiveCopySource>
</Article>
</ArticleSet>
