<?xml version="1.0" encoding="UTF-8"?>
<!DOCTYPE ArticleSet PUBLIC "-//NLM//DTD PubMed 2.7//EN" "https://dtd.nlm.nih.gov/ncbi/pubmed/in/PubMed.dtd">
<ArticleSet>
<Article>
<Journal>
				<PublisherName>دانشگاه اصفهان</PublisherName>
				<JournalTitle>مدیریت دارایی و تأمین مالی</JournalTitle>
				<Issn>2383-1170</Issn>
				<Volume>1</Volume>
				<Issue>1</Issue>
				<PubDate PubStatus="epublish">
					<Year>2013</Year>
					<Month>08</Month>
					<Day>23</Day>
				</PubDate>
			</Journal>
<ArticleTitle>Asset Management &amp; Financing</ArticleTitle>
<VernacularTitle>مدیریت دارایی و تأمین مالی</VernacularTitle>
			<FirstPage>0</FirstPage>
			<LastPage></LastPage>
			<ELocationID EIdType="pii">19832</ELocationID>
			
			
			<Language>FA</Language>
<AuthorList>
</AuthorList>
				<PublicationType>Journal Article</PublicationType>
			<History>
				<PubDate PubStatus="received">
					<Year>2016</Year>
					<Month>06</Month>
					<Day>14</Day>
				</PubDate>
			</History>
		<Abstract></Abstract>
			<OtherAbstract Language="FA"></OtherAbstract>
<ArchiveCopySource DocType="pdf">http://amf.ui.ac.ir/article_19832_58be228a7f87675a1298c17fae6eb52a.pdf</ArchiveCopySource>
</Article>
</ArticleSet>
