<?xml version="1.0" encoding="UTF-8"?>
<!DOCTYPE ArticleSet PUBLIC "-//NLM//DTD PubMed 2.7//EN" "https://dtd.nlm.nih.gov/ncbi/pubmed/in/PubMed.dtd">
<ArticleSet>
<Article>
<Journal>
				<PublisherName>دانشگاه اصفهان</PublisherName>
				<JournalTitle>مدیریت دارایی و تأمین مالی</JournalTitle>
				<Issn>2383-1170</Issn>
				<Volume>6</Volume>
				<Issue>3</Issue>
				<PubDate PubStatus="epublish">
					<Year>2018</Year>
					<Month>09</Month>
					<Day>23</Day>
				</PubDate>
			</Journal>
<ArticleTitle>The Study of long-Term Memory in Dynamic Volatility Relationship between Stock Returns and Exchange Rates</ArticleTitle>
<VernacularTitle>بررسی حافظۀ بلندمدت در نوسانات پویا: رابطۀ بین بازده سهام و نرخ ارز</VernacularTitle>
			<FirstPage>147</FirstPage>
			<LastPage>164</LastPage>
			<ELocationID EIdType="pii">23303</ELocationID>
			
<ELocationID EIdType="doi">10.22108/amf.2018.103992.1106</ELocationID>
			
			<Language>FA</Language>
<AuthorList>
<Author>
					<FirstName>داریوش</FirstName>
					<LastName>دموری</LastName>
<Affiliation>استادیار، گروه حسابداری و مالی، دانشکدۀ اقتصاد، مدیریت و حسابداری، دانشگاه یزد، یزد، ایران</Affiliation>

</Author>
<Author>
					<FirstName>نگار</FirstName>
					<LastName>میرزاد</LastName>
<Affiliation>گروه مدیریت بازرگانی ، دانشکده اقتصاد، مدیریت و حسابداری، دانشگاه یزد، یزد</Affiliation>

</Author>
</AuthorList>
				<PublicationType>Journal Article</PublicationType>
			<History>
				<PubDate PubStatus="received">
					<Year>2017</Year>
					<Month>05</Month>
					<Day>09</Day>
				</PubDate>
			</History>
		<Abstract>Nowadays, the issue of how to choose an appropriate system of currency exchange can be considered as one the pivots of macroeconomic policies and, in turn, currency fluctuation turns to one of the most crucial concerns of each country’s foreign commerce. Since, stock returns in the stock market are influenced by various factors, especially the macroeconomic variables, In this study, we examined the relationship between long-term memory in the return series (March 2011until February 2015) and USD / IRR exchange rate volatility and return on equity of Tehran Stock Exchange. Applying univariate and multivariate models GARCH in the first period (2011 and 2012), we witness that there exists the long-term memory in all series of return. In addition, not only does the student-GARCH (1,1) model indicate the best conformity with the total index (2011-2015), compared to other models, but it also can estimate exchange rates for the period of 2011and 2012 with higher accuracy. It is also noticeable that there exists no significant relationship between the exchange rates and the stock market returns, in the given period.</Abstract>
			<OtherAbstract Language="FA">نرخ ارز و سیستم مناسب ارزی از محورهای اصلی سیاست‌‌های اقتصادی محسوب می‌‌شود. نوسانات نرخ ارز از عمده‌‌ترین مسائل بخش بازرگانی خارجی هر کشور است. با توجه به اینکه بازده سهام پذیرفته‌شده در بورس اوراق بهادار از عوامل مختلف به‌‎ویژه متغیرهای کلان اقتصادی تأثیر می‌گیرد، در این مطالعه حافظۀ بلندمدت در سری بازده‌‌، در بازه زمانی اول فروردین 1390 تا پایان اسفند 1394 و رابطۀ بین نوسانات نرخ ارز ریال/دلار و بازده سهام در بازه زمانی1390 و 1391 با استفاده از الگو‌‌های تک‌متغیره و چندمتغیرۀ گارچ بررسی می‌‌شود. براساس نتایج به‌دست‌آمده همۀ سری‌‌های بازده، نشان‌دهندۀ وجود حافظۀ بلندمدت است. همچنین برمبنای مقایسۀ الگو‌‌های استفاده‌شده در این پژوهش، الگوی (student-GARCH (1,1 بهترین برآورد را برای شاخص کل در بازه زمانی 1394-1390 نسبت به الگو‌های دیگر نشان می‌دهد. با بررسی نوسان نرخ ارز ریال/دلار در بازه زمانی سال 91 و 90، الگوی student-GARCH (1,1) منجر به برآورد بهتری می‌شود. همچنین در بررسی رابطۀ بین نرخ ارز و بازده سهام ارتباطی دیده نمی‌شود.</OtherAbstract>
		<ObjectList>
			<Object Type="keyword">
			<Param Name="value">بازده سهام</Param>
			</Object>
			<Object Type="keyword">
			<Param Name="value">حافظۀ بلندمدت</Param>
			</Object>
			<Object Type="keyword">
			<Param Name="value">نرخ ارز</Param>
			</Object>
			<Object Type="keyword">
			<Param Name="value">گارچ</Param>
			</Object>
		</ObjectList>
<ArchiveCopySource DocType="pdf">http://amf.ui.ac.ir/article_23303_39bb02e3e1f46d8fa7afc4e464e59a6f.pdf</ArchiveCopySource>
</Article>
</ArticleSet>
