<?xml version="1.0" encoding="UTF-8"?>
<!DOCTYPE ArticleSet PUBLIC "-//NLM//DTD PubMed 2.7//EN" "https://dtd.nlm.nih.gov/ncbi/pubmed/in/PubMed.dtd">
<ArticleSet>
<Article>
<Journal>
				<PublisherName>دانشگاه اصفهان</PublisherName>
				<JournalTitle>مدیریت دارایی و تأمین مالی</JournalTitle>
				<Issn>2383-1170</Issn>
				<Volume>5</Volume>
				<Issue>4</Issue>
				<PubDate PubStatus="epublish">
					<Year>2017</Year>
					<Month>12</Month>
					<Day>22</Day>
				</PubDate>
			</Journal>
<ArticleTitle>The Role of Disclosure Quality and Accruals Quality in Reducing the Deviation from the Optimal Capital Structure</ArticleTitle>
<VernacularTitle>نقش کیفیت افشا و کیفیت اقلام تعهدی در کاهش انحراف از سطح بهینۀ ساختار سرمایه</VernacularTitle>
			<FirstPage>167</FirstPage>
			<LastPage>180</LastPage>
			<ELocationID EIdType="pii">21212</ELocationID>
			
<ELocationID EIdType="doi">10.22108/amf.2017.21212</ELocationID>
			
			<Language>FA</Language>
<AuthorList>
<Author>
					<FirstName>عباس</FirstName>
					<LastName>افلاطونی</LastName>
<Affiliation>استادیار، دانشکده اقتصاد و علوم اجتماعی- گروه حسابداری دانشگاه بوعلی سینا، همدان</Affiliation>
<Identifier Source="ORCID">0000-0002-0573-376X</Identifier>

</Author>
<Author>
					<FirstName>امین</FirstName>
					<LastName>امیربختیاروند</LastName>
<Affiliation>دانشجوی کارشناسی ارشد دانشکده اقتصاد و علوم اجتماعی- گروه حسابداری دانشگاه بوعلی سینا، همدان</Affiliation>

</Author>
</AuthorList>
				<PublicationType>Journal Article</PublicationType>
			<History>
				<PubDate PubStatus="received">
					<Year>2016</Year>
					<Month>02</Month>
					<Day>10</Day>
				</PubDate>
			</History>
		<Abstract>Information asymmetry and conflicts of interest between management and shareholders leads to the phenomenon of adverse selection. Adverse selection means choosing the wrong investment choices by investors that leads to non-optimal allocation of capital market resources. In this condition, firms cannot easily finance their investment projects. This object leads the firms’ capital structures to a non-optimized mode. One way to avoid this problem is to increase the accruals quality and disclosure quality because this decreases the information asymmetry. This research investigates the effect of accruals quality and disclosure quality on deviation form the optimal capital structure in 123 firms listed in Tehran Stock Exchange during 2003-2014. The research results show that incearse in accruals quality and disclosure quality decrease the deviation from the optimal capital structure. In addition, the research findings indicate that the effect of accruals quality on deviation from the optimal capital structure in over-leveraged firms is significantly stronger than that in under-leveraged firms.</Abstract>
			<OtherAbstract Language="FA">عدم تقارن اطلاعاتی و تضاد منافع بین مدیران و سرمایه‌گذاران موجب بروز پدیدۀ گزینش نامناسب می‌شود. گزینش نامناسب به معنای انتخاب گزینه‌های نادرست سرمایه‌گذاری است و موجب تخصیص غیربهینۀ منابع موجود در بازار سرمایه می‌شود. در این شرایط، شرکت‌ها، پروژه‌های سرمایه‌گذاری خود را به‌سادگی نمی‌توانند تأمین مالی کنند. این موضوع، ساختار سرمایۀ شرکت‌ها را از حالت بهینه خارج می‌کند. یکی از راه‌های پیشگیری از این مشکل، ارتقای کیفیت اقلام تعهدی و کیفیت افشا است؛ زیرا این امر موجب کاهش عدم تقارن اطلاعاتی می‌شود. در این پژوهش‌، تأثیر کیفیت اقلام تعهدی و کیفیت افشا بر انحراف از سطح بهینۀ ساختار سرمایۀ 123 شرکت پذیرفته‌شده در بورس اوراق بهادار تهران از سال 1382 تا پایان 1393 آزمون شده است. نتایج پژوهش نشان می‌دهد با افزایش کیفیت اقلام تعهدی و کیفیت افشا، میزان انحراف از سطح بهینۀ ساختار سرمایه کاهش می‌یابد. افزون بر این، تأثیر کیفیت افشا بر انحراف از ساختار سرمایۀ بهینه در شرکت‌های بیش‌اهرمی به‌صورت معناداری از شرکت‌های کم‌اهرمی، قوی‌تر است.</OtherAbstract>
		<ObjectList>
			<Object Type="keyword">
			<Param Name="value">بیش‌اهرمی</Param>
			</Object>
			<Object Type="keyword">
			<Param Name="value">کم‌اهرمی</Param>
			</Object>
			<Object Type="keyword">
			<Param Name="value">ساختار سرمایۀ بهینه</Param>
			</Object>
			<Object Type="keyword">
			<Param Name="value">کیفیت افشا</Param>
			</Object>
			<Object Type="keyword">
			<Param Name="value">کیفیت اقلام تعهدی</Param>
			</Object>
		</ObjectList>
<ArchiveCopySource DocType="pdf">http://amf.ui.ac.ir/article_21212_eb71b45ce5235a035d2e58b3e7971dd5.pdf</ArchiveCopySource>
</Article>
</ArticleSet>
