<?xml version="1.0" encoding="UTF-8"?>
<!-- generator="FeedCreator" -->
<rss version="2.0">
    <channel>
        <title>پژوهش ادبیات معاصر جهان</title>
        <description>پژوهش ادبیات معاصر جهان</description>
        <link>https://jor.ut.ac.ir/</link>
        <lastBuildDate>Wed, 12 Aug 2020 00:35:38 +0100</lastBuildDate>
        <generator>FeedCreator</generator>
        <image>
            <url></url>
            <title>پژوهش ادبیات معاصر جهان</title>
            <link>https://jor.ut.ac.ir/</link>
            <description>Feed provided by پژوهش ادبیات معاصر جهان. Click to visit.</description>
        </image>
        <item>
            <title>بررسی تطبیقی اندیشه های پسااستعماری در رمان ذاکرة ...</title>
            <link>https://jor.ut.ac.ir/article_74849_9506.html</link>
            <description>ادبیات عصاره ی فرهنگ و تبلور نگرش جمعی یک قوم به زمان می باشد که به صورت مکتوب یا شفاهی تصویر می گردد، اما یکی از وجوهی که در ادبیات معاصر نادیده گرفته شده است، توجه به پیوندهای ادبیات داستانی معاصر با جریان های سیاسی روزگار آن است. پسااستعماری درگیر تأثیرات استعمار و عملکرد آن بر فرهنگ ها ورسوم و جوامع استعمار زده است. در این تحقیق رمان های معروف &amp;laquo;همسایه&amp;raquo; های احمد محمود و داستان بلند (ذاکرة الجسد) &amp;laquo;خاطرات تن&amp;raquo; احلام استغانمی از منظر خوانش نظریه ی پسااستعماری بررسی و مطالعه شده است.. . یافته های این تحقیق و تحلیل مولّفه‌های پسااستعماری آن(تقابل شرق و غرب، فرودست، دیگری، آگاهی) حاکی از آن است که مستغانمی و احمد محمود در رمان ذاکرة الجسد و همسایه ها با استفاده از تعبیرهای مستقیم و غیرمستقیم در صدد کشف و نقد تلاش های استعمار نوین در جهت نابودی هویت و استقلال سیاسی، فرهنگی، اجتماعی و اقتصادی ملل مشرق زمین، خصوصاً کشورهای اسلامی می باشد.</description>
            <pubDate>Mon, 20 Jan 2020 20:30:00 +0100</pubDate>
        </item>
        <item>
            <title>واکاوی چیستی معنا و زیبایی در «قصیدة النثر» (با تکیه ...</title>
            <link>https://jor.ut.ac.ir/article_74850_9506.html</link>
            <description>&amp;laquo;قصیدة النثر&amp;raquo; عنوان یک نوع ادبی است که توسط مجله لبنانی &amp;laquo;شعر&amp;raquo; و متأثر از ادبیات فرانسوی رواج یافت. این نوع ادبی صرف نظر از موافقان و مخالفان آن، در عرصه‌ی شعر و نقد معاصر عربی حضور دارد. در این مقاله چیستی قصیدة النثر و زیبایی و خوانش آن که در پیوند با معناست اهمیت دارد. زیبایی قصیدة النثر را به نوعی متفاوت و با کنکاش در عالم معنا باید جست و جو کرد. در این پژوهش سؤال اساسی مبتنی بر چیستی این نوع ادبی و چگونگی درک زیبایی در آن است. فهم چیستی قصیدة النثر در گرو گسست کامل از تفکر ادبی سنتی است، قصیدة النثر در زبان عربی به جهت هویت معنایی شکل گرفته در آن از سوی شاعرانی چون: ادونیس و انسی الحاج به عرصه‌ی رویکردهای هستی شناسیک و هرمنوتیک فلسفی قدم نهاده است . قصیدة النثر بستری است برای آفرینندگی گسترده و پیوسته در عالم معنا.</description>
            <pubDate>Mon, 20 Jan 2020 20:30:00 +0100</pubDate>
        </item>
        <item>
            <title>بررسی تحلیلی - تطبیقی رمان دراکولای برام استوکر و ...</title>
            <link>https://jor.ut.ac.ir/article_74851_9506.html</link>
            <description>در این جستار نگارندگان با واکاوی و مقایسه‌ی تحلیلی تطبیقی رمان مخوف دراکولا اثر برام استوکر و اسطوره‌ی کهن ضحاک، به این دریافت رسیده‌اند که دو اثر یاد شده علی‌رغم روساخت ناهمگونشان، در بسیاری از موارد همگون‌اند و شاخصه‌های بنیادین اسطوره‌ی ضحاک، در رمان معاصر دراکولا به شکلی برجسته تبلور یافته است؛ چنانکه در هر دو اثر ضد قهرمانان(دراکولا و ضحاک)، زشت‌چهر ودیوصفت هستند، در هر دو، ضد قهرمان پس از مرگ یا اسارت در بند، دیگربار به جهان برمی‌گردد و تباهی پیشه می‌کند، در هر دو، ضد قهرمانان، عاشق تاریکی‌ و ظلمت‌اند، در هر دو، پیر خرد، آنیما و سایه کنش فعالانه‌ای دارند، در هر دو ضد قهرمانان روح اهریمنی خود را به دیگران انتقال می‌دهند، در هر دو آنیما از چنگ سایه رها می‌شود و یا به تعبیری دیگرگونه، ابرهای باران‌زا از اسارت اژدهای خشکسالی آزاد می‌گردد، در هر دو ضد قهرمانان آدم‌خوار هستند و در گذر زمان دچار مسخ می‌شوند و به جادوگری روی می‌آورند.</description>
            <pubDate>Mon, 20 Jan 2020 20:30:00 +0100</pubDate>
        </item>
        <item>
            <title>بررسی منظومه «هذیان دل» شهریار از منظر مکاتب ...</title>
            <link>https://jor.ut.ac.ir/article_74852_9506.html</link>
            <description>با وجود اختلافات میان ادبیات ملل مختلف جهان، روحی واحد بر آنها حاکم است چراکه در حوزه‌های گوناگون درهم تأثیر گذاشته و از هم متأثرند. از جمله موضوعاتی که از اروپا نشأت‌گرفته و به طور اخص بر ادبیات معاصر ایران سایه افکند، مکاتب ادبی است؛ تاجایی که شاعران و نویسندگان زیادی را تحت تأثیر خود قرار داد؛ در این میان شهریار، به عنوان بزرگترین شاعر کلاسیک معاصر، به خاطر آشنایی به زبان فرانسه و به تبع آن تتبع درآثار ادبی غرب به خصوص شاتو بریان و حشرونشر با اشخاصی مثل نیما، عشقی، میرزا جعفرخامنه‌ای و صادق هدایت، به شدت از مکاتب مختلف ادبی اروپا متأثر شده و آثار ارزشمندی را &amp;ndash; که تحت عنوان مکتب شهریار مشهور است- خلق کرد؛ از جمله این آثار که تفاوت فاحش با سبک ذاتی و شخصی شهریار دارد و ذهن خواننده را به طرف کشف این تفاوت‌ها، سوق می‌دهد، منظومه هذیان دل است. نوشتۀ حاضر بر آن است که با بهره‌گیری از شیوۀ استقرایی و بازخوانی دقیق این منظومه، به این پرسش‌ها</description>
            <pubDate>Mon, 20 Jan 2020 20:30:00 +0100</pubDate>
        </item>
        <item>
            <title>بررسی بینامتنی هفت وادی عشق منطق الطیر عطار در «مرد ...</title>
            <link>https://jor.ut.ac.ir/article_74853_9506.html</link>
            <description>جستجوی عشق و رسیدن به کمال یکی از اصلی‌ترین بن‌مایه‌های میراث ادبی و هنری جهان است. جهان‌شمول بودن این درونمایه ازجمله عللی است که باعث شده این مفهوم در آثار نویسندگان متعدّدی منعکس شود. منطق‌الطیّر عطّار، این مفهوم را در قالب &quot;هفت وادی عشق&quot; که بیانگر سیر صعودی انسان برای رسیدن به کمال است، به تصویر کشیده است. آندره شدید، نویسنده فرانسوی زبان، در داستان کوتاه &amp;laquo;مرد نیم‌تنه و مسافرش&amp;raquo;، جستجوی کمال و محبّت را در قالب زندگی دو شخصیت کمال‌جو، که در نهایت به اتّحاد می‌رسند، ترسیم نموده است و هفت وادی عشق به طور تلویحی در این متن، با همان ترتیب مورد نظر عطّار ارایه شده است. بررسی تطبیقی این دو اثر با توجّه به بایسته‌های نظری بینامتنیّت ریفاتر، می‌تواند راهگشای یافتن نقطه نظرات مشابه آندره شدید و عطّار در ارتباط با موضوع هفت وادی عشق و بررسی چیستی و چرایی هم‌پیوندی‌های بازنمود این مفهوم نزد آن‌ها باشد.</description>
            <pubDate>Mon, 20 Jan 2020 20:30:00 +0100</pubDate>
        </item>
        <item>
            <title>نوشتار پست‌مدرن در دو رمان ملکوت اثر بهرام صادقی و ...</title>
            <link>https://jor.ut.ac.ir/article_74854_9506.html</link>
            <description>بهرام صادقی و ژان‌ماری گوستاو لوکلزیو هر دو از نویسندگان سنت‌شکن و نوآور معاصر هستند که، همانند هر یک از بزرگان علم و ادب، بر نویسندگان پس از خود نیز تأثیرگذار بوده‌اند. با توجه به اینکه این دو نویسنده از پیشگامان عصر داستان‌نویسی پسامدرن به شمار می‌روند و در یک برهۀ زمانی دو رمان مشهور خود، ملکوت (1350) و صورت‌جلسه (1963) را به نگارش درآورده‌اند، این سؤال مطرح می‌شود که تا چه اندازه مؤلفه‌های نوشتار پسامدرن در این دو اثر همسویند. شایان ذکر است، شرایط اجتماعی و تاریخی زمان نگارش این دو رمان به فرضیۀ شباهت آنها قوت می‌بخشد: صورت‌جلسه پس از جنگ الجزایر و ملکوت پس از کودتای 28 مرداد نگاشته شده است. مطالعۀ نزدیکیِ نوشتار پسامدرن در این دو رمان از این جهت جالب توجه است که مفهوم پسامدرن در فرهنگ‌ها و جوامع گوناگون یکسان نیست. در این مقاله، با تکیه بر شاخص‌ترین مؤلفه‌های پست‌مدرنِ مشترک در این دو اثر به مطالعۀ درونمایۀ مرگ‌اندیشی، دوگانگی و تناقض و در نهایت، بُعد معماگونۀ روایت می-پردازیم</description>
            <pubDate>Mon, 20 Jan 2020 20:30:00 +0100</pubDate>
        </item>
        <item>
            <title>مادر و شهرهای رشد یابنده : استعاره ای مدرن در سروده ...</title>
            <link>https://jor.ut.ac.ir/article_74855_9506.html</link>
            <description>هدف از نوشتار حاضر بازخوانی دشت های وهم آلود شهرهای رشد یابنده 1895 اثر امیل ورهارن در پرتو نقد روانشناختی است. در این سروده ها تصاویر حوزه ی ناخوداگاه به شهری جان می دهند که هیولاوار پیش می رود و پیکرش را فربه تر می کند. انگاره ی شهر به نحو معناداری با استعاره ی مادر پیوند دارد و وجوه متعدد و متضادی را برمی نمایاند : مظهر صلابت در مقام مادر- شهر از یک سو، مظهر درنده خویی و مادر نرینه ی هولناک از دیگر سو، نیز تجلٌی بخش زندگی ابدی و بازتاب دهنده ی تصویر مرگ توأمان. به نظر می رسد که تنها راه خودیابی انسان روان رنجه در شهر، نماد مادر بدنهاد و خیزاننده ی امیال سیری ناپذیر، این باشد که میل به بودن را از نو بیاموزد. پرسش جهانی سرانجام رهیده از سلطه ی شهرها ؟ در مؤخره ی سروده ها مبین آرزوی ناخودآگاه رهایی از سلطه ی ایزد بانوی مادر است، آرزویی که در برابر قدرت خیره کننده ی او چندان سر برنمی آورد.</description>
            <pubDate>Mon, 20 Jan 2020 20:30:00 +0100</pubDate>
        </item>
        <item>
            <title>بررسی و نقد صورتگرایانه شعر خلیل مطران و سهراب سپهری ...</title>
            <link>https://jor.ut.ac.ir/article_74856_9506.html</link>
            <description>. فرمالیسم در ادبیات ملل گوناگون ظهور بزرگانی چون یاکوبسن، شکلوفسکی و... جلوه گر است و در ادبیات عرب وامدار تلاشهای لفظ محور بزرگانی چون جاحظ و قدامه بن جعفر و عبدالقاهر جرجانی است و نشانه های آن در ادبیات معاصر عرب در آثار بزرگانی چون أمین نخله، صلاح عبدالصبور و... قابل مشاهده است، که پژوهش حاضر، سروه های دو شاعر معاصر عربی و فارسی یعنی مطران و سپهری را از نظرگاه نقد صورتگرایانه از منظر آشنایی زدایی و هنجارگریزی مورد بررسی و نقد قرار می دهد؛ از آنروی که شاخصه اصلی شعر هر دو شاعر کاربستِ شگردهای یاد شده می باشد، بررسی متن شعری این دو شاعر نشان از آن دارد که شعر سهراب؛ آب حیاتی در رگ سنت هاى تکرارى ادبیات بود و مبانى جدیدى براى علوم ادبى ایجاد کرد، اما زبان شعری مطران، زبانی ورای زبان عادی و معمولی است، بلکه در کنار آشنایی زدایی از زبان مأنوس، جانب رسانگی را نیز رعایت کرده است، یعنی خواننده بعد از تأمل، معنی مکتوم را کشف می کند.</description>
            <pubDate>Mon, 20 Jan 2020 20:30:00 +0100</pubDate>
        </item>
        <item>
            <title>بررسی داستان کوتاه معصوم اول اثر هوشنگ گلشیری بر ...</title>
            <link>https://jor.ut.ac.ir/article_74857_9506.html</link>
            <description>بررسی داستان معصوم اول، اثر هوشنگ گلشیری با روش تحقیق ساختاری، با استفاده از آرای روایی ژنت در مؤلفه‌ی زمان نشان داد نقل رخدادها در متن روایی تفاوت‌ اندکی با سطح داستانی دارد. متن جز در سه رخ‌داد زمان‌پریشی چندانی ندارد و دارای نظم تقویمی است. برد زمان‌پریشی به سمت گذشته‌ی نزدیک و در چند مورد به سمت گذشته‌ی دور، دامنه‌ی زمان‌پریشی مشمول بر زمان اندکی است. متن برخوردار از شتاب مثبت است. بسامدها از نوع مفرد، مکرر و بازگو است. در مولفه‌ی وجه، نویسنده برای استفاده از فاصله، از گفتار مستقیم، گفتار غیر مستقیم، گفتار غیر مستقیم آزاد و سخن روایت‌شده بهره‌برده است. راوی برخوردار از نقش‌های ارتباطی، گواهی‌دهنده و ایدئولوژیک می‌باشد. کانون‌های صفر، کانون درونی از انواع ثابت، متغییر و چندگانه و کانون خارجی مطابق طبقه‌بندی ژنت در روایت موجود است. در مؤلفه‌ی صدا، مؤلف، در روایت درون داستانی از نوع اول شخص، منِ ضمنی، منِ عینی و منِ قهرمان و همچنین دوم شخص و در روایت برون داستانی از دانای کل نمایشی بهره‌برده است</description>
            <pubDate>Mon, 20 Jan 2020 20:30:00 +0100</pubDate>
        </item>
        <item>
            <title>چالش قهرمان انزوا‌طلب در مقابله با زندگی مدرن: ...</title>
            <link>https://jor.ut.ac.ir/article_74858_9506.html</link>
            <description>قهرمان انزوا‌ طلب در آثار رمانتیک جلوۀ درخشانی دارد. قهرمان رمانتیک با پشت کردن به دنیا و تماس با طبیعت به کاوش در درون خود می پردازد. این کنش لزوما در مواجهۀ با مدرنیته نبوده بلکه بیشتر بیانگر نوستالژی انسان دور افتاده از ریشه‌ ها و طبیعت را بازمی‌ نمایاند. در قرن بیستم و تحت تاثیر نویسندگانی چون پروست و جویس بار دیگر انزوا و درون‌ نگری قهرمان رواج یافت که این‌بار کاملا متفاوت با انزوای رمانتیک بود. در اینجا جستجوی هویت در دنیای مدرن به چالش اساسی قهرمان و نویسنده بدل می‌ شود. در این مقاله برآنیم تا با بررسی شیوۀ روایت و گفته‌ پردازی دو رمان نفرین زمین جلال آل احمد و صورت-جلسه ژان ماری گوستاو لوکلزیو نسبت انزوای قهرمان با جهان مدرن را روشن ساخته و نشان دهیم که چگونه انزوا توانسته به امکانی برای مقاومت در مقابل جهان مدرن و ارزش‌ های تحمیلی آن تبدیل شود.</description>
            <pubDate>Mon, 20 Jan 2020 20:30:00 +0100</pubDate>
        </item>
        <item>
            <title>بررسی و مقایسة ترجمه رباعیات خیام از فیتزجرالد با ...</title>
            <link>https://jor.ut.ac.ir/article_74859_9506.html</link>
            <description>ترجمة ادبی و بویژه ترجمة شعر از حساسیت و دشواری ویژه ای برخوردار است تا آنجا که برخی آن را امکان ناپذیر دانسته اند.در این میان شعر فارسی با برخورداری از ظرایف، صنایع ادبی و وزن ویژه خود، ترجمه پذیری خود را سخت‌تر کرده است. رباعیات خیام نیز یکی از شاهکارهای ادبی است که به آسانی تن به ترجمه نمی دهد. با این وجود مترجمان زیادی سعی کرده‌اند تا این اشعار را به زبان خود ترجمه کنند که می‌توان ترجمه انگلیسی ادوارد فیتزجرالد و پیتر ایوری و جان هیث را نام برد. ترجمة ادوارد فیتزجرالد آزاد و ترجمه ایوری و هیث تحت اللفظی است و حدود صد سال بعد از ترجمة فیتزجرالد صورت گرفته است. در این پژوهش سعی می‌شود تا به بررسی و مقایسه ترجمه فیتزجرالد با ترجمه ایوری و هیث پرداخته شود و نکات ضعف و قوت هر کدام نشان داده شود و این نکته معلوم گردد که کدام ترجمه در انتقال مفاهیم مورد نظر خیام موفق‌تر بوده و کدام مترجم مفهوم رباعیات را بهتر فهمیده است.</description>
            <pubDate>Mon, 20 Jan 2020 20:30:00 +0100</pubDate>
        </item>
        <item>
            <title>&quot;سنگ آفتاب&quot; اکتاویو پاز و تأثیر آن بر ذهن و زبان ...</title>
            <link>https://jor.ut.ac.ir/article_74860_9506.html</link>
            <description>سنگ آفتاب اکتاویو پاز، یکی از آثاری است که شاملو را در راه رسیدن به زبانی مستقل و تازه، وام‌دار خود می‌سازد. این وامداری گاهی چنان منفعلانه است که علاوه برکاربرد آینه‌وار مفاهیم و واژگان و تصاویر، به توازی درساختارهای نحوی نیز ختم می‌شود و گاهی چنان عمیق است که به آفرینش خبرعظیم می‌انجامد و موجب گریز شعرش از قراردادهای مالوف نظام بلاغی می‌گردد. تعمق مبانی مکتب اکتاویو پاز در پاره‌ای از اشعار شاملو، مخاطبان را از رسیدن به نظام ثانوی ذهن و زبانش دور می‌کند. وی در تاثیرپذیری از پاز، به جای ایجاد فضایی سوررئالیستی، عمقی سوررئالیستی به اشعار خود می‌بخشد. گاهی تحت تاثیر پاز، ترکیبهای عاطفی و فکری‌ای ارائه می‌کند که مبتنی بر منطقی حجمی &amp;ndash; فضایی‌اند. شاملو نیز بسان پاز، توجهی خاص به زمان و گریز از آن دارد و هر دو به دنبال فرا‌زمانند اما واقعیت برتر حاکم بر فرازمانی شعر پاز والاتر است. البته عقل‌گرایی و عقل‌گریزی، شاملو وپاز را در تعارض با یکدیگر قرار می‌دهد. بی</description>
            <pubDate>Mon, 20 Jan 2020 20:30:00 +0100</pubDate>
        </item>
        <item>
            <title>سفر قهرمانی کهن‌الگویی در ملکوت بهرام صادقی</title>
            <link>https://jor.ut.ac.ir/article_74861_9506.html</link>
            <description>نقد کهن‌الگویی از نظریه‌های مدرن نقد ادبی و مبتنی بر نقد روان‌شناختی است که براساس آرای یونگ بنا شده است. در این نوع نقد، ضمن مطالعه و بررسی کهن‌الگوهای یک اثر، چگونگی جذب آن‌ها توسط ذهن خالق اثر نشان داده می‌شود. برپایۀ این مطالعات، سفر قهرمانی برای رسیدن به کمال فردیّت با تکیه بر حضور کهن‌الگوها در زندگی هر فرد میسر است. هدف پژوهشگر، بررسی رمان ملکوت نوشتۀ بهرام صادقی از منظر نقد کهن‌الگویی با تکیه بر مبانی فکری کارول.اس.پیرسون و هیو.کی.مار برپایۀ کهن‌الگوهای دوازده‌گانه بیداری قهرمان درون است. پژوهشگر ضمن آشنایی اجمالی با این کهن‌الگوها، نشان می‌دهد شخصیت‌های داستانی نیز با تجلّی این کهن الگوها می توانند در فرایند تفرّد گام نهاده و سفر قهرمانی را پیش گیرند. نتایج این مقالۀ تحلیلی و توصیفی نشان می‌دهد در رمان ملکوت شخصیتی ضدقهرمان سفر درونی را طی می‌کند و این اثر به دلیل رویکرد روان‌شناسی خود، برپایۀ نظریات کهن‌الگویی قابل تحلیل است.</description>
            <pubDate>Mon, 20 Jan 2020 20:30:00 +0100</pubDate>
        </item>
        <item>
            <title>مطالعۀ تطبیقی جهان، خدا و مرگ در دو اثر «مثنوی ...</title>
            <link>https://jor.ut.ac.ir/article_74862_9506.html</link>
            <description>نوشتار حاضر پژوهشی است تحلیلی _ تطبیقی دربارۀ اندیشه‌ها و اعتقادات &amp;laquo;مولانا جلال‌الدین محمد بلخی&amp;raquo; بزرگ مرد شعر و ادب و عرفان اسلامی ایران زمین و &amp;laquo;ویکتور هوگو&amp;raquo; نمایندۀ شعر و شاعری رمانتیک قرن 19 میلادی در فرانسه. نگارنده در این تحقیق می-کوشد تا با تطبیق آراء و اندیشه‌های &amp;laquo;مولانا&amp;raquo; و &amp;laquo;ویکتور هوگو&amp;raquo; دربارۀ &amp;laquo;خدا&amp;raquo;، &amp;laquo;جهان&amp;raquo; و &amp;laquo;مرگ&amp;raquo; به نقاط تشابه و تفارق این دو جهان‌بینی بپردازد و به این نکته دست یابد که تغییر منطقۀ جغرافیایی و اجتماعی و نیز برهۀ تاریخی در آثار مطرح ادبیات جهان در حوزۀ ادبیات تطبیقی، سبب اختلال در حقیقت مانندی که این آثار در پی القای آن به مخاطب هستند، نمی‌شود. برای نیل به این مقصود از روش هم زمانی یا موضوع محور و از میان انواع آن از روش مضمون شناسانه استفاده گردیده است.  بدین منظور کتاب &amp;laquo;مجموعه اشعار تأملات ویکتور هوگو&amp;raquo; که به گونه‌ای می‌توان گفت معرف مکتب رمانتیسم به شمار می‌آید برای تحلیل و بررسی اندیشه‌های &amp;laquo;هوگو&amp;raquo; مبنا قرار می‌گیرد تا با آراء &amp;laquo;مولانا&amp;raquo; در &amp;laquo;مثنوی معنوی&amp;raquo; و &amp;laquo;غزلیات</description>
            <pubDate>Mon, 20 Jan 2020 20:30:00 +0100</pubDate>
        </item>
        <item>
            <title>گاه‎نگاری آثار روایی صادق هدایت بر پایه‎ی «تاریخ ...</title>
            <link>https://jor.ut.ac.ir/article_74863_9506.html</link>
            <description>علاقه‌ی صادق هدایت به درنگ در تاریخ و فرهنگ بشری در بسیاری از گفته‌ها و نوشته‌های او بازتاب یافته است. از همین رو در بیشتر آثارش به‌گونه‌ای آشکار یا پنهان، سایه‌ای از تاریخ زندگانی انسان را می‌توان یافت. در مقاله‌ی پیش رو نشانه‌های تاریخی در یک اثر بررسی نشده، بلکه برای نخستین بار، نشانه‌های یک مسیر ممتد از مراحل گوناگون حیات بشری در شانزده اثر هدایت بازشناسی شده است. بر پایه‌ی این واکاوی، &amp;laquo;افسانه آفرینش&amp;raquo;، &amp;laquo;پدران آدم&amp;raquo;، &amp;laquo;نمک ترکی&amp;raquo;، &amp;laquo;تاریک&amp;lrm;خانه&amp;raquo;، &amp;laquo;بوف &amp;lrm;کور&amp;raquo;، &amp;laquo;آفرینگان&amp;raquo;، &amp;laquo;آتش&amp;lrm;پرست&amp;raquo;، &amp;laquo;تخت ابونصر&amp;raquo;، &amp;laquo;پروین دختر ساسانی&amp;raquo;، &amp;laquo;آخرین لبخند&amp;raquo;، &amp;laquo;مازیار&amp;raquo;، &amp;laquo;سایه مغول&amp;raquo;، &amp;laquo;توپ&amp;lrm;مرواری&amp;raquo;، &amp;laquo;حاجی آقا&amp;raquo;، &amp;laquo;فردا&amp;raquo; و &amp;laquo;س.گ.ل.ل&amp;raquo; بررسی شده که هر یک به بخشی از مراحل پیش‌گفته اشاره دارند؛ و در مجموع خط ممتدی را از ابتدای تاریخ بشر تا انتهای آن ترسیم می-کنند. اگر چنین انگاره‌ای پذیرفته شود، بر پایه‌ی آن می&amp;lrm;توان از نظمی تسلسل‌یافته در آثار داستانی صادق هدایت سخن گفت که روی&amp;lrm;کردی تاریخ&amp;lrm;مدار را دنبال می&amp;lrm;کند.</description>
            <pubDate>Mon, 20 Jan 2020 20:30:00 +0100</pubDate>
        </item>
    </channel>
</rss>
