<?xml version="1.0" encoding="UTF-8"?>
<!DOCTYPE ArticleSet PUBLIC "-//NLM//DTD PubMed 2.7//EN" "https://dtd.nlm.nih.gov/ncbi/pubmed/in/PubMed.dtd">
<ArticleSet>
<Article>
<Journal>
				<PublisherName>دانشگاه تهران</PublisherName>
				<JournalTitle>پژوهش ادبیات معاصر جهان</JournalTitle>
				<Issn>2588-4131</Issn>
				<Volume>22</Volume>
				<Issue>1</Issue>
				<PubDate PubStatus="epublish">
					<Year>2017</Year>
					<Month>03</Month>
					<Day>21</Day>
				</PubDate>
			</Journal>
<ArticleTitle>“Virtual Fictional/ Factual Positioning” as a Novel Approach to the Dialogical Dimensions of the Self in Paul Auster’s “Man in the Dark”</ArticleTitle>
<VernacularTitle>«موقعیت‌پذیری مجازی داستانی/حقیقی»: نگرشی نوین به خوانش ابعاد گفتمانی خود؛ بررسی رمان مردی در تاریکی اثر پال آستر</VernacularTitle>
			<FirstPage>183</FirstPage>
			<LastPage>202</LastPage>
			<ELocationID EIdType="pii">62710</ELocationID>
			
<ELocationID EIdType="doi">10.22059/jor.2017.62710</ELocationID>
			
			<Language>FA</Language>
<AuthorList>
<Author>
					<FirstName>فروغ</FirstName>
					<LastName>بارانی</LastName>
<Affiliation>استادیار گروه زبان انگلیسی، واحد مشهد، دانشگاه آزاد اسلامی، مشهد، ایران</Affiliation>

</Author>
<Author>
					<FirstName>سید محمد</FirstName>
					<LastName>حسینی معصوم</LastName>
<Affiliation>دانشیار گروه زبانشناسی و زبانهای خارجی، دانشگاه پیام نور، تهران، ایران</Affiliation>

</Author>
</AuthorList>
				<PublicationType>Journal Article</PublicationType>
			<History>
				<PubDate PubStatus="received">
					<Year>2014</Year>
					<Month>12</Month>
					<Day>23</Day>
				</PubDate>
			</History>
		<Abstract>This paper introduces the novel concept of “Virtual Fictional/ Factual Positioning” (VFP) in the dialogical relationship between the author and his/her hero in literary works. VFP originates in Hermans’ contributions to psychological studies in Dialogical Self Theory (DST) and the dialogical view of the relationship between author and hero in aesthetic forms by Bakhtin. VFP evaluates self-narratives and identifies the dialogical coalition of the protagonists’ positions as “I-the-artist/novelist” and “I-the-hero-of-my-story” in the novel. This study presents a textual analysis of Paul Auster’s Man in the Dark (2008). The results indicated that similar positions are interconnected in the actual world of the author and the fictional world of the hero, which influence one another in a dialogical manner. Finally, through this dynamic course of positioning and repositioning, the postmodern self of the protagonist/author as “I-as-artist” demonstrated a significant degree of dialogical self by letting go of the past, dealing with the present and generating a perspective for the future – hence responding to his conflicting situation in a quite innovative way</Abstract>
			<OtherAbstract Language="FA">&lt;strong&gt;چکیده &lt;/strong&gt;
در تحقیق پیش‌رو مفهوم بدیعی با عنوان موقعیت‌پذیری مجازی داستانی/حقیقی (VFP) در رابطة گفتمانی مؤلف (خالق اثر) و قهرمان به­عنوان نگرشی نوین بر تحلیل روایت‌های ادبی معرفی شده­است. VFP ریشه در «تئوری خودِ گفتمانی» هوبرت هرمنز در مطالعات روان‌شناسی و دیدگاه گفتمانی رابطة مؤلف و قهرمان در مطالعات ادبی و زیبایی‌شناختی باختین دارد. با توجه به ویژگی­های میان‌رشته‌ای پژوهش­های متنی، VFP به ارزیابی روایت‌های &lt;em&gt;خود&lt;/em&gt; از دیدگاه روان‌شناختی و ادبی می‌پردازد و امکان مشارکت و کنش گفت‌و‌گویی&lt;em&gt; موقعیت‌های شخصیتی&lt;/em&gt; قهرمان اول داستان به­عنوان &lt;em&gt;من ِ‌هنرمند/داستانسرا&lt;/em&gt; و &lt;em&gt;من ِ‌ ‌قهرمان داستان &lt;/em&gt;را در میان دیگر موقعیت‌های درونی و بیرونی او بررسی می‌کند. برای تبیین شیوه کاربست تئوری VFP، این جستار به عنوان نمونه، تحلیلی از رمان &lt;em&gt;مردی در تاریکی&lt;/em&gt; (۲٠٠٨) اثر پال آستر را ارائه می‌دهد. این بررسی نشان می­دهد که موقعیت‌های درونی و بیرونی مشابه در دنیای واقعی مؤلف و دنیای داستانی قهرمان به‌صورت گفتمانی در ارتباط تنگاتنگ بوده و سرانجام تحت تأثیر این روند پویای موقعیت‌پذیری، &lt;em&gt;خودِ&lt;/em&gt; پسا‌مدرن در جایگاه&lt;em&gt; من ِ‌هنرمند&lt;/em&gt; می­تواند تا حدود زیادی خصوصیات شخص گفتمانی را به­معرض بروز بگذارد و با رها‌کردن گذشته و پذیرش وضعیت کنونی و ایجاد دیدگاه‌های مثبت برای آینده به موقعیت بحرانی و کشمکش درونی خود به­صورت کاملاً نوینی پاسخ دهد.</OtherAbstract>
		<ObjectList>
			<Object Type="keyword">
			<Param Name="value">واژههای کلیدی: روان شناسی خود</Param>
			</Object>
			<Object Type="keyword">
			<Param Name="value">باختین</Param>
			</Object>
			<Object Type="keyword">
			<Param Name="value">منطق گفت‌و‌گویی</Param>
			</Object>
			<Object Type="keyword">
			<Param Name="value">تحلیل رمان</Param>
			</Object>
			<Object Type="keyword">
			<Param Name="value">مردی در تاریکی</Param>
			</Object>
			<Object Type="keyword">
			<Param Name="value">پال آستر</Param>
			</Object>
		</ObjectList>
<ArchiveCopySource DocType="pdf">https://jor.ut.ac.ir/article_62710_d60453cb04e69e39604e6e273473471c.pdf</ArchiveCopySource>
</Article>
</ArticleSet>
