<?xml version="1.0" encoding="UTF-8"?>
<!DOCTYPE ArticleSet PUBLIC "-//NLM//DTD PubMed 2.7//EN" "https://dtd.nlm.nih.gov/ncbi/pubmed/in/PubMed.dtd">
<ArticleSet>
<Article>
<Journal>
				<PublisherName>دانشگاه تهران</PublisherName>
				<JournalTitle>پژوهش ادبیات معاصر جهان</JournalTitle>
				<Issn>2588-4131</Issn>
				<Volume>24</Volume>
				<Issue>2</Issue>
				<PubDate PubStatus="epublish">
					<Year>2020</Year>
					<Month>01</Month>
					<Day>21</Day>
				</PubDate>
			</Journal>
<ArticleTitle>Semantic and Aesthetic Analysis in Prose Poem: Based on Adonis and Ounsi el-Hajj’s Theories</ArticleTitle>
<VernacularTitle>واکاوی چیستی معنا و زیبایی در «قصیدة النثر» (با تکیه بر اندیشه های ادونیس و انسی الحاج)</VernacularTitle>
			<FirstPage>335</FirstPage>
			<LastPage>356</LastPage>
			<ELocationID EIdType="pii">74850</ELocationID>
			
<ELocationID EIdType="doi">10.22059/jor.2017.211116.1413</ELocationID>
			
			<Language>FA</Language>
<AuthorList>
<Author>
					<FirstName>فرشید</FirstName>
					<LastName>ترکاشوند</LastName>
<Affiliation>عضو هیأت علمی دانشگاه بین المللی امام خمینی(ره)- گروه زبان و ادبیات عربی</Affiliation>

</Author>
</AuthorList>
				<PublicationType>Journal Article</PublicationType>
			<History>
				<PubDate PubStatus="received">
					<Year>2016</Year>
					<Month>07</Month>
					<Day>02</Day>
				</PubDate>
			</History>
		<Abstract>Prose poem is a literary genre that become commonly practiced due to French literature and the Lebanese journal of Poetics. Despite pros and cons toward such genre, it is within the contemporary Arabic poetry and criticism. This article considers the quiddity, aesthetic, and reading of prose poetry significant in relation to meaning. The beauty of the prose poem can be sought in a different way and exploration of meaning. In this research, the fundamental question is based on the nature of this type of genre and how to understand its aesthetic aspects. To comprehension its meaning a complete dissociation of the traditional literary thinking is required. The formation of prose poem in Arabic is founded on semantics embarked by poets such as Adonis and Ounsi el-Hajj on fields of ontological and philosophical hermeneutics. It sets the ground for broad and continuous creation of semantics. &lt;br /&gt; &lt;br /&gt; Keywords: Prose poem, “Poetics”, Ounsi el-Hajj, Adonis, Semantics, Aesthetics, Hermeneutic.</Abstract>
			<OtherAbstract Language="FA">«قصیدة النثر» عنوان یک نوع ادبی است که توسط مجله لبنانی «شعر» و متأثر از ادبیات فرانسوی رواج یافت. این نوع ادبی صرف نظر از موافقان و مخالفان آن، در عرصه‌ی شعر و نقد معاصر عربی حضور دارد. در این مقاله چیستی قصیدة النثر و زیبایی و خوانش آن که در پیوند با معناست اهمیت دارد. زیبایی قصیدة النثر را به نوعی متفاوت و با کنکاش در عالم معنا باید جست و جو کرد. در این پژوهش سؤال اساسی مبتنی بر چیستی این نوع ادبی و چگونگی درک زیبایی در آن است. فهم چیستی قصیدة النثر در گرو گسست کامل از تفکر ادبی سنتی است، قصیدة النثر در زبان عربی به جهت هویت معنایی شکل گرفته در آن از سوی شاعرانی چون: ادونیس و انسی الحاج به عرصه‌ی رویکردهای هستی شناسیک و هرمنوتیک فلسفی قدم نهاده است . قصیدة النثر بستری است برای آفرینندگی گسترده و پیوسته در عالم معنا.</OtherAbstract>
		<ObjectList>
			<Object Type="keyword">
			<Param Name="value">قصیدة النثر</Param>
			</Object>
			<Object Type="keyword">
			<Param Name="value">مجله‌ی شعر</Param>
			</Object>
			<Object Type="keyword">
			<Param Name="value">انسی الحاج</Param>
			</Object>
			<Object Type="keyword">
			<Param Name="value">ادونیس</Param>
			</Object>
			<Object Type="keyword">
			<Param Name="value">معنا</Param>
			</Object>
			<Object Type="keyword">
			<Param Name="value">زیبایی</Param>
			</Object>
			<Object Type="keyword">
			<Param Name="value">هرمنوتیک</Param>
			</Object>
		</ObjectList>
<ArchiveCopySource DocType="pdf">https://jor.ut.ac.ir/article_74850_bfec56a55a519058ea4926219927bff1.pdf</ArchiveCopySource>
</Article>
</ArticleSet>
