<?xml version="1.0" encoding="UTF-8"?>
<!DOCTYPE ArticleSet PUBLIC "-//NLM//DTD PubMed 2.7//EN" "https://dtd.nlm.nih.gov/ncbi/pubmed/in/PubMed.dtd">
<ArticleSet>
<Article>
<Journal>
				<PublisherName>دانشگاه تهران</PublisherName>
				<JournalTitle>پژوهش ادبیات معاصر جهان</JournalTitle>
				<Issn>2588-4131</Issn>
				<Volume>23</Volume>
				<Issue>2</Issue>
				<PubDate PubStatus="epublish">
					<Year>2019</Year>
					<Month>01</Month>
					<Day>21</Day>
				</PubDate>
			</Journal>
<ArticleTitle>A comparative study of Zweig’s Schachnovelle and Alavi’s Her Eyes from the perspective of realism</ArticleTitle>
<VernacularTitle>بررسی مقایسه‌ای شطرنج‌باز، اثر تسوایگ و چشم‌هایش، اثر علوی از منظر رئالیسم</VernacularTitle>
			<FirstPage>329</FirstPage>
			<LastPage>354</LastPage>
			<ELocationID EIdType="pii">69890</ELocationID>
			
<ELocationID EIdType="doi">10.22059/jor.2019.123625.1316</ELocationID>
			
			<Language>FA</Language>
<AuthorList>
<Author>
					<FirstName>سمیرا</FirstName>
					<LastName>رنجبر</LastName>
<Affiliation>دانشجوی کارشناسی ارشد رشته زبان و ادبیات آلمانی / دانشگاه تهران</Affiliation>

</Author>
<Author>
					<FirstName>محمد حسین</FirstName>
					<LastName>حدادی</LastName>
<Affiliation>دانشیار گروه آلمانی دانشکدۀ زبان‌ها و ادبیات خارجی دانشگاه تهران</Affiliation>

</Author>
</AuthorList>
				<PublicationType>Journal Article</PublicationType>
			<History>
				<PubDate PubStatus="received">
					<Year>2015</Year>
					<Month>12</Month>
					<Day>23</Day>
				</PubDate>
			</History>
		<Abstract>Stefan Zweig and Bozorg Alavi, as two well-known authors of the contemporary German and Persian literature and representatives of the school of realism tended to the creation of realistic works, depicting a completely authentic atmosphere due to the social and political state of their time. Bozorg Alavi tended to this writing style by studying and living in Germany and by getting to know the poetic works of the german authors. So he became one of the pioneers of the realistic narrative in Iran. The realistic perspective in Her Eyes, Bozorg Alavi’s work bears a great resemblance to the realistic perspective of Stefan Zweig in Schachnovelle. The following article is an attempt to match the realistic aspects of the above mentioned works against each other. The comparative study of these two works will determine, based on an investigation into the realistic factors, that Alavi and Zweig bare similarities in terms of their writing styles and these similarities indicate the influence of Zweig on Alavi in creating the Roman Her Eyes.</Abstract>
			<OtherAbstract Language="FA">اشتفان تسوایگ و بزرگ علوی، به ‌عنوان دو نویسندۀ پرآوازة ادبیات معاصر آلمانی و فارسی و نمایندگان مکتب ادبی رئالیسم، با توجه به موقعیت سیاسی و اجتماعی عصر خویش، به آفرینش آثار رئالیستی روی آوردند و فضایی سرشار از واقعیت را به تصویر کشیدند. بزرگ علوی به واسطۀ تحصیل و زندگی در آلمان و آشنایی با آثار نویسندگان آلمانی زبان، به این سبک گرایید و از جمله آغازگران سبک داستان‌نویسی رئالیسم در ایران گشت. دیدگاه رئالیستی حاکم بر رمان چشم ‌هایش، اثر بزرگ علوی شباهت بسیار زیادی با دیدگاه رئالیستی اشتفان تسوایگ در نوول شطرنج ‌باز دارد. جستار ذیل کوششی برای تطبیق نمود مؤلفه‌های رئالیسم در دو اثر فوق است. بررسی مقایسه‌ای این آثار با تکیه بر نمود مؤلفه‌های رئالیسم مشخص خواهد کرد که علوی و تسوایگ از نظر سبک نوشتاری به هم نزدیک هستند و وجوه اشتراک آن‌ها حاکی از تأثیر تسوایگ بر علوی در خلق رمان چشم‌هایش می‌باشد.</OtherAbstract>
		<ObjectList>
			<Object Type="keyword">
			<Param Name="value">بزرگ علوی</Param>
			</Object>
			<Object Type="keyword">
			<Param Name="value">چشم‌هایش</Param>
			</Object>
			<Object Type="keyword">
			<Param Name="value">اشتفان تسوایگ</Param>
			</Object>
			<Object Type="keyword">
			<Param Name="value">شطرنج‌باز</Param>
			</Object>
			<Object Type="keyword">
			<Param Name="value">رئالیسم</Param>
			</Object>
			<Object Type="keyword">
			<Param Name="value">شخصیت‌پردازی</Param>
			</Object>
			<Object Type="keyword">
			<Param Name="value">پیرنگ</Param>
			</Object>
		</ObjectList>
<ArchiveCopySource DocType="pdf">https://jor.ut.ac.ir/article_69890_01c64465916352450d7576eb526a8657.pdf</ArchiveCopySource>
</Article>
</ArticleSet>
