<?xml version="1.0" encoding="UTF-8"?>
<!DOCTYPE ArticleSet PUBLIC "-//NLM//DTD PubMed 2.7//EN" "https://dtd.nlm.nih.gov/ncbi/pubmed/in/PubMed.dtd">
<ArticleSet>
<Article>
<Journal>
				<PublisherName>دانشگاه تهران</PublisherName>
				<JournalTitle>پژوهش ادبیات معاصر جهان</JournalTitle>
				<Issn>2588-4131</Issn>
				<Volume>24</Volume>
				<Issue>2</Issue>
				<PubDate PubStatus="epublish">
					<Year>2020</Year>
					<Month>01</Month>
					<Day>21</Day>
				</PubDate>
			</Journal>
<ArticleTitle>مطالعۀ تطبیقی جهان، خدا و مرگ در دو اثر «مثنوی معنوی» «مولانا» و «تأملات» «هوگو»</ArticleTitle>
<VernacularTitle>مطالعۀ تطبیقی جهان، خدا و مرگ در دو اثر «مثنوی معنوی» «مولانا» و «تأملات» «هوگو»</VernacularTitle>
			<FirstPage>611</FirstPage>
			<LastPage>638</LastPage>
			<ELocationID EIdType="pii">74862</ELocationID>
			
<ELocationID EIdType="doi">10.22059/jor.2017.202610.1363</ELocationID>
			
			<Language>FA</Language>
<AuthorList>
<Author>
					<FirstName>لیلا</FirstName>
					<LastName>میرمجربیان</LastName>
<Affiliation>هیأت علمی گروه زبان و ادبیات فارسی دانشگاه اصفهان</Affiliation>

</Author>
<Author>
					<FirstName>صفورا</FirstName>
					<LastName>ترک لادانی</LastName>
<Affiliation>هیات علمی گروه زبان و ادبیات فرانسه دانشگاه اصفهان</Affiliation>

</Author>
</AuthorList>
				<PublicationType>Journal Article</PublicationType>
			<History>
				<PubDate PubStatus="received">
					<Year>2016</Year>
					<Month>04</Month>
					<Day>06</Day>
				</PubDate>
			</History>
		<Abstract>نوشتار حاضر پژوهشی است تحلیلی _ تطبیقی دربارۀ اندیشه‌ها و اعتقادات «مولانا جلال‌الدین محمد بلخی» بزرگ مرد شعر و ادب و عرفان اسلامی ایران زمین و «ویکتور هوگو» نمایندۀ شعر و شاعری رمانتیک قرن 19 میلادی در فرانسه. نگارنده در این تحقیق می-کوشد تا با تطبیق آراء و اندیشه‌های «مولانا» و «ویکتور هوگو» دربارۀ «خدا»، «جهان» و «مرگ» به نقاط تشابه و تفارق این دو جهان‌بینی بپردازد و به این نکته دست یابد که تغییر منطقۀ جغرافیایی و اجتماعی و نیز برهۀ تاریخی در آثار مطرح ادبیات جهان در حوزۀ ادبیات تطبیقی، سبب اختلال در حقیقت مانندی که این آثار در پی القای آن به مخاطب هستند، نمی‌شود. برای نیل به این مقصود از روش هم زمانی یا موضوع محور و از میان انواع آن از روش مضمون شناسانه استفاده گردیده است. &lt;br /&gt; بدین منظور کتاب «مجموعه اشعار تأملات ویکتور هوگو» که به گونه‌ای می‌توان گفت معرف مکتب رمانتیسم به شمار می‌آید برای تحلیل و بررسی اندیشه‌های «هوگو» مبنا قرار می‌گیرد تا با آراء «مولانا» در «مثنوی معنوی» و «غزلیات</Abstract>
			<OtherAbstract Language="FA">نوشتار حاضر پژوهشی است تحلیلی _ تطبیقی دربارۀ اندیشه‌ها و اعتقادات «مولانا جلال‌الدین محمد بلخی» بزرگ مرد شعر و ادب و عرفان اسلامی ایران زمین و «ویکتور هوگو» نمایندۀ شعر و شاعری رمانتیک قرن 19 میلادی در فرانسه. نگارنده در این تحقیق می-کوشد تا با تطبیق آراء و اندیشه‌های «مولانا» و «ویکتور هوگو» دربارۀ «خدا»، «جهان» و «مرگ» به نقاط تشابه و تفارق این دو جهان‌بینی بپردازد و به این نکته دست یابد که تغییر منطقۀ جغرافیایی و اجتماعی و نیز برهۀ تاریخی در آثار مطرح ادبیات جهان در حوزۀ ادبیات تطبیقی، سبب اختلال در حقیقت مانندی که این آثار در پی القای آن به مخاطب هستند، نمی‌شود. برای نیل به این مقصود از روش هم زمانی یا موضوع محور و از میان انواع آن از روش مضمون شناسانه استفاده گردیده است. &lt;br /&gt; بدین منظور کتاب «مجموعه اشعار تأملات ویکتور هوگو» که به گونه‌ای می‌توان گفت معرف مکتب رمانتیسم به شمار می‌آید برای تحلیل و بررسی اندیشه‌های «هوگو» مبنا قرار می‌گیرد تا با آراء «مولانا» در «مثنوی معنوی» و «غزلیات</OtherAbstract>
		<ObjectList>
			<Object Type="keyword">
			<Param Name="value">کلیدواژه‌ها : مولانا</Param>
			</Object>
			<Object Type="keyword">
			<Param Name="value">ویکتور هوگو</Param>
			</Object>
			<Object Type="keyword">
			<Param Name="value">تأملات هوگو</Param>
			</Object>
			<Object Type="keyword">
			<Param Name="value">خدا</Param>
			</Object>
			<Object Type="keyword">
			<Param Name="value">جهان</Param>
			</Object>
			<Object Type="keyword">
			<Param Name="value">مرگ</Param>
			</Object>
		</ObjectList>
<ArchiveCopySource DocType="pdf">https://jor.ut.ac.ir/article_74862_4e11982153a67d16fd87a80b48d68733.pdf</ArchiveCopySource>
</Article>
</ArticleSet>
