<?xml version="1.0" encoding="UTF-8"?>
<!DOCTYPE ArticleSet PUBLIC "-//NLM//DTD PubMed 2.7//EN" "https://dtd.nlm.nih.gov/ncbi/pubmed/in/PubMed.dtd">
<ArticleSet>
<Article>
<Journal>
				<PublisherName>دانشگاه تهران</PublisherName>
				<JournalTitle>پژوهش ادبیات معاصر جهان</JournalTitle>
				<Issn>2588-4131</Issn>
				<Volume>23</Volume>
				<Issue>2</Issue>
				<PubDate PubStatus="epublish">
					<Year>2019</Year>
					<Month>01</Month>
					<Day>21</Day>
				</PubDate>
			</Journal>
<ArticleTitle>The consideration of Ellen Showalter&#039;s aspects of feminism critic in &quot;Noghreh, dokhtare daryaye Cabol&quot; written by Homeyra</ArticleTitle>
<VernacularTitle>بررسی رویکردهای چهارگانة نقد فمینیستی اِلِن شوالتر در رمان نقره دختر دریای کابل اثر حمیرا قادری</VernacularTitle>
			<FirstPage>433</FirstPage>
			<LastPage>460</LastPage>
			<ELocationID EIdType="pii">69895</ELocationID>
			
<ELocationID EIdType="doi">10.22059/jor.2019.215027.1443</ELocationID>
			
			<Language>FA</Language>
<AuthorList>
<Author>
					<FirstName>مولود</FirstName>
					<LastName>طلائی</LastName>
<Affiliation>دانش آموختة دکترای ادبیات فارسی دانشگاه اصفهان</Affiliation>

</Author>
<Author>
					<FirstName>مهرناز</FirstName>
					<LastName>طلائی</LastName>
<Affiliation>دانشجوی دکترای زبان فرانسه دانشگاه تهران</Affiliation>

</Author>
</AuthorList>
				<PublicationType>Journal Article</PublicationType>
			<History>
				<PubDate PubStatus="received">
					<Year>2016</Year>
					<Month>09</Month>
					<Day>01</Day>
				</PubDate>
			</History>
		<Abstract>The woman and her place in literary works such important issues during the last two centuries, a great deal of attention from researchers have focused in different domain such as social, cultural, political, and even the literature. The feminist critiques of theories of the different aspects in this domain have entered.&lt;br /&gt; This article reviews the feminist novel, Noghreh, The Girl of Cable sea with the use of Showalter´s theory. This theory ranging to four aspects: biological, cultural, psychological and linguistic.&lt;br /&gt; In this novel, cultural and psychological aspects discussed more frequently.&lt;br /&gt; In three levels of language structure, the written of Ghaderi is more prominent; lexical, syntactic and rhetorical. &lt;br /&gt; In lexical level, the readers face to variety of kitchen terminology and specific feminine issues. In syntactic level, short and simple sentences and in rhetorical eloquent symbol are the most important points that the authors of this article have considered.&lt;br /&gt; &lt;br /&gt; Key words: Noghreh dokhtare daryayae Cabol, Ellen Showalter, biological aspect, cultural aspect, psychological aspect, linguistic aspect.</Abstract>
			<OtherAbstract Language="FA">بحث زنان و محوریت آن‌ها در آثار ادبی از مسائل مهمی است که طی دو قرن اخیر، توجه عدة زیادی از پژوهشگران را در عرصه‌های مختلف اجتماع، فرهنگ، سیاست و حتی ادبیات به خود معطوف کرده‌است&lt;br /&gt; منظور از نقد فمینیست یا نقد زن‌محور، صرفاً پرداختن به شورش زنان علیه مردان و یا مردانه عمل کردن آن‌ها در آثار نیست، بلکه گاه به تصویر درآوردن خشونتهای یک مرد را علیه زن به تصویر می‌کشد.&lt;br /&gt; در این جستار کوشیده‌ایم تا به بررسی زمینه‌های برجسته فکری رمان نقره دختر دریای کابل اثر حمیرا قادری با توجه به رویکردهای چهارگانة نقد &quot;الن شوالتر&quot; اعم از رویکرد زیست‌شناختی، فرهنگی، روانکاوانه و زبانی بپردازیم. &lt;br /&gt; رمان نقره دختر دریای کابل به سیر تاریخی سرزمین افغانستان در بازه‌ای بیش از نیم قرن در سالهای 1880 میلادی تا 1940 میپردازد. قادری با استفاده از شگردهای زنانه به خوبی از عهدة برجسته‌سازی مسائل زنان رنج‌کشیدة افغانستان در این رمان برآمده است و توانسته رمان خود را به عنوان اثری تأثیرگذار عرضه کند.</OtherAbstract>
		<ObjectList>
			<Object Type="keyword">
			<Param Name="value">نقره دختر دریای کابل</Param>
			</Object>
			<Object Type="keyword">
			<Param Name="value">الن شوالتر</Param>
			</Object>
			<Object Type="keyword">
			<Param Name="value">رویکرد زیست‌شناسانه</Param>
			</Object>
			<Object Type="keyword">
			<Param Name="value">رویکرد فرهنگی</Param>
			</Object>
			<Object Type="keyword">
			<Param Name="value">رویکرد روانکاوانه</Param>
			</Object>
			<Object Type="keyword">
			<Param Name="value">رویکرد زبانی</Param>
			</Object>
		</ObjectList>
<ArchiveCopySource DocType="pdf">https://jor.ut.ac.ir/article_69895_a369b2b9b981c888d420aedb9772164a.pdf</ArchiveCopySource>
</Article>
</ArticleSet>
