<?xml version="1.0" encoding="UTF-8"?>
<!DOCTYPE ArticleSet PUBLIC "-//NLM//DTD PubMed 2.7//EN" "https://dtd.nlm.nih.gov/ncbi/pubmed/in/PubMed.dtd">
<ArticleSet>
<Article>
<Journal>
				<PublisherName>دانشگاه تهران</PublisherName>
				<JournalTitle>پژوهش ادبیات معاصر جهان</JournalTitle>
				<Issn>2588-4131</Issn>
				<Volume>23</Volume>
				<Issue>2</Issue>
				<PubDate PubStatus="epublish">
					<Year>2019</Year>
					<Month>01</Month>
					<Day>21</Day>
				</PubDate>
			</Journal>
<ArticleTitle>The application of Kristeva&#039;s semanalysis in the reading of a poem by Reza Barahani ‎</ArticleTitle>
<VernacularTitle>کاربستِ الگوی معناکاوی کریستوا در خوانشِ شعری از رضا براهنی</VernacularTitle>
			<FirstPage>277</FirstPage>
			<LastPage>302</LastPage>
			<ELocationID EIdType="pii">69888</ELocationID>
			
<ELocationID EIdType="doi">10.22059/jor.2019.131789.1260</ELocationID>
			
			<Language>FA</Language>
<AuthorList>
<Author>
					<FirstName>مسعود</FirstName>
					<LastName>آلگونه جونقانی</LastName>
<Affiliation>عضو عیات علمی دانشگاه اصفهان</Affiliation>

</Author>
</AuthorList>
				<PublicationType>Journal Article</PublicationType>
			<History>
				<PubDate PubStatus="received">
					<Year>2015</Year>
					<Month>09</Month>
					<Day>12</Day>
				</PubDate>
			</History>
		<Abstract>Julia Kristeva is one of the most important researchers in the realm of semiotics (1941). Her ‎specific semiotics is known as Semanalysis. In addition to taking into consideration signifying ‎systems, Semanalysis pays attention to drive-oriented non-signifying systems, as ‎well. Accordingly, Semanalysis has two aspects: symbolic and semiotic. The ‎symbolic aspect involves with language, signification and social contracts, but the semiotic ‎deals with those drives, emotions and psychological energies which are canalized, in a way, ‎into language. The present article, in a case study, tries to ‎analyze a poem by Reza Barahani on the basis of the model proposed by Kristeva. Such an ‎analysis reveals that the semiotic comes into language by means of such techniques as ‎phonemes working independently of communicative function of language, pause and ‎interruption, repetition, rhythm, homophony and synonymy. In the end, it is revealed that the ‎application of this model in the realm of practical criticism is, no doubt, of high advantage. ‎</Abstract>
			<OtherAbstract Language="FA">کریستوا از مهم‌ترین پژوهش‌‌گران در حوزۀ نشانه‌شناسی به شمار می‌رود. نشانه‌شناسیِ کریستوا ‏تحت عنوان معناکاوی شناخته می‌شود. معناکاوی علاوه بر بررسی شبکه‌های دلالتی، به شبکه‌های ‏غیردلالتیِ رانه‌محور نیز توجه دارد. به همین دلیل، در معناکاوی با دو وجه روبه‌رو هستیم: وجه نمادین ‏و وجه ایمایی. وجه نمادین اساساً متوجهِ زبان، دلالت و قراردادهای اجتماعی است، اما وجه ایمایی متوجهِ رانه‌ها، ‏سائق‌ها و عواطفی است که به نحوی وارد زبان شده‌اند. از آنجایی‌که به زعم کریستوا، شعر نوعی عصیان در برابرِ زبان ‏است و بدین ترتیب امکانِ جریان یافتنِ وجه ایمایی را در بسترِ زبان فراهم می‌آورد، در پژوهش حاضر کوشیده شده ‏است، شعری از رضا براهنی، به طور موردی، بر اساس الگوی وی بررسی شود. این ‏بررسی نشان می‌دهد وجه ایمایی از طریقِ شگردهایی مانند اصوات مستقل،‏بی‌معنایی، قطع و سکوت، تکرار، وزن، هم‌آوایی و هم‌معنایی در بستر زبان پدیدار می‌شود. کاربستِ این الگو در زمینۀ شعرپژوهی از اهمیّت ویژه‌ای در نقد عملی برخوردار است. ‏</OtherAbstract>
		<ObjectList>
			<Object Type="keyword">
			<Param Name="value">کریستوا</Param>
			</Object>
			<Object Type="keyword">
			<Param Name="value">معناکاوی</Param>
			</Object>
			<Object Type="keyword">
			<Param Name="value">وجه نمادین</Param>
			</Object>
			<Object Type="keyword">
			<Param Name="value">وجه ایمایی</Param>
			</Object>
			<Object Type="keyword">
			<Param Name="value">رضا براهنی ‏</Param>
			</Object>
		</ObjectList>
<ArchiveCopySource DocType="pdf">https://jor.ut.ac.ir/article_69888_352524947268d4c6f35bcc9b80adf83e.pdf</ArchiveCopySource>
</Article>

<Article>
<Journal>
				<PublisherName>دانشگاه تهران</PublisherName>
				<JournalTitle>پژوهش ادبیات معاصر جهان</JournalTitle>
				<Issn>2588-4131</Issn>
				<Volume>23</Volume>
				<Issue>2</Issue>
				<PubDate PubStatus="epublish">
					<Year>2019</Year>
					<Month>01</Month>
					<Day>21</Day>
				</PubDate>
			</Journal>
<ArticleTitle>Reflection of the chaste love in Two stories &quot;mam and zin&quot; and &quot;Sham and Wali Dewana&quot;</ArticleTitle>
<VernacularTitle>بازتاب عشق عُذری در دو داستان «مَم و زین» و «شَم و وَلی دیوانه»</VernacularTitle>
			<FirstPage>303</FirstPage>
			<LastPage>328</LastPage>
			<ELocationID EIdType="pii">69889</ELocationID>
			
<ELocationID EIdType="doi">10.22059/jor.2017.224890.1491</ELocationID>
			
			<Language>FA</Language>
<AuthorList>
<Author>
					<FirstName>اسماعیل</FirstName>
					<LastName>برواسی</LastName>
<Affiliation>دانشجوی دکتری زبان و ادبیات عربی دانشگاه فردوسی</Affiliation>

</Author>
<Author>
					<FirstName>خسرو</FirstName>
					<LastName>حسن زاده</LastName>
<Affiliation>فارغ التحصیل کارشناسی حقوق از دانشگاه قم</Affiliation>

</Author>
</AuthorList>
				<PublicationType>Journal Article</PublicationType>
			<History>
				<PubDate PubStatus="received">
					<Year>2017</Year>
					<Month>01</Month>
					<Day>11</Day>
				</PubDate>
			</History>
		<Abstract>&quot;mam and zin&quot; and “Sham and Wali Dewana “in Kurdish literature are of the most famous love stories which both portray a chaste love full of sorrow and failure. The stories are similar and share much in many aspects, and an independent comparative study of the two romantic stories has not been conducted; hence, the author of the present article intends to investigate these two stories adopting a descriptive-analytic approach. In “Wali Dewana and Sham”, love stems from childhood and school lessons; and in “Mam and Zin”, love starts in adolescence; the enthralled lovers endeavor to marry, and in this way seeks assistance from friends and relatives, but there exist obstacles and inhibiting factors causing the failure of two lovers and their ever increasing mania and devotion which portrays their lasting despair and disappointment in the stories. Adherence to chastity and fidelity to the beloved until the moment of death and the hope for reunion in the Hereafter are the features of chaste love which is manifested in both stories.</Abstract>
			<OtherAbstract Language="FA">«مَم و زین» و «شَم و وَلی دیوانه» در ادبیات کُردی از مشهورترین داستان های عاشقانه است که عشقی عفیف و سرشار از اندوه و ناکامی را به تصویر می کشند. این دو داستان در بسیاری از وجوه دارای اشتراک و مشابهت بوده و تاکنون، پژوهش مستقلّی در خصوص بررسی تطبیقی این دو اثر صورت نپذیرفته است؛ لذا نگارندگان در جستار حاضر بر آنند که با رویکردی توصیفی _ تحلیلی به بررسی این دو داستان بپردازند. سرآغاز عشق در داستان «شَم و وَلی دیوانه» از دوران کودکی و مکتبِ درس بوده و در داستان «مَم و زین»، دلدادگی از دوران نوجوانی شروع شده است و با ریشه دار شدن عشق، عاشقان شیفته سعی در وصال به محبوب داشته و در این راه از یاران و نزدیکان مساعدت می جویند، لکن وجود موانع و عوامل بازدارنده سبب ناکامی دو عاشق در وصال گشته و شیدایی و سرسپُردگی همیشگی را به دنبال داشته و این امر، تصویری از یأس و نااُمیدی را بر فضای دو داستان حاکم ساخته است.</OtherAbstract>
		<ObjectList>
			<Object Type="keyword">
			<Param Name="value">ادبیات کُردی</Param>
			</Object>
			<Object Type="keyword">
			<Param Name="value">مَم و زین</Param>
			</Object>
			<Object Type="keyword">
			<Param Name="value">شَم و وَلی دیوانه</Param>
			</Object>
			<Object Type="keyword">
			<Param Name="value">عشق عُذری</Param>
			</Object>
			<Object Type="keyword">
			<Param Name="value">ادبیات تطبیقی</Param>
			</Object>
		</ObjectList>
<ArchiveCopySource DocType="pdf">https://jor.ut.ac.ir/article_69889_1832060e6469850bd5231e4470bf1195.pdf</ArchiveCopySource>
</Article>

<Article>
<Journal>
				<PublisherName>دانشگاه تهران</PublisherName>
				<JournalTitle>پژوهش ادبیات معاصر جهان</JournalTitle>
				<Issn>2588-4131</Issn>
				<Volume>23</Volume>
				<Issue>2</Issue>
				<PubDate PubStatus="epublish">
					<Year>2019</Year>
					<Month>01</Month>
					<Day>21</Day>
				</PubDate>
			</Journal>
<ArticleTitle>A comparative study of Zweig’s Schachnovelle and Alavi’s Her Eyes from the perspective of realism</ArticleTitle>
<VernacularTitle>بررسی مقایسه‌ای شطرنج‌باز، اثر تسوایگ و چشم‌هایش، اثر علوی از منظر رئالیسم</VernacularTitle>
			<FirstPage>329</FirstPage>
			<LastPage>354</LastPage>
			<ELocationID EIdType="pii">69890</ELocationID>
			
<ELocationID EIdType="doi">10.22059/jor.2019.123625.1316</ELocationID>
			
			<Language>FA</Language>
<AuthorList>
<Author>
					<FirstName>سمیرا</FirstName>
					<LastName>رنجبر</LastName>
<Affiliation>دانشجوی کارشناسی ارشد رشته زبان و ادبیات آلمانی / دانشگاه تهران</Affiliation>

</Author>
<Author>
					<FirstName>محمد حسین</FirstName>
					<LastName>حدادی</LastName>
<Affiliation>دانشیار گروه آلمانی دانشکدۀ زبان‌ها و ادبیات خارجی دانشگاه تهران</Affiliation>

</Author>
</AuthorList>
				<PublicationType>Journal Article</PublicationType>
			<History>
				<PubDate PubStatus="received">
					<Year>2015</Year>
					<Month>12</Month>
					<Day>23</Day>
				</PubDate>
			</History>
		<Abstract>Stefan Zweig and Bozorg Alavi, as two well-known authors of the contemporary German and Persian literature and representatives of the school of realism tended to the creation of realistic works, depicting a completely authentic atmosphere due to the social and political state of their time. Bozorg Alavi tended to this writing style by studying and living in Germany and by getting to know the poetic works of the german authors. So he became one of the pioneers of the realistic narrative in Iran. The realistic perspective in Her Eyes, Bozorg Alavi’s work bears a great resemblance to the realistic perspective of Stefan Zweig in Schachnovelle. The following article is an attempt to match the realistic aspects of the above mentioned works against each other. The comparative study of these two works will determine, based on an investigation into the realistic factors, that Alavi and Zweig bare similarities in terms of their writing styles and these similarities indicate the influence of Zweig on Alavi in creating the Roman Her Eyes.</Abstract>
			<OtherAbstract Language="FA">اشتفان تسوایگ و بزرگ علوی، به ‌عنوان دو نویسندۀ پرآوازة ادبیات معاصر آلمانی و فارسی و نمایندگان مکتب ادبی رئالیسم، با توجه به موقعیت سیاسی و اجتماعی عصر خویش، به آفرینش آثار رئالیستی روی آوردند و فضایی سرشار از واقعیت را به تصویر کشیدند. بزرگ علوی به واسطۀ تحصیل و زندگی در آلمان و آشنایی با آثار نویسندگان آلمانی زبان، به این سبک گرایید و از جمله آغازگران سبک داستان‌نویسی رئالیسم در ایران گشت. دیدگاه رئالیستی حاکم بر رمان چشم ‌هایش، اثر بزرگ علوی شباهت بسیار زیادی با دیدگاه رئالیستی اشتفان تسوایگ در نوول شطرنج ‌باز دارد. جستار ذیل کوششی برای تطبیق نمود مؤلفه‌های رئالیسم در دو اثر فوق است. بررسی مقایسه‌ای این آثار با تکیه بر نمود مؤلفه‌های رئالیسم مشخص خواهد کرد که علوی و تسوایگ از نظر سبک نوشتاری به هم نزدیک هستند و وجوه اشتراک آن‌ها حاکی از تأثیر تسوایگ بر علوی در خلق رمان چشم‌هایش می‌باشد.</OtherAbstract>
		<ObjectList>
			<Object Type="keyword">
			<Param Name="value">بزرگ علوی</Param>
			</Object>
			<Object Type="keyword">
			<Param Name="value">چشم‌هایش</Param>
			</Object>
			<Object Type="keyword">
			<Param Name="value">اشتفان تسوایگ</Param>
			</Object>
			<Object Type="keyword">
			<Param Name="value">شطرنج‌باز</Param>
			</Object>
			<Object Type="keyword">
			<Param Name="value">رئالیسم</Param>
			</Object>
			<Object Type="keyword">
			<Param Name="value">شخصیت‌پردازی</Param>
			</Object>
			<Object Type="keyword">
			<Param Name="value">پیرنگ</Param>
			</Object>
		</ObjectList>
<ArchiveCopySource DocType="pdf">https://jor.ut.ac.ir/article_69890_01c64465916352450d7576eb526a8657.pdf</ArchiveCopySource>
</Article>

<Article>
<Journal>
				<PublisherName>دانشگاه تهران</PublisherName>
				<JournalTitle>پژوهش ادبیات معاصر جهان</JournalTitle>
				<Issn>2588-4131</Issn>
				<Volume>23</Volume>
				<Issue>2</Issue>
				<PubDate PubStatus="epublish">
					<Year>2019</Year>
					<Month>01</Month>
					<Day>21</Day>
				</PubDate>
			</Journal>
<ArticleTitle>Intertextual study of the notion of Simorgh in 
The conference of the birds by Jean-Claude Carrière</ArticleTitle>
<VernacularTitle>بررسی بینامتنی مفهوم سیمرغ در مجمع مرغان ژان-کلود کَریِر</VernacularTitle>
			<FirstPage>355</FirstPage>
			<LastPage>370</LastPage>
			<ELocationID EIdType="pii">69891</ELocationID>
			
<ELocationID EIdType="doi">10.22059/jor.2018.265782.1747</ELocationID>
			
			<Language>FA</Language>
<AuthorList>
<Author>
					<FirstName>ایلمیرا</FirstName>
					<LastName>دادور</LastName>
<Affiliation>گروه زبان فرانسه- دانشکده ادبیات و زبان های خارجی دانشگاه تهران</Affiliation>

</Author>
<Author>
					<FirstName>ابراهیم</FirstName>
					<LastName>سلیمی کوچی</LastName>
<Affiliation>گروه زبان فرانسه، دانشکده زبان های خارجی دانشگاه اصفهان</Affiliation>

</Author>
<Author>
					<FirstName>نیکو</FirstName>
					<LastName>قاسمی اصفهانی</LastName>
<Affiliation>دانشکده ادبیات و زبان های خارجی، دانشگاه تهران</Affiliation>

</Author>
</AuthorList>
				<PublicationType>Journal Article</PublicationType>
			<History>
				<PubDate PubStatus="received">
					<Year>2018</Year>
					<Month>09</Month>
					<Day>17</Day>
				</PubDate>
			</History>
		<Abstract>The conference of the birds of Jean-Claude Carrière is one of the great theater plays inspired from Mantiq- ut-Tair. Carrière has tried to maintain the principal form of Attar’s work and by considering the constraints of theater, he has made some changes in the source text. One of the main changes is the transformation of Simorgh’s notion. In fact, by relying on the criterias of his worldview, which tends to be like a quasi-mysticism terrestrial, he has supposed another meaning for Simorgh, being in contrast with Attar’s celestial mysticism. In this analysis, we try to verify the notion of Simorgh, by profiting from the analytical theories of Genette in intertextuality. In addition, we attempt to answer the questions about how the mystical character of Simorgh was presented, from an intertextual viewpoint, and by which changes? And how a non- Persian contemporary text, like The conference of the birds, has succeded to transfer the message of Attar in a different form?</Abstract>
			<OtherAbstract Language="FA">نمایشنامه‌ی مجمع مرغان ژان کلود-کَریِر، از جمله متون اقتباس‌شده از منطق‌‌الطّیر عطّار است. کَریِر در این اثر، سعی بر آن داشته که شکل اصلی داستان عطّار را حفظ کرده و با توجّه به ضرورت‌ها و محدودیت‌های متن نمایشی در آن تغییراتی انجام دهد. از جمله تغییرات شاخصی که او در این متن انجام داده، دگرگونی مفهوم «سیمرغ» است. در واقع، کَریِر هم‌جهت با مؤلفه‌های جهان-نگری خویش و نوعی شبه‌عرفان ناسوتی، معنای دیگری را برای سیمرغ در نظر گرفته و برخلاف عطّار مفهومی زمینی به سیمرغ بخشیده است. در نوشتار حاضر سعی بر آن داریم تا با استفاده از رویکردهای تحلیلی بینامتنیت ژُنتی به بررسی مفهوم سیمرغ در اثر کَریِر بپردازیم و در جستجوی پاسخ به این پرسش‌ باشیم که شخصیّت اسطوره‌ای سیمرغ با چه تغییراتی در دلالت‌های نخستین و شناخته‌شده‌‌‌اش به تصویر کشیده‌‌شده است و چگونه یک متن معاصر غیرفارسی‌زبان، هم‌چون نمایشنامه‌ی مجمع مرغان، موفّق به انعکاس پیام عطّار در قالبی دیگر شده است؟</OtherAbstract>
		<ObjectList>
			<Object Type="keyword">
			<Param Name="value">مجمع مرغان</Param>
			</Object>
			<Object Type="keyword">
			<Param Name="value">منطق الطّیر</Param>
			</Object>
			<Object Type="keyword">
			<Param Name="value">سیمرغ</Param>
			</Object>
			<Object Type="keyword">
			<Param Name="value">بینامتنیّت</Param>
			</Object>
			<Object Type="keyword">
			<Param Name="value">عطّار</Param>
			</Object>
			<Object Type="keyword">
			<Param Name="value">ادبیّات تطبیقی</Param>
			</Object>
		</ObjectList>
<ArchiveCopySource DocType="pdf">https://jor.ut.ac.ir/article_69891_b4aab300e50b4a2ed7697f711796ce05.pdf</ArchiveCopySource>
</Article>

<Article>
<Journal>
				<PublisherName>دانشگاه تهران</PublisherName>
				<JournalTitle>پژوهش ادبیات معاصر جهان</JournalTitle>
				<Issn>2588-4131</Issn>
				<Volume>23</Volume>
				<Issue>2</Issue>
				<PubDate PubStatus="epublish">
					<Year>2019</Year>
					<Month>01</Month>
					<Day>21</Day>
				</PubDate>
			</Journal>
<ArticleTitle>The Vision of Death in John Milton’s Paradise Lost and Leo Tolstoy’s The Death of Ivan Ilych: A Comparative Study</ArticleTitle>
<VernacularTitle>مطالعه‌ی تطبیقی تصویر مرگ در بهشت گمشده و مرگ ایوان ایلیچ</VernacularTitle>
			<FirstPage>371</FirstPage>
			<LastPage>392</LastPage>
			<ELocationID EIdType="pii">69892</ELocationID>
			
<ELocationID EIdType="doi">10.22059/jor.2018.212568.1426</ELocationID>
			
			<Language>FA</Language>
<AuthorList>
<Author>
					<FirstName>زهره</FirstName>
					<LastName>رامین</LastName>
<Affiliation>دانشکده زبان ها و ادبیات خارجی، دکترای زبان</Affiliation>

</Author>
<Author>
					<FirstName>عبدالله</FirstName>
					<LastName>رضایی</LastName>
<Affiliation>دانشگاه تهران</Affiliation>

</Author>
</AuthorList>
				<PublicationType>Journal Article</PublicationType>
			<History>
				<PubDate PubStatus="received">
					<Year>2016</Year>
					<Month>08</Month>
					<Day>02</Day>
				</PubDate>
			</History>
		<Abstract>One of the persistently ubiquitous preoccupations of human beings is the concept of death and mortality; which has engaged us all with its awesome omnipresence one way or another. And the way one looks at it affects our whole life, not least our culture. Meanwhile, there are some who do not confine dying merely to the moment when one’s heart stops beating and one’s lungs cease inhaling and exhaling. John Milton and Leo Tolstoy are among those outstanding figures who have enjoyed such a transcendental outlook and have plucked its aesthetic fruits in their major work.. Considering their seminal positions in Western literature, the present paper intends to provid a close examination of how exactly these writers viewed this perennial concern, as depicted in their representative works. Reading closely Milton’s Paradise Lost and Tolstoy’s The Death of Ivan Ilych, this article concludes that the two authors offer their own specific classification for death.</Abstract>
			<OtherAbstract Language="FA">مفهوم مرگ و فناپذیری انسان، از پندارهایی است که حضور مهیبش مصرانه چهره برافروخته اش را در همه جا نمایان می‌کند. به عبارتی، تمام جوانب زندگی، بالاخص فرهنگ، متاثر از نگاه ما به این واقعیت جهان شمول است. برخی مرگ را محدود به آن لحظه‌ نمی‌دانند که قلب از تپش و ریه از دم و بازدم بازمی ماند. در نزد این گونه افراد ،مرگ حقیقتی است که ممکن است بارها برای یک فرد رخ دهد و برای مدتی کوتاه یا بلند بر او چیره باشد. در طول تاریخ، چنین نگرشی به نیرویی الهام‌ بخش تبدیل شده است. جان میلتون و لئو تولستوی اشخاص برجسته‌ای هستند که میوه زیباشناختی این دیدگاه متعالی را چیده اند. مطالعه‌ی پیش رو بر آن است تا با تحلیلی موشکافانه از بهشت گمشده میلتون و مرگ ایوان ایلیچ تولستوی، روشن سازد که میلتون و تولتستوی به نوعی از طبقه بندی درباره مرگ اذعان داشتند و هر یک راهی را برای کنارآمدن و چه بسا مقابله با این واقعیت فراپیش همنوعانشان قرار دادند.</OtherAbstract>
		<ObjectList>
			<Object Type="keyword">
			<Param Name="value">بهشت گمشده</Param>
			</Object>
			<Object Type="keyword">
			<Param Name="value">مرگ ایوان ایلیچ</Param>
			</Object>
			<Object Type="keyword">
			<Param Name="value">انواع مرگ</Param>
			</Object>
			<Object Type="keyword">
			<Param Name="value">فرهنگ</Param>
			</Object>
			<Object Type="keyword">
			<Param Name="value">فناناپذیری</Param>
			</Object>
		</ObjectList>
<ArchiveCopySource DocType="pdf">https://jor.ut.ac.ir/article_69892_7942d4d5a9b5dfbdb4682fb9b8c423e8.pdf</ArchiveCopySource>
</Article>

<Article>
<Journal>
				<PublisherName>دانشگاه تهران</PublisherName>
				<JournalTitle>پژوهش ادبیات معاصر جهان</JournalTitle>
				<Issn>2588-4131</Issn>
				<Volume>23</Volume>
				<Issue>2</Issue>
				<PubDate PubStatus="epublish">
					<Year>2019</Year>
					<Month>01</Month>
					<Day>21</Day>
				</PubDate>
			</Journal>
<ArticleTitle>The Study of cultural consequences of colonialism in Driss Chraïbi&#039;s works in the Light of Aimée Césaire&#039;s ideas</ArticleTitle>
<VernacularTitle>بررسی تأثیرات فرهنگی استعمار در آثار ادریس شرایبی در پرتو آراء اِمه سِزر</VernacularTitle>
			<FirstPage>393</FirstPage>
			<LastPage>414</LastPage>
			<ELocationID EIdType="pii">69893</ELocationID>
			
<ELocationID EIdType="doi">10.22059/jor.2018.262584.1730</ELocationID>
			
			<Language>FA</Language>
<AuthorList>
<Author>
					<FirstName>زینب</FirstName>
					<LastName>رضوان طلب</LastName>
<Affiliation>عضو هیئت علمی گروه زبان و ادبیات فرانسه دانشگاه تهران</Affiliation>

</Author>
<Author>
					<FirstName>مرضیه</FirstName>
					<LastName>مهرابی</LastName>
<Affiliation>عضو هیئت علمی گروه زبان و ادبیات فرانسه دانشگاه تهران</Affiliation>

</Author>
</AuthorList>
				<PublicationType>Journal Article</PublicationType>
			<History>
				<PubDate PubStatus="received">
					<Year>2018</Year>
					<Month>07</Month>
					<Day>23</Day>
				</PubDate>
			</History>
		<Abstract>Driss Chraïbi is one of the most famous Francophone Moroccan writers, who has grown in the former French colonies; that’s why he attaches particular attention to cultural consequences of colonialism in the colonial societies. In some of his works, he makes reference, implicitly or explicitly, to the relations between the colonizer and colonized people, and describes military force’s actions or cultural plans in colonized countries. Aimée Césaire is a Martinican politician and author who is considered in Francophone academic environments as a pattern in anti-colonial studies and struggles. In this paper, we try to explain and analyze Aimée Césaire ideas as these are presented in Discourse on Colonialism (1950) and Culture and Colonialism (1963). Then, we examine different effects of intern and external colonial influences in four of Driss Chraïbi’s novels: The Simple Past (1954), The Goats (1955), The Civilization, My Mother (1972), Seen, Read, Heard (1998).&lt;br /&gt; &lt;br /&gt; Colonialism, colonizer, colonized, culture, civilization, history, identity</Abstract>
			<OtherAbstract Language="FA">ادریس شرایبی، از نویسندگان برجستۀ مراکشی تبار و فرانسوی زبان، در بسیاری از آثار خود، به طور مستقیم یا غیر مستقیم، به نقش و پیامدهای فرهنگی استعمار پرداخته و تصاویر ملموسی را از حضور نیروهای نظامی و کارگزاران سیاسی استعمارگر در جوامع مستعمره ارائه داده است. اِمه سزر نیز نویسنده و فعال سیاسی اهل مارتینیک بوده که در جوامع فرانسوی زبان به عنوان مرجع و الگویی در تفکرات و مبارزات ضداستعماری به حساب می آید. در این مقاله میکوشیم تا با تکیه بر آراء و اندیشه های اِمه سزر، آنچنان که در دو اثر گفتاری در باب استعمار (1950) و فرهنگ و استعمار (1963) تشریح شده اند، به تبیین و تحلیل تأثیرات استعمار بر تاریخ، تمدن، و هویت ملت های استعمارزده بپردازیم. سپس، به منظور بهتر نشان دادن نمودهای درونی و بیرونی این تأثیرات، جلوه های متعدد و متنوعی از آن را در چهار رمان ادریس شرایبی بررسی میکنیم. این آثار شامل ماضی ساده (1954)، بزهای نر (1955)، تمدن، مادرم (1972)، و دیده شده، خوانده شده، شنیده شده (1998) میشود.</OtherAbstract>
		<ObjectList>
			<Object Type="keyword">
			<Param Name="value">استعمار</Param>
			</Object>
			<Object Type="keyword">
			<Param Name="value">استعمارگر</Param>
			</Object>
			<Object Type="keyword">
			<Param Name="value">استعمارزده</Param>
			</Object>
			<Object Type="keyword">
			<Param Name="value">فرهنگ</Param>
			</Object>
			<Object Type="keyword">
			<Param Name="value">تمدن</Param>
			</Object>
			<Object Type="keyword">
			<Param Name="value">تاریخ</Param>
			</Object>
			<Object Type="keyword">
			<Param Name="value">هویت</Param>
			</Object>
		</ObjectList>
<ArchiveCopySource DocType="pdf">https://jor.ut.ac.ir/article_69893_92ea545b65c431a1a9f854f3b2751b62.pdf</ArchiveCopySource>
</Article>

<Article>
<Journal>
				<PublisherName>دانشگاه تهران</PublisherName>
				<JournalTitle>پژوهش ادبیات معاصر جهان</JournalTitle>
				<Issn>2588-4131</Issn>
				<Volume>23</Volume>
				<Issue>2</Issue>
				<PubDate PubStatus="epublish">
					<Year>2019</Year>
					<Month>01</Month>
					<Day>21</Day>
				</PubDate>
			</Journal>
<ArticleTitle>The Literary Anthropology of Schiller from the Standpoint of Contemporary Research and from the Point of View of Lukács</ArticleTitle>
<VernacularTitle>انسان‌شناسی ادبی شیلر از دیدگاه پژوهش معاصر و از منظر لوکاچ</VernacularTitle>
			<FirstPage>415</FirstPage>
			<LastPage>432</LastPage>
			<ELocationID EIdType="pii">69894</ELocationID>
			
<ELocationID EIdType="doi">10.22059/jor.2018.255887.1672</ELocationID>
			
			<Language>FA</Language>
<AuthorList>
<Author>
					<FirstName>حمید رضا</FirstName>
					<LastName>حاجی قاسم</LastName>
<Affiliation>دانشجوی دکترا، گروه زبان و ادبیات آلمانی، واحد علوم وتحقیقات، دانشگاه آزاد اسلامی، تهران، ایران</Affiliation>

</Author>
<Author>
					<FirstName>مسعود</FirstName>
					<LastName>سلامی</LastName>
<Affiliation>استادیار و عضو هیأت علمی، گروه زبان و ادبیات آلمانی، واحد علوم وتحقیقات، دانشگاه آزاد اسلامی، تهران، ایران</Affiliation>

</Author>
</AuthorList>
				<PublicationType>Journal Article</PublicationType>
			<History>
				<PubDate PubStatus="received">
					<Year>2018</Year>
					<Month>04</Month>
					<Day>15</Day>
				</PubDate>
			</History>
		<Abstract>The philosophical work of Schiller entitled “On the Aesthetic Education of Man” discusses the human character and the character of society in an anthropological form and reflects on three types of characters:Barbarian, Wilder and the Third Character. Lukács and contemporary research, know Schiller&#039;s dramatic characters in connection with the aesthetic Education -without dealing with the analysis of the anthropology of these letters- as expressions of an inner conflict between virtue and vice, which could be understood as a conflict between moral obligations and psychological being. If his anthropological insights and their transformation are the leitmotif of his works, a precise interpretation of his anthropology and thus of the analysis of dramatic figures is only possible if the anthropology of the literary and the philosophical is taken into account simultaneously. Thus, in this study, the dramatic characters are analyzed by means of Lukács point of view and the state of contemporary research, taking into account the anthropology of aesthetic education, so is a complementary picture of literary and philosophical anthropology provided.</Abstract>
			<OtherAbstract Language="FA">اثر فلسفی شیلر &quot;در باب تربیت زیبایی‌شناختی انسان در رشته‌ای از نامه‌ها&quot; انسان‌شناختی به شخصیت انسان و جامعه می‌پردازد و سه نوع شخصیت را مورد مداقه قرار میدهد: بربر، متوحش و شخصیت سوم، شخصیت‌های غیر اخلاقی و شخصیت ایده‌آل اخلاقی. لوکاچ و پژوهش‌های معاصر شخصیت‌های نمایشی شیلر را در ارتباط با نامه‌های تربیت زیبایی‌شناختی – بی‌آنکه به تحلیل انسان‌شناختی این نامه‌ها بپردازند- تجلی کمشکش درونی میان فضیلت و رذیلت می‌دانند که از آن می‌توان به نزاع میان باید‌های اخلاقی و بودنِ روانشناختی نیز تعبیر کرد. چنانچه در آثار ادبی و در اثر فلسفی شیلر شاهد حضور و تطور اندیشه‌های انسان‌شناختی شیلر باشیم، درک، دریافت و تحلیل کامل این انسان‌شناسی - انسان شناسی اثر فلسفی و آثار نمایشی - و بدین ترتیب تحلیل شخصیت‌های نمایشی در گرو نگاهی همزمان به این آثار است. بدین منظور با نگاهی به نظریه‌ی لوکاچ، پژوهش‌های معاصر و تربیت زیبایی‌شناختی شیلر به تحلیل شخصیت‌های آثار نمایشی پرداخته و سعی بر ارائه تصویری کامل از انسان‌شناسی شیلر خواهد بود .</OtherAbstract>
		<ObjectList>
			<Object Type="keyword">
			<Param Name="value">لوکاچ</Param>
			</Object>
			<Object Type="keyword">
			<Param Name="value">پژوهش‌های معاصر</Param>
			</Object>
			<Object Type="keyword">
			<Param Name="value">رذیلت</Param>
			</Object>
			<Object Type="keyword">
			<Param Name="value">فضیلت</Param>
			</Object>
			<Object Type="keyword">
			<Param Name="value">بودنِ روانشناختی</Param>
			</Object>
			<Object Type="keyword">
			<Param Name="value">باید‌های اخلاقی</Param>
			</Object>
		</ObjectList>
<ArchiveCopySource DocType="pdf">https://jor.ut.ac.ir/article_69894_ebe02454c5602522f6c8a4217ede9de7.pdf</ArchiveCopySource>
</Article>

<Article>
<Journal>
				<PublisherName>دانشگاه تهران</PublisherName>
				<JournalTitle>پژوهش ادبیات معاصر جهان</JournalTitle>
				<Issn>2588-4131</Issn>
				<Volume>23</Volume>
				<Issue>2</Issue>
				<PubDate PubStatus="epublish">
					<Year>2019</Year>
					<Month>01</Month>
					<Day>21</Day>
				</PubDate>
			</Journal>
<ArticleTitle>The consideration of Ellen Showalter&#039;s aspects of feminism critic in &quot;Noghreh, dokhtare daryaye Cabol&quot; written by Homeyra</ArticleTitle>
<VernacularTitle>بررسی رویکردهای چهارگانة نقد فمینیستی اِلِن شوالتر در رمان نقره دختر دریای کابل اثر حمیرا قادری</VernacularTitle>
			<FirstPage>433</FirstPage>
			<LastPage>460</LastPage>
			<ELocationID EIdType="pii">69895</ELocationID>
			
<ELocationID EIdType="doi">10.22059/jor.2019.215027.1443</ELocationID>
			
			<Language>FA</Language>
<AuthorList>
<Author>
					<FirstName>مولود</FirstName>
					<LastName>طلائی</LastName>
<Affiliation>دانش آموختة دکترای ادبیات فارسی دانشگاه اصفهان</Affiliation>

</Author>
<Author>
					<FirstName>مهرناز</FirstName>
					<LastName>طلائی</LastName>
<Affiliation>دانشجوی دکترای زبان فرانسه دانشگاه تهران</Affiliation>

</Author>
</AuthorList>
				<PublicationType>Journal Article</PublicationType>
			<History>
				<PubDate PubStatus="received">
					<Year>2016</Year>
					<Month>09</Month>
					<Day>01</Day>
				</PubDate>
			</History>
		<Abstract>The woman and her place in literary works such important issues during the last two centuries, a great deal of attention from researchers have focused in different domain such as social, cultural, political, and even the literature. The feminist critiques of theories of the different aspects in this domain have entered.&lt;br /&gt; This article reviews the feminist novel, Noghreh, The Girl of Cable sea with the use of Showalter´s theory. This theory ranging to four aspects: biological, cultural, psychological and linguistic.&lt;br /&gt; In this novel, cultural and psychological aspects discussed more frequently.&lt;br /&gt; In three levels of language structure, the written of Ghaderi is more prominent; lexical, syntactic and rhetorical. &lt;br /&gt; In lexical level, the readers face to variety of kitchen terminology and specific feminine issues. In syntactic level, short and simple sentences and in rhetorical eloquent symbol are the most important points that the authors of this article have considered.&lt;br /&gt; &lt;br /&gt; Key words: Noghreh dokhtare daryayae Cabol, Ellen Showalter, biological aspect, cultural aspect, psychological aspect, linguistic aspect.</Abstract>
			<OtherAbstract Language="FA">بحث زنان و محوریت آن‌ها در آثار ادبی از مسائل مهمی است که طی دو قرن اخیر، توجه عدة زیادی از پژوهشگران را در عرصه‌های مختلف اجتماع، فرهنگ، سیاست و حتی ادبیات به خود معطوف کرده‌است&lt;br /&gt; منظور از نقد فمینیست یا نقد زن‌محور، صرفاً پرداختن به شورش زنان علیه مردان و یا مردانه عمل کردن آن‌ها در آثار نیست، بلکه گاه به تصویر درآوردن خشونتهای یک مرد را علیه زن به تصویر می‌کشد.&lt;br /&gt; در این جستار کوشیده‌ایم تا به بررسی زمینه‌های برجسته فکری رمان نقره دختر دریای کابل اثر حمیرا قادری با توجه به رویکردهای چهارگانة نقد &quot;الن شوالتر&quot; اعم از رویکرد زیست‌شناختی، فرهنگی، روانکاوانه و زبانی بپردازیم. &lt;br /&gt; رمان نقره دختر دریای کابل به سیر تاریخی سرزمین افغانستان در بازه‌ای بیش از نیم قرن در سالهای 1880 میلادی تا 1940 میپردازد. قادری با استفاده از شگردهای زنانه به خوبی از عهدة برجسته‌سازی مسائل زنان رنج‌کشیدة افغانستان در این رمان برآمده است و توانسته رمان خود را به عنوان اثری تأثیرگذار عرضه کند.</OtherAbstract>
		<ObjectList>
			<Object Type="keyword">
			<Param Name="value">نقره دختر دریای کابل</Param>
			</Object>
			<Object Type="keyword">
			<Param Name="value">الن شوالتر</Param>
			</Object>
			<Object Type="keyword">
			<Param Name="value">رویکرد زیست‌شناسانه</Param>
			</Object>
			<Object Type="keyword">
			<Param Name="value">رویکرد فرهنگی</Param>
			</Object>
			<Object Type="keyword">
			<Param Name="value">رویکرد روانکاوانه</Param>
			</Object>
			<Object Type="keyword">
			<Param Name="value">رویکرد زبانی</Param>
			</Object>
		</ObjectList>
<ArchiveCopySource DocType="pdf">https://jor.ut.ac.ir/article_69895_a369b2b9b981c888d420aedb9772164a.pdf</ArchiveCopySource>
</Article>

<Article>
<Journal>
				<PublisherName>دانشگاه تهران</PublisherName>
				<JournalTitle>پژوهش ادبیات معاصر جهان</JournalTitle>
				<Issn>2588-4131</Issn>
				<Volume>23</Volume>
				<Issue>2</Issue>
				<PubDate PubStatus="epublish">
					<Year>2019</Year>
					<Month>01</Month>
					<Day>21</Day>
				</PubDate>
			</Journal>
<ArticleTitle>The critique of Saadi&#039;s Gulistan with Bandura&#039;s social cognitive theory.</ArticleTitle>
<VernacularTitle>نقد گلستان سعدی از دیدگاه نظریه شناختی- اجتماعی بندورا.</VernacularTitle>
			<FirstPage>461</FirstPage>
			<LastPage>484</LastPage>
			<ELocationID EIdType="pii">69896</ELocationID>
			
<ELocationID EIdType="doi">10.22059/jor.2018.114379.1141</ELocationID>
			
			<Language>FA</Language>
<AuthorList>
<Author>
					<FirstName>رقیه</FirstName>
					<LastName>علائی</LastName>
<Affiliation>دکتری روانشناسی تربیتی، دانشگاه لرستان، ایران</Affiliation>

</Author>
<Author>
					<FirstName>سارا</FirstName>
					<LastName>علائی خرایم</LastName>
<Affiliation>دانشجوی دکتری روانشناسی عمومی، دانشگاه محقق اردبیلی، (کارشناس دانشگاه فرهنگیان)، ایران</Affiliation>

</Author>
<Author>
					<FirstName>حسنعلی</FirstName>
					<LastName>ویسکرمی</LastName>
<Affiliation>عضو هیأت علمی دانشگاه لرستان، لرستان، ایران.</Affiliation>

</Author>
</AuthorList>
				<PublicationType>Journal Article</PublicationType>
			<History>
				<PubDate PubStatus="received">
					<Year>2015</Year>
					<Month>01</Month>
					<Day>14</Day>
				</PubDate>
			</History>
		<Abstract>Gulistan (a preface and eight chapters), the most influential book of prose in the classical Persian literature, that Saadi is a poet and writer Iranian to mention the realities of human life and moral exhortations in Gulistan. The very thought of a study of human behavior from Gulistan at the perspective of psychology. In this study (the evaluation criteria is not used) we used the method of compare for the psychological critique of Saadi&#039;s Gulistan with Bandura&#039;s social cognitive theory. Research method is a research library and documentation. And the analysis of the comparative aspects, and the design of each of the samples has been noted. The findings show that, Saadi is used the format of story for indicates the best ways to take advantage of life and is trying to improve relations and human behavior to your audience. These concepts today are corresponded with Bandura&#039;s social cognitive theory. The results show that the major concepts of Bandura&#039;s social cognitive theory, including observationa learning and processes affecting it, ...</Abstract>
			<OtherAbstract Language="FA">گلستان، تاثیرگذارترین کتاب نثر در ادبیات فارسی است که سعدی، شاعر و نویسنده پارسی‌گوی در آن به ذکر واقعیات زندگی انسان و نصایح اخلاقی، در یک دیباچه و هشت باب به نثر مُسَّجَع پرداخته است. امروزه بررسی رفتارهای مختلف انسانی در گلستان از منظر روان‌شناسی قابل تأمل است. این پژوهش، به دور از ملاک ارزش‌گذاری، به روش مقایسه‌ای بر آن است تا نظرات سعدی را در حکایت‌های گلستان با نظریه شناختی-اجتماعی بندورا مقایسه کند. شیوه پژوهش، کتابخانه‌ای و اسنادپژوهی است و روش تحلیل نیز جنبه تطبیقی دارد و در طرح هر مفهوم به نمونه‌های چندی اشاره شده است. یافته‌های پژوهش، حاکی از آن است که ﺳﻌﺪی از ﻗﺎﻟﺐ ﺣﻜﺎﻳﺖ ﺑﺮای ﺑﻴﺎن ﺑﻬﺘﺮﻳﻦ روش‌های زﻧﺪﮔﻲ ﺑﻬﺮه می‌گیرد و سعی دارد ﺑﺮای ﺑﻬﺒﻮد رواﺑﻂ و رﻓﺘﺎرﻫﺎی اﻧﺴﺎﻧﻲ، راﻫﻜﺎرﻫﺎﻳﻲ ﺑﻪ ﻣﺨﺎﻃﺐ ﺧﻮد اراﺋﻪ نماید. این مفاهیم اﻣﺮوزه ﺑﺎ ﻧﻈﺮﻳﻪ شناختی-اجتماعی بندورا ﻣﻄﺎﺑﻘﺖ دارد. نتایج تحقیق نشان می‌دهد که سعدی به مفاهیم عمده نظریه شناختی-اجتماعی بندورا نظیرِ یادگیری مشاهده‌ای و فرایند مؤثر بر آن، موجبیت متقابل و عاملیت انسانی در حکایات پرداخته است.</OtherAbstract>
		<ObjectList>
			<Object Type="keyword">
			<Param Name="value">گلستان</Param>
			</Object>
			<Object Type="keyword">
			<Param Name="value">سعدی</Param>
			</Object>
			<Object Type="keyword">
			<Param Name="value">بندورا</Param>
			</Object>
			<Object Type="keyword">
			<Param Name="value">نظریه شناختی-اجتماعی</Param>
			</Object>
			<Object Type="keyword">
			<Param Name="value">تعلیم و تربیت</Param>
			</Object>
		</ObjectList>
<ArchiveCopySource DocType="pdf">https://jor.ut.ac.ir/article_69896_808a089076df8e15a92809b92f287f48.pdf</ArchiveCopySource>
</Article>

<Article>
<Journal>
				<PublisherName>دانشگاه تهران</PublisherName>
				<JournalTitle>پژوهش ادبیات معاصر جهان</JournalTitle>
				<Issn>2588-4131</Issn>
				<Volume>23</Volume>
				<Issue>2</Issue>
				<PubDate PubStatus="epublish">
					<Year>2019</Year>
					<Month>01</Month>
					<Day>21</Day>
				</PubDate>
			</Journal>
<ArticleTitle>Women in One Thousand and One Nights and Asian Novels of Gobineau:  A Comparative Study</ArticleTitle>
<VernacularTitle>بررسی تطبیقی زن مدارانه ی قصه های هزار و یک شب و داستانهای آسیایی گوبینو</VernacularTitle>
			<FirstPage>485</FirstPage>
			<LastPage>508</LastPage>
			<ELocationID EIdType="pii">69897</ELocationID>
			
<ELocationID EIdType="doi">10.22059/jor.2018.245844.1610</ELocationID>
			
			<Language>FA</Language>
<AuthorList>
<Author>
					<FirstName>محمدرضا</FirstName>
					<LastName>فارسیان</LastName>
<Affiliation>دانشگاه فردوسی مشهدـ دانشیار گروه زبان و ادبیات فرانسه</Affiliation>

</Author>
<Author>
					<FirstName>سمیه</FirstName>
					<LastName>خبیر</LastName>
<Affiliation>گروه زبان و ادبیات فرانسه
دانشگاه شهید بهشتی</Affiliation>

</Author>
</AuthorList>
				<PublicationType>Journal Article</PublicationType>
			<History>
				<PubDate PubStatus="received">
					<Year>2017</Year>
					<Month>11</Month>
					<Day>22</Day>
				</PubDate>
			</History>
		<Abstract>Attending to women in literature is a way to figure out the status in women in their society. A review of literature demonstrates the fact that the mirror of literature has not portrayed an appealing image of women. This principle makes more sense in the stories with a Hindu origin since Hinduism has always been associated with patriarchy and repressing the woman. One thousand and One Nights is also a work with the Iranian-Hindu origin and has reflected the writing of orientalists. One of the orientalists interested in One thousand and One Nights is Gobineau who has authored many stories with oriental content. In this article, the women&#039;s profile is comparatively investigated in One thousand and One Nights and the Asian Novels of Gobineau. This comparative study shows the similarity of attitudes towards women in the two work and reveals the effects on One thousand and One Nights on this orientalist.</Abstract>
			<OtherAbstract Language="FA">چکیده&lt;br /&gt; ادبیات آیینهی هر اجتماع انسانی است و توجه به سیمای زن در ادبیات هر فرهنگ میتواند گویای جایگاه زن در اجتماع خویش باشد. بررسی ادبیات متاسفانه بیانگر این مطلب است که این آیینه تصویر زیبایی از زنان به خوانندهی خود ارائه نمیدهد. این اصل در داستانهایی با ریشهی هندی بیشتر نمود پیدا میکند، چرا که آیین هندو با مردسالاری و زنستیزی همراه بوده است. هزار و یک شب نیز با ریشهای هند و ایرانی از این قاعده مستثنی نیست و این درونمایه بر نویسندگان شرقشناس نیز تاثیر گذاشته است. گوبینو از جمله شرقشناسان فرانسوی علاقمند به هزار و یک شببوده که حکایات بسیاری با درونمایههای شرقی نگاشتهاست. در مقاله حاضر سعی شده است که با تحلیل نمودهای زنستیزی در هزار و یک شبو داستانهای آسیایی گوبینو به تاثیر پذیری این نویسنده از هزار و یک شبپرداخته شود. این بررسی نشان از تشابه نمودهای زنستیزی در دو اثر یاد شده دارد.</OtherAbstract>
		<ObjectList>
			<Object Type="keyword">
			<Param Name="value">ادبیات تطبیقی</Param>
			</Object>
			<Object Type="keyword">
			<Param Name="value">هزار و یک شب</Param>
			</Object>
			<Object Type="keyword">
			<Param Name="value">داستانهای آسیایی</Param>
			</Object>
			<Object Type="keyword">
			<Param Name="value">گوبینو</Param>
			</Object>
			<Object Type="keyword">
			<Param Name="value">نگاه زن مدارانه</Param>
			</Object>
		</ObjectList>
<ArchiveCopySource DocType="pdf">https://jor.ut.ac.ir/article_69897_1f547fe7c0f9ebbeb87cdb9891a27362.pdf</ArchiveCopySource>
</Article>

<Article>
<Journal>
				<PublisherName>دانشگاه تهران</PublisherName>
				<JournalTitle>پژوهش ادبیات معاصر جهان</JournalTitle>
				<Issn>2588-4131</Issn>
				<Volume>23</Volume>
				<Issue>2</Issue>
				<PubDate PubStatus="epublish">
					<Year>2019</Year>
					<Month>01</Month>
					<Day>21</Day>
				</PubDate>
			</Journal>
<ArticleTitle>Projection of slavery and appreciation of freedom
in «Death of the Wolf» of Alfred de Vigny and «Dogs and Wolves» of Mehdi Akhavan-Sales</ArticleTitle>
<VernacularTitle>نفی بندگی و ستایش آزادگی در &quot;مرگ گرگ&quot; نوشته وین یی و &quot;سگ ها و گرگ ها&quot; اثر اخوان ثالث</VernacularTitle>
			<FirstPage>509</FirstPage>
			<LastPage>532</LastPage>
			<ELocationID EIdType="pii">69898</ELocationID>
			
<ELocationID EIdType="doi">10.22059/jor.2019.215302.1446</ELocationID>
			
			<Language>FA</Language>
<AuthorList>
<Author>
					<FirstName>حسن</FirstName>
					<LastName>فروغی</LastName>
<Affiliation>استاد گروه زبان و ادبیات فرانسه دانشگاه شهید چمران اهواز</Affiliation>

</Author>
<Author>
					<FirstName>زینب</FirstName>
					<LastName>پرچمی</LastName>
<Affiliation>ندارم</Affiliation>
<Identifier Source="ORCID">JOR-201609-1446 (R2)</Identifier>

</Author>
</AuthorList>
				<PublicationType>Journal Article</PublicationType>
			<History>
				<PubDate PubStatus="received">
					<Year>2016</Year>
					<Month>09</Month>
					<Day>06</Day>
				</PubDate>
			</History>
		<Abstract>Human concepts have always had similar value in all times, places and languages. For example, the freedom which has always been appreciated and has been celebrated in various forms by different well-reads. In contrast to this concept is the notion of slavery which has always been despicable to human kind in history as a much deplored attribute. A curious and keen reading of the poetry of Alfred de Vigny and Mehdi Akhavan-Sales encouraged us to carry out an examination of the two concepts of slavery and freedom in these two poets and to delineate further on the viewpoints of these two pioneers of Romantic school in France and black verse in Iran concerning philosophy of being. To this purpose, this study is a comparative examination of the poems of «Death of the Wolf» and «Dogs and Wolves», which clearly illustrate the «dependence and independence» using symbolic language and allegory. Findings that both poets denounce slavery and praise liberty while demand human freedom.</Abstract>
			<OtherAbstract Language="FA">مفاهیم انسانی در تمامی زمانها، مکانها و زبانهای بشری ارزش یکسانی داشته اند. ازجمله، «آزادگی» که همیشه مورد ستایش بوده و ادبای بسیاری به اشکال گوناگون آن را فریاد زده اند. در تقابل با آن، صفت نکوهیده «بندگی» قرار می گیرد که در طول تاریخ، همواره مذموم بوده است. خوانشی کنجکاوانه و از سر شوق در اشعار وی یی و اخوان ثالث ما را بر آن داشت تا در این مقاله به بررسی دو مفهوم «بندگی» و «بردگی» از نگاه دو شاعر بپردازیم و گوشه هایی ازعقاید این دو طلایه دار قافله شعر و ادب مکتب رمانتیسم فرانسه و جنبش شعر نو فارسی پیرامون فلسفه هستی را پیش چشم دوستداران ادبیات فرانسه و ایران قراردهیم. این پژوهش تحلیلی تطبیقی است از اشعار «مرگ گرگ» اثر وی یی و «سگ ها و گرگ ها» سروده اخوان ثالث که در قالب تمثیل و زبانی نمادین به وضوح مفاهیم «وارستگی» و «وابستگی» را منعکس می کندو درنهایت، «بندگی» را تقبیح و «آزادگی» را تسبیح نموده و خواستار آزادگی انسان و انسانی آزادشده است.</OtherAbstract>
		<ObjectList>
			<Object Type="keyword">
			<Param Name="value">آزادگی</Param>
			</Object>
			<Object Type="keyword">
			<Param Name="value">بندگی</Param>
			</Object>
			<Object Type="keyword">
			<Param Name="value">بیان تمثیلی</Param>
			</Object>
			<Object Type="keyword">
			<Param Name="value">رمانتیسم</Param>
			</Object>
			<Object Type="keyword">
			<Param Name="value">شعر نو</Param>
			</Object>
		</ObjectList>
<ArchiveCopySource DocType="pdf">https://jor.ut.ac.ir/article_69898_4bd0d96508af339b1e22f979889b01f2.pdf</ArchiveCopySource>
</Article>

<Article>
<Journal>
				<PublisherName>دانشگاه تهران</PublisherName>
				<JournalTitle>پژوهش ادبیات معاصر جهان</JournalTitle>
				<Issn>2588-4131</Issn>
				<Volume>23</Volume>
				<Issue>2</Issue>
				<PubDate PubStatus="epublish">
					<Year>2019</Year>
					<Month>01</Month>
					<Day>21</Day>
				</PubDate>
			</Journal>
<ArticleTitle>Signs of the collapse and social transformation of Russia in “The killer and his little friend” by Zakhar Prilepin</ArticleTitle>
<VernacularTitle>نشانه‌های فروپاشی و تحول اجتماعی روسیه در داستان آدمکش و دوست کوچکش اثر زاخار پریلِپین</VernacularTitle>
			<FirstPage>533</FirstPage>
			<LastPage>550</LastPage>
			<ELocationID EIdType="pii">69899</ELocationID>
			
<ELocationID EIdType="doi">10.22059/jor.2018.267638.1757</ELocationID>
			
			<Language>FA</Language>
<AuthorList>
<Author>
					<FirstName>زهرا</FirstName>
					<LastName>محمدی</LastName>
<Affiliation>دانشگاه تهران، دانشکده زبان‌ها و ادبیات خارجی، دکترای ادبیات روسی</Affiliation>

</Author>
<Author>
					<FirstName>راحله</FirstName>
					<LastName>محمودی</LastName>
<Affiliation>دانشگاه تهران، دانشکده زبان‌ها و ادبیات خارجی</Affiliation>

</Author>
</AuthorList>
				<PublicationType>Journal Article</PublicationType>
			<History>
				<PubDate PubStatus="received">
					<Year>2018</Year>
					<Month>10</Month>
					<Day>16</Day>
				</PubDate>
			</History>
		<Abstract>Zakhar Prilepin is a contemporary Russian write .&lt;br /&gt; Zakhar Prilepin In his nationalist stories, every attempt to save the fatherland is praised. &lt;br /&gt; In his works, Zakhar Prilepin criticizes the many abnormalities that occurred as a result of political and social developments in Russia.&lt;br /&gt; In the story “The killer and his little friend”, issues such as the Chechen war, the importance of Russian identity in the new Russia, the loss of national identity, hope for a clear future for Russia. &lt;br /&gt; After a semiotic analysis of this story, we can see the reflection of the social and moral collapse and the necessity of the emergence of new heroes to save Russia.&lt;br /&gt; For Zakhar Prilupin, serving Russia and preserving Russia&#039;s identity is the highest goal, and any means to achieve it can be justified. Because of this idea, the death of humans is ignored by Prilepin in “The killer and his little friend”. The author draws the reader&#039;s attention to the hope that he sprouts in the heart of the hero&#039;s wife.</Abstract>
			<OtherAbstract Language="FA">زاخار پریلپین، از نویسندگان معاصر روسیه است که داستان‌هایی با موضوعات ملی‌گرایانه دارد. پریلپین در آثار خود در عین ستایش از هر تلاشی برای حفظ سرزمین و وطن، نابسامانی‌های بی‌شماری را نیز که در نتیجه تحولات سیاسی و اجتماعی در روسیه رخ داده‌ است، با زبانی منتقدانه به نمایش می‌گذارد. در داستان آدمکش و دوست کوچکش، نویسنده موضوعاتی همچون جنگ چچن، اهمیت هویت روسی در روسیه جدید، از دست رفتن هویت ملی، امید به آینده‌ای روشن برای روسیه و موضوعاتی از این دست را مطرح کرده است که همگی نشان‌دهنده گرایشات وطن‌پرستانه او هستند. با تحلیل نشانه‌‌شناختی این داستان، می‌توان بازتاب فروپاشی اجتماعی و اخلاقی و ضرورت ظهور قهرمانان جدید برای نجات روسیه را دریافت. از نظر نویسنده، خدمت به روسیه و حفظ هویت روسی والاترین هدف است که هر وسیله‌ای برای رسیدن به آن قابل توجیه است و به همین دلیل مرگ افرادی که قهرمان داستان مسبب آن بوده، نادیده انگاشته می‌شود و توجه خواننده را به امیدی معطوف می‌کند که در دل همسر قهرمان جوانه می‌زند.</OtherAbstract>
		<ObjectList>
			<Object Type="keyword">
			<Param Name="value">ادبیات معاصر روسیه</Param>
			</Object>
			<Object Type="keyword">
			<Param Name="value">زاخار پریلپین</Param>
			</Object>
			<Object Type="keyword">
			<Param Name="value">آدمکش و دوست کوچکش</Param>
			</Object>
			<Object Type="keyword">
			<Param Name="value">هویت ملی</Param>
			</Object>
			<Object Type="keyword">
			<Param Name="value">قهرمانان جدید</Param>
			</Object>
		</ObjectList>
<ArchiveCopySource DocType="pdf">https://jor.ut.ac.ir/article_69899_3abbfc5f70c0676bb7d3d1793a6e4ad0.pdf</ArchiveCopySource>
</Article>

<Article>
<Journal>
				<PublisherName>دانشگاه تهران</PublisherName>
				<JournalTitle>پژوهش ادبیات معاصر جهان</JournalTitle>
				<Issn>2588-4131</Issn>
				<Volume>23</Volume>
				<Issue>2</Issue>
				<PubDate PubStatus="epublish">
					<Year>2019</Year>
					<Month>01</Month>
					<Day>21</Day>
				</PubDate>
			</Journal>
<ArticleTitle>Structuralism from the Viewpoint of Saussure, Lévi-Strauss, and Propp, and Traces of Structuralistic Thinking in Contemporary Translation Theories</ArticleTitle>
<VernacularTitle>شرح چیستی ساختارگرایی با اتکا به آرای سوسور، لوی استروس و پراپ، و واکاوی ردپای تفکر ساختارگرا در نظریه‌های معاصرترجمه</VernacularTitle>
			<FirstPage>551</FirstPage>
			<LastPage>567</LastPage>
			<ELocationID EIdType="pii">69900</ELocationID>
			
<ELocationID EIdType="doi">10.22059/jor.2018.214906.1442</ELocationID>
			
			<Language>FA</Language>
<AuthorList>
<Author>
					<FirstName>میرسعید</FirstName>
					<LastName>موسوی رضوی</LastName>
<Affiliation>عضو هیئت علمی / گروه مترجمی زبان انگلیسی، دانشکده ادبیات فارسی و زبانهای خارجی، دانشگاه علامه طباطبائی</Affiliation>
<Identifier Source="ORCID">0000-0001-6495-3466</Identifier>

</Author>
</AuthorList>
				<PublicationType>Journal Article</PublicationType>
			<History>
				<PubDate PubStatus="received">
					<Year>2016</Year>
					<Month>08</Month>
					<Day>31</Day>
				</PubDate>
			</History>
		<Abstract>The present paper is a theoretical research with a view to explicating “structuralism”-as a major intellectual paradigm of the twentieth century. Through presenting a brief account of the fundamentals of structuralism, attempt has been made to explore its relation with translation, and to identify traces of structuralistic thought in two of the most important contemporary translation theories proposed. There are two major sections to the present paper, the first of which is centered upon explaining the most basic theoretical underpinnings of structuralism relying primarily on the concepts proposed by certain renowned structuralist thinkers such as Ferdinand De Saussure, Claude Lévi-Strauss, and Vladimir Propp in the fields of linguistics and anthropology. These tenets include scientism, positivism, and reductionism. The second section addresses the relation between structuralism on the one hand, and translation, equivalence, and (un)translatability on the other. It seeks to demonstrate how some of the most outstanding 20th –century translation theories (in particular those proposed by Catford and Nida) have been, knowingly or otherwise, affected by structuralistic thinking.</Abstract>
			<OtherAbstract Language="FA">نوشتار پیش رو جستاری است نظری در باب پارادایم فکری «ساختارگرایی» به مثابه‌ی یکی از مهم‌ترین و تأثیرگذارترین جنبش-های فکری قرن بیستم میلادی که حتی امروز نیز بسیاری از پژوهش‌ها در حوزه‌های مختلف علم متأثر از بنیان‌های فکری آن صورت می‌گیرد. این نوشتار به دو بخش اصلی تقسیم می شود؛ در بخش اول پس از بیان زمینه‌ی تاریخی شکل‌گیری ساختارگرایی، برخی از اساسی‌ترین ریشه‌های نظری و بنیان‌های فکری آن را با اتکا به آرای فردینان دو سوسور، کلود لوی استروس و ولادیمیر پراپ در حوزه‌های زبان‌شناسی، انسان‌شناسی، و حکایت‌شناسی به اختصار مرور می‌کنیم. مهم‌ترین این بنیان‌ها عبارتند از علم‌گرایی، تحقق‌گرایی، تقلیل‌گرایی، و نیز ذره‌نگری و کل‌نگری توامان. پرسش اصلی این است که این اصول و بنیان‌های فکری چگونه در نظریه‌های مطرح‌شده در خصوص ترجمه ظهور و بروز داشته‌اند. در بخش دوم به ارتباط بین ساختارگرایی از یک سو و ترجمه، تعادل، و ترجمه(نا)پذیری از سوی دیگر می‌پردازیم و رد پای این الگوی فکری را در آرای دو تن از برجسته‌ترین نظریه‌پرداز‌ان معاصر در مطالعات ترجمه (کتفورد و نایدا) بررسی می‌کنیم.</OtherAbstract>
		<ObjectList>
			<Object Type="keyword">
			<Param Name="value">ساختارگرایی</Param>
			</Object>
			<Object Type="keyword">
			<Param Name="value">علم‌گرایی</Param>
			</Object>
			<Object Type="keyword">
			<Param Name="value">ترجمه(نا)پذیری</Param>
			</Object>
			<Object Type="keyword">
			<Param Name="value">تعادل</Param>
			</Object>
			<Object Type="keyword">
			<Param Name="value">کتفورد</Param>
			</Object>
			<Object Type="keyword">
			<Param Name="value">نایدا</Param>
			</Object>
		</ObjectList>
<ArchiveCopySource DocType="pdf">https://jor.ut.ac.ir/article_69900_d2a665cfc1b9af076e15e89f962373ad.pdf</ArchiveCopySource>
</Article>
</ArticleSet>
