<?xml version="1.0" encoding="UTF-8"?>
<!DOCTYPE ArticleSet PUBLIC "-//NLM//DTD PubMed 2.7//EN" "https://dtd.nlm.nih.gov/ncbi/pubmed/in/PubMed.dtd">
<ArticleSet>
<Article>
<Journal>
				<PublisherName>دانشگاه تهران</PublisherName>
				<JournalTitle>پژوهش ادبیات معاصر جهان</JournalTitle>
				<Issn>2588-4131</Issn>
				<Volume>23</Volume>
				<Issue>1</Issue>
				<PubDate PubStatus="epublish">
					<Year>2018</Year>
					<Month>03</Month>
					<Day>21</Day>
				</PubDate>
			</Journal>
<ArticleTitle>Comparative-Transtextual Study of Herat School Manuscript to Orhan Pamuk, with an Emphasis on Khosrow and Shirin and Novel entitled “My Name Is Red”</ArticleTitle>
<VernacularTitle>بررسی تطبیقی- ترامتنی تأثیر کتاب‌نگاره‌های مکتب هرات بر اورهان پاموک با تأکید بر داستان خسرو و شیرین نظامی و رمان نام من سرخ</VernacularTitle>
			<FirstPage>5</FirstPage>
			<LastPage>34</LastPage>
			<ELocationID EIdType="pii">67527</ELocationID>
			
<ELocationID EIdType="doi">10.22059/jor.2018.141987.1343</ELocationID>
			
			<Language>FA</Language>
<AuthorList>
<Author>
					<FirstName>مرضیه</FirstName>
					<LastName>ابراهیمی</LastName>
<Affiliation>دانشجوی کارشناسی ارشد / دانشگاه مازندران</Affiliation>

</Author>
<Author>
					<FirstName>فتانه</FirstName>
					<LastName>محمودی</LastName>
<Affiliation>دانشیار/ دانشگاه مازندران</Affiliation>

</Author>
</AuthorList>
				<PublicationType>Journal Article</PublicationType>
			<History>
				<PubDate PubStatus="received">
					<Year>2016</Year>
					<Month>01</Month>
					<Day>28</Day>
				</PubDate>
			</History>
		<Abstract>New comparative studies tried to discover texts relationships with utilizing Intertextual methods. Gerrad Genette speaks about interrelations of texts in Transtextual model. In his attitude, Transtextuality is whatever interrelate texts with each other. In the tradition of Iranian miniature, pictorial texts inspired by verbal texts and pursuant to their better understanding. Herat illustrating School is one of the uppermost Schools in Iran and the accompaniment of word and image in its works influences many artists from all over the world. After six centuries of creation of these works, in Turkish contemporary literature, Orhan Pamuk wrote a novel about illustrating which entitled “My Name is Red”. Illustrations of Herat School are so important in this novel and some parts of it occur in the illustrations themes. This study utilizes Genette’s theory of Transtextuality to examine how Herat manuscripts influence the novel. Findings of this article shows that the novel entitled “My Name is Red” is the result of creative transposition of Herat manuscripts and known as a hypertext for them.</Abstract>
			<OtherAbstract Language="FA">پژوهش‌های نوین تطبیقی با به‌کارگیری روش‌های نقد بینامتنی به دنبال کشف روابط متون با یکدیگرند. ژرار ژنت، در الگوی ترامتنیت، از مناسبات میان متون سخن می‌گوید. به تعبیر وی، ترامتنیت هرآن چیزی است که یک متن را در ارتباط با متون دیگر قرار می‌دهد. در نگارگری ایرانی، متون تصویری غالباً الهام از متون کلامی خلق می‌شوند. مکتب هرات از برجسته‌ترین مکاتب نگارگری ایران است که هم‎‌نشینی کلام و تصویر در کتاب‌نگاره‌های آن بسیاری از هنرمندان جهان را تحت تاثیر قرار داده است. نزدیک به شش قرن پس از خلق این آثار، در ادبیات معاصر ترکیه، اورهان پاموک، در رمان نام من سرخ به خلق روایتی درباره‌ی نگارگری می‌پردازد. اهمیت نگاره‌های مکتب هرات در این رمان به‌گونه‌ایست که گویا بخشی از داستان در زمینۀ این نگاره‌ها رخ می‌دهد. این پژوهش با بهره‌گیری از نظریهۀ ترامتنیت ژنت به بررسی چگونگی بازتاب کتاب‌نگاره‌های مکتب هرات در رمان پاموک پرداخته است. یافته‌های پژوهش نشان می‌دهد، رمان نام من سرخ نتیجۀ تراگونگیِ خلاقانۀ کتاب‌نگاره‌های مکتب هرات است و بیش‌متنی بر این آثار قلمداد می‌شود.</OtherAbstract>
		<ObjectList>
			<Object Type="keyword">
			<Param Name="value">ژنت</Param>
			</Object>
			<Object Type="keyword">
			<Param Name="value">ترامتنیت</Param>
			</Object>
			<Object Type="keyword">
			<Param Name="value">نام من سرخ</Param>
			</Object>
			<Object Type="keyword">
			<Param Name="value">اورهان پاموک</Param>
			</Object>
			<Object Type="keyword">
			<Param Name="value">مکتب هرات</Param>
			</Object>
		</ObjectList>
<ArchiveCopySource DocType="pdf">https://jor.ut.ac.ir/article_67527_819685a66264709f3da032be6a2d6089.pdf</ArchiveCopySource>
</Article>
</ArticleSet>
