<?xml version="1.0" encoding="UTF-8"?>
<!DOCTYPE ArticleSet PUBLIC "-//NLM//DTD PubMed 2.7//EN" "https://dtd.nlm.nih.gov/ncbi/pubmed/in/PubMed.dtd">
<ArticleSet>
<Article>
<Journal>
				<PublisherName>دانشگاه تهران</PublisherName>
				<JournalTitle>پژوهش ادبیات معاصر جهان</JournalTitle>
				<Issn>2588-4131</Issn>
				<Volume>20</Volume>
				<Issue>2</Issue>
				<PubDate PubStatus="epublish">
					<Year>2015</Year>
					<Month>09</Month>
					<Day>23</Day>
				</PubDate>
			</Journal>
<ArticleTitle>An Analysis of Tragic Structure in Tragedy and Friedrich Schillers View in Relation to Die Jungfrau von Orleans</ArticleTitle>
<VernacularTitle>ساختار تراژیک در تراژدی و دیدگاه فریدریش شیلر دربارۀ آن با استناد به ژاندارک</VernacularTitle>
			<FirstPage>199</FirstPage>
			<LastPage>215</LastPage>
			<ELocationID EIdType="pii">57082</ELocationID>
			
<ELocationID EIdType="doi">10.22059/jor.2015.57082</ELocationID>
			
			<Language>FA</Language>
<AuthorList>
<Author>
					<FirstName>ابراهیم</FirstName>
					<LastName>استارمی</LastName>
<Affiliation>استادیار زبان و ادبیات آلمانی، دانشکدۀ ادبیات و علوم انسانی، دانشگاه شهید بهشتی، تهران، ایران</Affiliation>

</Author>
</AuthorList>
				<PublicationType>Journal Article</PublicationType>
			<History>
				<PubDate PubStatus="received">
					<Year>2014</Year>
					<Month>07</Month>
					<Day>16</Day>
				</PubDate>
			</History>
		<Abstract>An Analysis of Tragic Structure in Tragedy and Friedrich Schiller&#039;s View in Relation to Die Jungfrau von Orleans &lt;br /&gt; &lt;br /&gt;The present study is an analysis of the art of tragedy in the original tragedy of the eighteenth-century Germany. The reasons for the glory of tragedy among other genres of drama definitely lie in its tragic structure and content. For this reason, Die Jungfrau von Orleans, Schiller&#039;s famous play, is analyzed to illustrate his views on the structure and art of tragedy with many examples. Along with familiarizing the reader with the features of a real tragedy, this study aims at introducing the various perspectives German writers, especially Schiller, hold on the art of tragedy so that we will be at a better position to analyze and interpret a real tragedy. The focus of this paper is on Schiller&#039;s world view concerning physical and spiritual identity and his opinion on the art of tragedy, for which he assumes two conditions. &lt;br /&gt;Keywords: tragedy, structure and art of tragedy, Die Jungfrau von Orleans, false requirement, balanced personality, sympathy, ethical resistance &lt;br /&gt; &lt;br /&gt;…………………………………</Abstract>
			<OtherAbstract Language="FA">پژوهش حاضر به بررسی تحلیلی هنر تراژیک در تراژدی اصیل در ادبیات قرن هجدهم آلمان می‌پردازد. دلایل درخشش تراژدی در کنار دیگر انواع ادبی ادبیات نمایشی، ساختار و محتوای تراژیک آن است. این بحث بر اشارات ارزندة ارسطو در کتاب &lt;em&gt;فن نویسندگی&lt;/em&gt; استوار است و شالودة تفکر تراژدی­نویسان بزرگی مانند لسینگ و فریدریش شیلر نیز برگرفته از همین نکات است. در این پژوهش، نمایشنامة مشهور &lt;em&gt;ژاندارک&lt;/em&gt; اثر شیلر مطالعه می‌شود تا ساختار و هنر تراژیک از نظر او به‌طور ملموس و با مثال نشان داده شود. هدف اصلی این پژوهش، معرفی دیدگاه‌های متفاوت نویسندگان آلمانی به‌خصوص شیلر درمورد هنر تراژیک و آشنایی با ویژگی­های یک تراژدی واقعی از نظر ارسطوست تا به کمک این یافته‌ها بتوان یک تراژدی واقعی را به‌درستی تحلیل و تفسیر کرد. تمرکز این مقاله، بر جهان‌بینی شیلر درمورد ماهیت جسمی و معنوی انسان و نظر او دربارۀ هنر تراژیک است که برای آن، دو شرط اساسی، یعنی ترسیم پیروی انسان از غرایز نفسانی و مقاومت اخلاقی او دربرابر آن‌ها قائل است.</OtherAbstract>
		<ObjectList>
			<Object Type="keyword">
			<Param Name="value">تراژدی</Param>
			</Object>
			<Object Type="keyword">
			<Param Name="value">حس همدردی</Param>
			</Object>
			<Object Type="keyword">
			<Param Name="value">ساختار و هنر تراژیک</Param>
			</Object>
			<Object Type="keyword">
			<Param Name="value">شخصیت متعادل</Param>
			</Object>
			<Object Type="keyword">
			<Param Name="value">ضرورت خطا</Param>
			</Object>
			<Object Type="keyword">
			<Param Name="value">مقاومت اخلاقی</Param>
			</Object>
		</ObjectList>
<ArchiveCopySource DocType="pdf">https://jor.ut.ac.ir/article_57082_87b3a692500634e577770ac659f87b08.pdf</ArchiveCopySource>
</Article>
</ArticleSet>
