<?xml version="1.0" encoding="UTF-8"?>
<!DOCTYPE ArticleSet PUBLIC "-//NLM//DTD PubMed 2.7//EN" "https://dtd.nlm.nih.gov/ncbi/pubmed/in/PubMed.dtd">
<ArticleSet>
<Article>
<Journal>
				<PublisherName>دانشگاه تهران</PublisherName>
				<JournalTitle>پژوهش ادبیات معاصر جهان</JournalTitle>
				<Issn>2588-4131</Issn>
				<Volume>14</Volume>
				<Issue>54</Issue>
				<PubDate PubStatus="epublish">
					<Year>2009</Year>
					<Month>09</Month>
					<Day>23</Day>
				</PubDate>
			</Journal>
<ArticleTitle>Construct Validation of a Questionnaire on Characteristics of Successful Iranian EFL Teachers</ArticleTitle>
<VernacularTitle>تهیه و بررسی اعتبار سازة پرسشنامه «ویژگی‌های مدرسان موفق زبان انگلیسی»</VernacularTitle>
			<FirstPage></FirstPage>
			<LastPage></LastPage>
			<ELocationID EIdType="pii">19879</ELocationID>
			
			
			<Language>FA</Language>
<AuthorList>
<Author>
					<FirstName>رضا</FirstName>
					<LastName>پیشقدم</LastName>
<Affiliation>دانشگاه فردوسی مشهد</Affiliation>

</Author>
<Author>
					<FirstName>فاطمه</FirstName>
					<LastName>معافیان</LastName>
<Affiliation>دانشگاه مازندران</Affiliation>

</Author>
</AuthorList>
				<PublicationType>Journal Article</PublicationType>
			<History>
				<PubDate PubStatus="received">
					<Year>1970</Year>
					<Month>01</Month>
					<Day>01</Day>
				</PubDate>
			</History>
		<Abstract>This study aimed to design a questionnaire including characteristics of successful Iranian EFL teachers and substantiate its construct validity. Based on the guidelines laid down by EFL professors (N=5), teachers (N=11), learners (N=46), and Suwandee&#039;s (1995) questionnaire about the characteristics of effective language teachers, a questionnaire (Likert scale) consisting of 47 items, was designed. To measure construct validity of the questionnaire, 250 EFL learners were asked to fill in the questionnaire and then, factor analysis (Principal Axis Factoring) was conducted to determine the underlying factors. The results revealed that the questionnaire measures twelve constructs. To estimate internal consistency reliability of the questionnaire, Cronbach&#039;s Alpha was applied. In the end, the implications of the results in teaching and learning processes were discussed.</Abstract>
			<OtherAbstract Language="FA">پژوهش حاضر در ابتدا سعی بر آن دارد که به بررسی ویژگی‌های معلم موفق زبان انگلیسی بپردازد و براساس آن، پرسشنامه‌ای با همین مضمون طراحی کند، سپس به بررسی اعتبار سازة پرسشنامه تنظیم شده بپردازد. بدین منظور، بر اساس نظرها و پیشنهادهای ارائه شده توسط استادان زبان انگلیسی ((N=5، معلمان زبان انگلیسی ((N=11، زبان‌آموزان ((N=46 و پرسشنامة سواندی (1995) که دربارة ویژگی‌های معلم موفق است، پرسشنامه‌ای (مقیاس لیکرت) شامل 47 سؤال طراحی شد. به منظور بررسی اعتبار سازة این پرسشنامه از 250 زبان‌آموز خواسته شد که پرسشنامه را مطالعه کرده و به آن پاسخ دهند، سپس، روی داده‌های به دست آمده، تحلیل عاملی اعمال شد. نتایج نشان داد که این پرسشنامه دوازده عامل (سازه) را  اندازه‌گیری می‌کند. برای اندازه‌گیری پایایی پرسشنامه از آلفای کرنباخ استفاده شد. در پایان کاربرد پرسشنامه حاضر و نتایج به دست آمده از این تحقیق در گسترة تدریس و آموزش زبان انگلیسی بحث شد.</OtherAbstract>
		<ObjectList>
			<Object Type="keyword">
			<Param Name="value">اعتبار سازه</Param>
			</Object>
			<Object Type="keyword">
			<Param Name="value">پرسشنامه</Param>
			</Object>
			<Object Type="keyword">
			<Param Name="value">تحلیل عاملی</Param>
			</Object>
			<Object Type="keyword">
			<Param Name="value">موفقیت معلمان در تدریس</Param>
			</Object>
		</ObjectList>
<ArchiveCopySource DocType="pdf">https://jor.ut.ac.ir/article_19879_b7a35644777cf8cf22b11001028b873e.pdf</ArchiveCopySource>
</Article>
</ArticleSet>
