<?xml version="1.0" encoding="UTF-8"?>
<!DOCTYPE ArticleSet PUBLIC "-//NLM//DTD PubMed 2.7//EN" "https://dtd.nlm.nih.gov/ncbi/pubmed/in/PubMed.dtd">
<ArticleSet>
<Article>
<Journal>
				<PublisherName>دانشگاه تهران</PublisherName>
				<JournalTitle>پژوهش ادبیات معاصر جهان</JournalTitle>
				<Issn>2588-4131</Issn>
				<Volume>14</Volume>
				<Issue>54</Issue>
				<PubDate PubStatus="epublish">
					<Year>2009</Year>
					<Month>09</Month>
					<Day>23</Day>
				</PubDate>
			</Journal>
<ArticleTitle>The Wise Man Pitted against Social Norms, in Brecht&#039;s Pramatic Work, The Life of Galileo</ArticleTitle>
<VernacularTitle>انسان فرهیخته در برابر نهادهای اجتماعی در نمایشنامة زندگی گالیله اثر برتولت برشت</VernacularTitle>
			<FirstPage></FirstPage>
			<LastPage></LastPage>
			<ELocationID EIdType="pii">19881</ELocationID>
			
			
			<Language>FA</Language>
<AuthorList>
<Author>
					<FirstName>اردلان</FirstName>
					<LastName>مهیاری</LastName>
<Affiliation>دانشگاه آزاد اسلامی</Affiliation>

</Author>
<Author>
					<FirstName>پرویز</FirstName>
					<LastName>معتمدی</LastName>
<Affiliation>دانشگاه آزاد اسلامی</Affiliation>

</Author>
</AuthorList>
				<PublicationType>Journal Article</PublicationType>
			<History>
				<PubDate PubStatus="received">
					<Year>1970</Year>
					<Month>01</Month>
					<Day>01</Day>
				</PubDate>
			</History>
		<Abstract></Abstract>
			<OtherAbstract Language="FA">زندگی گالیله نمایش‌نامه‌ای است از برتولت برشت. او در این نمایش‌نامه تلاش می‌کند تا زندگی نابغه‌ای را در قرون 16 و 17 میلادی به تصویر بکشد و به این‌گونه، نقش اراده و شخصیت دانشمندان و روشنفکران و نیز ناتوانی و سازش در برابر نهادهای اجتماعی را در تاریخ معاصر،  به زیر ذره‌بین نقد ببرد؛ تلاشی که نخبگان ضد فاشیستی معاصر دیگری همچون هاینریش مان، توماس مان، لیون فویشت وانگر، فردینانت بروکر و فریدریش ولف نیز به شیوه‌های مختلف به آن پرداخته بودند و در آن توفیقی نیافتند. در این زمینه برشت قصد دارد در نمایش‌نامه‌اش با مطرح نمودن واکنش گالیله در برابر یکی از نهادهای اجتماعی عصر خویش، یعنی کلیسا، به حکومت فاشیستی هیتلر و برخورد تند آنان با محققان مخالف اشاره کند و برای رسیدن به مقصود خویش، شخصیت گالیله را به عنوان نماد فرهیختگان انتخاب می‌کند و او را به صورتی معرفی می‌کند که تا حد ممکن حامل تضادها و تناقضات معمول در انسان فرهیخته باشد، شخصیتی که نه سیاهِ سیاه و نه سفیدِ سفید، بلکه خاکستری است با همة ضعف‌ها و قوت‌ها، یاس‌ها و امیدها؛ آیینة شخصیتی که برشت خود را در آن می‌بیند. این مقاله سعی دارد با بررسی نمایش‌نامة زندگی گالیله اثر برتولت برشت، به این پرسش پاسخ دهد که در یک جامعة بسته با فرهیختگان چگونه رفتار می‌شود و نیز واکنش نخبگان به این رفتارها چگونه خواهد بود. ما در این مقاله به شیوة استقرایی، تمام مواردی را که گالیله به عنوان نماد فرهیختگان با آنها مواجه است مرور و در آخر نیز پیام نویسنده را در این باره بررسی می‌کنیم.</OtherAbstract>
		<ObjectList>
			<Object Type="keyword">
			<Param Name="value">انکیزیسیون</Param>
			</Object>
			<Object Type="keyword">
			<Param Name="value">روشنفکران</Param>
			</Object>
			<Object Type="keyword">
			<Param Name="value">فاشیسم</Param>
			</Object>
			<Object Type="keyword">
			<Param Name="value">فاصله‌گذاری</Param>
			</Object>
			<Object Type="keyword">
			<Param Name="value">قهرمان‌پروری</Param>
			</Object>
			<Object Type="keyword">
			<Param Name="value">هادهای اجتماعی</Param>
			</Object>
			<Object Type="keyword">
			<Param Name="value">همزادپنداری</Param>
			</Object>
		</ObjectList>
<ArchiveCopySource DocType="pdf">https://jor.ut.ac.ir/article_19881_6c54db2ebc893ced408d0c201ec9a0ef.pdf</ArchiveCopySource>
</Article>
</ArticleSet>
