<?xml version="1.0" encoding="UTF-8"?>
<!DOCTYPE ArticleSet PUBLIC "-//NLM//DTD PubMed 2.7//EN" "https://dtd.nlm.nih.gov/ncbi/pubmed/in/PubMed.dtd">
<ArticleSet>
<Article>
<Journal>
				<PublisherName>دانشگاه تهران</PublisherName>
				<JournalTitle>پژوهش ادبیات معاصر جهان</JournalTitle>
				<Issn>2588-4131</Issn>
				<Volume>20</Volume>
				<Issue>2</Issue>
				<PubDate PubStatus="epublish">
					<Year>2015</Year>
					<Month>09</Month>
					<Day>23</Day>
				</PubDate>
			</Journal>
<ArticleTitle>An Analysis of Oliver Goldsmith’s *She Stoops to Conquer, Or, the Mistakes of a Night* in the Light of Mikhail Bakhtin&#039;s  Concepts of “carnival,” “dialogism,” and “chronotope”</ArticleTitle>
<VernacularTitle>بررسی سه مضمون باختینی کارناوال، گفت‌وگوگرایی و کرونوتوپ در نمایشنامة سر فرود آورد تا پیروز شود یا اشتباهات یک شب اثر الیور گلدسمیث</VernacularTitle>
			<FirstPage>245</FirstPage>
			<LastPage>274</LastPage>
			<ELocationID EIdType="pii">57085</ELocationID>
			
<ELocationID EIdType="doi">10.22059/jor.2015.57085</ELocationID>
			
			<Language>FA</Language>
<AuthorList>
<Author>
					<FirstName>ابوالفضل</FirstName>
					<LastName>رمضانی</LastName>
<Affiliation>استادیار زبان و ادبیات انگلیسی، ‌دانشکده ادبیات و علوم انسانی، دانشگاه شهید مدنی آذربایجان، تبریز، ‌ایران</Affiliation>

</Author>
<Author>
					<FirstName>انیسه</FirstName>
					<LastName>یزدانی</LastName>
<Affiliation>کارشناسی ارشد زبان و ادبیات انگلیسی، ‌دانشکده ادبیات و علوم انسانی، دانشگاه شهید مدنی آذربایجان، تبریز، ‌ایران</Affiliation>

</Author>
</AuthorList>
				<PublicationType>Journal Article</PublicationType>
			<History>
				<PubDate PubStatus="received">
					<Year>2014</Year>
					<Month>05</Month>
					<Day>04</Day>
				</PubDate>
			</History>
		<Abstract>Oliver Goldsmith’s literary reputation was boosted by the publication of his comedy, She Stoops to Conquer, Or, the Mistakes of a Night. The frequent references to the events and literary works of the eighteenth century England have enriched the play as they attest the presence of profound meanings behind the characters’ live dialogues. This paper is an attempt to investigate the literary and social meanings of the play in the light of Mikhail Bakhtin’s concepts of “carnival,” “dialogism,” and “chronotope” to examine the existing dialogues and the temporal and spatial elements of the text in order to elucidate how Goldsmith, through creation of a carnivalesque situation, illustrates a society in which the voices of the servants, women, and those who are subordinated to higher authorities attain significance and are heard while the imposed social norms and ideologies of the authorities who marginalize the voice of the lower classes are questioned.</Abstract>
			<OtherAbstract Language="FA">نمایشنامة &lt;em&gt;سر فرود آورد تا پیروز شود یا اشتباهات یک شب &lt;/em&gt;را می‌توان نقطة اعتلای زندگی ادبی الیور گلدسمیث دانست. ارجاعات متعدد به رخدادها و آثار ادبی قرن هجدهم انگلستان، بر غنای نمایشنامه افزوده و گواه حضور معانی عمیق در پس مکالمات زندة شخصیت‌هاست. در این نوشتار، معانی ادبی و اجتماعی این نمایشنامه بررسی می­شود. برای نیل به این هدف، مفاهیم کارناوال، گفت‌وگوگرایی و کرونوتوپ میخائیل باختین به­کار گرفته می­شود تا با بررسی گفتمان‌های موجود در متن و عناصر زمانی و مکانی، روشن شود که چگونه گلدسمیث با خلق شرایطی کارناوالی، جامعه‌ای را به‌تصویر می‌کشد که در آن، صدای خدمتکاران، زنان و آنان که زیر سلطۀ صاحبان قدرت‌اند، اهمیت می­یابد و شنیده می‌شود؛ درحالی‌که هنجارهای تحمیل‌شدۀ اجتماعی و ایدئولوژی‌های قدرت‌مدارانی که سعی در انزوای صدای طبقات فرودست دارند، به چالش کشیده می‌شوند.</OtherAbstract>
		<ObjectList>
			<Object Type="keyword">
			<Param Name="value">الیور گلدسمیث</Param>
			</Object>
			<Object Type="keyword">
			<Param Name="value">بدن گروتسک</Param>
			</Object>
			<Object Type="keyword">
			<Param Name="value">فروداشت</Param>
			</Object>
			<Object Type="keyword">
			<Param Name="value">کارناوال</Param>
			</Object>
			<Object Type="keyword">
			<Param Name="value">کرونوتوپ</Param>
			</Object>
			<Object Type="keyword">
			<Param Name="value">گفت‌وگوگرایی</Param>
			</Object>
		</ObjectList>
<ArchiveCopySource DocType="pdf">https://jor.ut.ac.ir/article_57085_e6db15d5efa7b68d492633d589e9d8b8.pdf</ArchiveCopySource>
</Article>
</ArticleSet>
