<?xml version="1.0" encoding="UTF-8"?>
<!DOCTYPE ArticleSet PUBLIC "-//NLM//DTD PubMed 2.7//EN" "https://dtd.nlm.nih.gov/ncbi/pubmed/in/PubMed.dtd">
<ArticleSet>
<Article>
<Journal>
				<PublisherName>دانشگاه تهران</PublisherName>
				<JournalTitle>پژوهش ادبیات معاصر جهان</JournalTitle>
				<Issn>2588-4131</Issn>
				<Volume>24</Volume>
				<Issue>2</Issue>
				<PubDate PubStatus="epublish">
					<Year>2020</Year>
					<Month>01</Month>
					<Day>21</Day>
				</PubDate>
			</Journal>
<ArticleTitle>A formalistic approach to Matran and Sepehri’s poetry from the perspective of Deviation and Defamiliarization</ArticleTitle>
<VernacularTitle>بررسی و نقد صورتگرایانه شعر خلیل مطران و سهراب سپهری از منظر هنجارگریزی و آشنایی زدایی</VernacularTitle>
			<FirstPage>471</FirstPage>
			<LastPage>494</LastPage>
			<ELocationID EIdType="pii">74856</ELocationID>
			
<ELocationID EIdType="doi">10.22059/jor.2019.206139.1381</ELocationID>
			
			<Language>FA</Language>
<AuthorList>
<Author>
					<FirstName>علی</FirstName>
					<LastName>صیادانی</LastName>
<Affiliation>دانشگاه شهید مدنی آذربایجان</Affiliation>
<Identifier Source="ORCID">0000-0001-5773-6092</Identifier>

</Author>
<Author>
					<FirstName>علی</FirstName>
					<LastName>خالقی</LastName>
<Affiliation>دانشگاه بین المللی امام خمینی قزوین</Affiliation>

</Author>
<Author>
					<FirstName>علی</FirstName>
					<LastName>رسولی</LastName>
<Affiliation>دانشگاه علامه طباطبائی تهران</Affiliation>

</Author>
</AuthorList>
				<PublicationType>Journal Article</PublicationType>
			<History>
				<PubDate PubStatus="received">
					<Year>2016</Year>
					<Month>06</Month>
					<Day>13</Day>
				</PubDate>
			</History>
		<Abstract>Text-based approaches in the study of literary texts of the early twentieth century emerged under the influence of linguistics-based approaches in which The Russian linguists and the school formalism had the most contribution in the changes in literary criticism of twentieth-century. In the way that in the analysis of literary texts they believed that all the valuable things of a literary work are hidden in itself and factors such as historical containers, construction of a literary work or the purpose of it and the importance of the poet&#039;s life are the later priorities. Formalism is manifested in the literature of different nations, especially in Russian literature with the advent of great figures such as Jakobson,Shklovsky etc. and in Arab literature owes to the term oriented efforts of great figures such as Jahez and Ghodame ebne Jafar and Abdul Ghaher Jurjani. And its signs in contemporary Arab literature are visible in the works of great figures such as Amin Nakhla, SalahAbdul Saboor etc</Abstract>
			<OtherAbstract Language="FA">. فرمالیسم در ادبیات ملل گوناگون ظهور بزرگانی چون یاکوبسن، شکلوفسکی و... جلوه گر است و در ادبیات عرب وامدار تلاشهای لفظ محور بزرگانی چون جاحظ و قدامه بن جعفر و عبدالقاهر جرجانی است و نشانه های آن در ادبیات معاصر عرب در آثار بزرگانی چون أمین نخله، صلاح عبدالصبور و... قابل مشاهده است، که پژوهش حاضر، سروه های دو شاعر معاصر عربی و فارسی یعنی مطران و سپهری را از نظرگاه نقد صورتگرایانه از منظر آشنایی زدایی و هنجارگریزی مورد بررسی و نقد قرار می دهد؛ از آنروی که شاخصه اصلی شعر هر دو شاعر کاربستِ شگردهای یاد شده می باشد، بررسی متن شعری این دو شاعر نشان از آن دارد که شعر سهراب؛ آب حیاتی در رگ سنت هاى تکرارى ادبیات بود و مبانى جدیدى براى علوم ادبى ایجاد کرد، اما زبان شعری مطران، زبانی ورای زبان عادی و معمولی است، بلکه در کنار آشنایی زدایی از زبان مأنوس، جانب رسانگی را نیز رعایت کرده است، یعنی خواننده بعد از تأمل، معنی مکتوم را کشف می کند.</OtherAbstract>
		<ObjectList>
			<Object Type="keyword">
			<Param Name="value">شعر معاصر فارسی و عربی</Param>
			</Object>
			<Object Type="keyword">
			<Param Name="value">آشنایی زدایی</Param>
			</Object>
			<Object Type="keyword">
			<Param Name="value">هنجار گریزی</Param>
			</Object>
			<Object Type="keyword">
			<Param Name="value">مطران</Param>
			</Object>
			<Object Type="keyword">
			<Param Name="value">سپهری</Param>
			</Object>
		</ObjectList>
<ArchiveCopySource DocType="pdf">https://jor.ut.ac.ir/article_74856_0f5771fd34140bffa7cfce345324d69b.pdf</ArchiveCopySource>
</Article>
</ArticleSet>
