<?xml version="1.0" encoding="UTF-8"?>
<!DOCTYPE ArticleSet PUBLIC "-//NLM//DTD PubMed 2.7//EN" "https://dtd.nlm.nih.gov/ncbi/pubmed/in/PubMed.dtd">
<ArticleSet>
<Article>
<Journal>
				<PublisherName>دانشگاه تهران</PublisherName>
				<JournalTitle>پژوهش ادبیات معاصر جهان</JournalTitle>
				<Issn>2588-4131</Issn>
				<Volume>22</Volume>
				<Issue>1</Issue>
				<PubDate PubStatus="epublish">
					<Year>2017</Year>
					<Month>03</Month>
					<Day>21</Day>
				</PubDate>
			</Journal>
<ArticleTitle>Study of  making  prostheses in discourse; why does narrative lie make prostheses?</ArticleTitle>
<VernacularTitle>مطالعه پروتزسازی گفتمانی : چرا دروغ روایتی پروتزی است؟</VernacularTitle>
			<FirstPage>269</FirstPage>
			<LastPage>286</LastPage>
			<ELocationID EIdType="pii">62714</ELocationID>
			
<ELocationID EIdType="doi">10.22059/jor.2017.62714</ELocationID>
			
			<Language>FA</Language>
<AuthorList>
<Author>
					<FirstName>یگانه</FirstName>
					<LastName>توحیدلو</LastName>
<Affiliation>دانشگاه آزاد اسلامی واحد علوم و تحقیقاتن</Affiliation>

</Author>
<Author>
					<FirstName>حمیدرضا</FirstName>
					<LastName>شعیری</LastName>
<Affiliation>دانشگاه تربیت مدرس</Affiliation>

</Author>
</AuthorList>
				<PublicationType>Journal Article</PublicationType>
			<History>
				<PubDate PubStatus="received">
					<Year>2017</Year>
					<Month>04</Month>
					<Day>11</Day>
				</PubDate>
			</History>
		<Abstract>To explain how lie functions as prosthesis, first we need to define prosthesis and its function in the domain of discourse. According to Eco&#039;s theory of prosthesis and its function in discourse, We show that lie as a discourse has common characteristics with prosthesis. This article examines how discourse functions as prosthesis and as a result lie as a prosthesis makes the exit of discourse out of its mainstream and creates an event and imaginary space which is meta-action. According to the above mentioned matters, these two hypotheses will be studied; discourse with the use of lie changes horizontal system of story to vertical system and as a result, the action plan change into a meta-action one. This survey has been done in three folk tales; the crow and fox, boy who cried wolf and the milk seller girl and milk jug.&lt;br /&gt; Key words: discourse, lie, prosthesis, object, meta-action, Narrative function</Abstract>
			<OtherAbstract Language="FA">برای تبیین چگونگی عملکرد دروغ به‎عنوان پروتز ابتدا به تعریف پروتز و کارکرد آن در حوزۀ گفتمان می‎‎پردازیم. با استفاده از نظریۀ امبرتو اکو از پروتز و نقش آن در گفتمان، نشان خواهیم داد که دروغ به عنوان یک نظام گفتمانی، ویژگی‎های مشترکی با پروتز دارد. مسئلۀ این مقاله این است که ببینیم چگونه گفتمان وجه پروتزی می‎یابد و به دنبال آن دروغ نیز به عنوان یک پروتز سبب خروج گفتمان از مسیر اصلی خود و ایجاد فضایی رخدادی و تخیلی که فراکنشی است، می‎گردد. با توجه به توضیحات فوق به بررسی این دو فرضیه می‎پردازیم ؛ گفتمان با استفاده از دروغ سبب تغییر نظام افقی روایت به نظام عمودی گشته و به این ترتیب برنامۀ کنشی به جریانی فراکنشی تغییر می‎یابد. این مهم در سه داستان کوتاه زاغ و روباه ، چوپان دروغگو و دختر شیر فروش و کوزه شیر بررسی می‎گردد. هدف این مقاله بررسی جایگاه پروتز در گفتمان روایی و همچنین تحلیل کارکرد پروتزی دروغ است.</OtherAbstract>
		<ObjectList>
			<Object Type="keyword">
			<Param Name="value">واژگان کلیدی: گفتمان</Param>
			</Object>
			<Object Type="keyword">
			<Param Name="value">دروغ</Param>
			</Object>
			<Object Type="keyword">
			<Param Name="value">پروتز</Param>
			</Object>
			<Object Type="keyword">
			<Param Name="value">ابژه</Param>
			</Object>
			<Object Type="keyword">
			<Param Name="value">فراکنش</Param>
			</Object>
		</ObjectList>
<ArchiveCopySource DocType="pdf">https://jor.ut.ac.ir/article_62714_c0952beabec3f031247677472ddd6483.pdf</ArchiveCopySource>
</Article>
</ArticleSet>
