<?xml version="1.0" encoding="UTF-8"?>
<!DOCTYPE ArticleSet PUBLIC "-//NLM//DTD PubMed 2.7//EN" "https://dtd.nlm.nih.gov/ncbi/pubmed/in/PubMed.dtd">
<ArticleSet>
<Article>
<Journal>
				<PublisherName>دانشگاه تهران</PublisherName>
				<JournalTitle>پژوهش ادبیات معاصر جهان</JournalTitle>
				<Issn>2588-4131</Issn>
				<Volume>14</Volume>
				<Issue>51</Issue>
				<PubDate PubStatus="epublish">
					<Year>2009</Year>
					<Month>03</Month>
					<Day>21</Day>
				</PubDate>
			</Journal>
<ArticleTitle>Considering the Presentation of Language Learning Software (Configuration, Content, and Technique)</ArticleTitle>
<VernacularTitle>تحلیلی بر چگونگی ارائه نرم‌افزارهای آموزشی زبان (با توجه به شکل، محتوا و تکنیک)</VernacularTitle>
			<FirstPage></FirstPage>
			<LastPage></LastPage>
			<ELocationID EIdType="pii">19533</ELocationID>
			
			
			<Language>FA</Language>
<AuthorList>
<Author>
					<FirstName>روح‌الله</FirstName>
					<LastName>رحمتیان</LastName>
<Affiliation>دانشگاه تربیت مدرس</Affiliation>

</Author>
<Author>
					<FirstName>محمدحسین</FirstName>
					<LastName>اطرشی</LastName>
<Affiliation>دانشگاه تربیت مدرس</Affiliation>

</Author>
</AuthorList>
				<PublicationType>Journal Article</PublicationType>
			<History>
				<PubDate PubStatus="received">
					<Year>1970</Year>
					<Month>01</Month>
					<Day>01</Day>
				</PubDate>
			</History>
		<Abstract>The advent of computer has revolutionized a variety of fields including education thus paving the way for educational science to enter a new stage. This effect has exhibited itself well in language learning. The development of computer technology and the resulting language learning software, as a reliable tool in the educational system of developed countries, has attracted the attention of both learners and producers, simultaneously questioning the basis on which the software is to be produced. This article, attempts to consider the development of language learning software by representing two specialized criteria a) educational aspects (objectives, open/closed educational system, teaching/ learning method and learning curve), b) utilized computer techniques (linear/ramiform structure, flexibility and controllability of software) and being user friendly. Considering configuration, content, and techniques used in language learning software makes the assessment of available software possible and thus provides the efficient learning software to be produced according to the internal users’ requirements.</Abstract>
			<OtherAbstract Language="FA">ظهور رایانه‌ها تحولی عظیم در عرصه‌های گوناگون و از آن جمله آموزش پدید آورده‌اند، به    گونه‌ای که آموزش را وارد مرحلة نوینی کرده است، آنچنان که این تأثیر، در زمینة آموزش زبان نیز نمود داشته است. رشد رو‌زافزون رایانه‌ها و به دنبال آن نرم‌افزارهای آموزشی زبان به عنوان وسیله‌ای کمک آموزشی در نظام‌های آموزشی کشورهای پیشرفته، توجه تولیدکنندگان و کاربران را همواره به این سؤال جلب می‌کند که این نوع نرم‌افزارهای آموزشی بر اساس چه معیارهایی باید تولید شوند. دراین مقاله سعی شده با ارائة معیارهای تخصصی الف) ابعاد آموزشی (اهداف، نظام آموزشی باز یا بسته، روش یاددهی/یادگیری و منحنی آموزشی)؛ ب) فنون رایانه‌ای بکار رفته (ساختار خطی یا منشعب، انعطاف‌پذیری و امکان  کنترل نرم‌افزار) و کاربری آسان به بررسی چگونگی ارائة نرم‌افزارهای آموزشی زبان پرداخته شود. بررسی شکل، محتوا و تکنیک‌های بکاررفته در نرم‌افزارهای آموزشی زبان، امکان سنجش کارایی نرم‌افزارهای موجود و در نتیجه تهیه وتولید نرم‌افزارهای آموزشی کارآمد را با توجه به شرایط و نیازهای کاربران داخلی فراهم می‌آورد.</OtherAbstract>
		<ObjectList>
			<Object Type="keyword">
			<Param Name="value">آموزش زبان</Param>
			</Object>
			<Object Type="keyword">
			<Param Name="value">تحلیل</Param>
			</Object>
			<Object Type="keyword">
			<Param Name="value">تولید نرم‌افزار</Param>
			</Object>
			<Object Type="keyword">
			<Param Name="value">محتوا و تکنیک</Param>
			</Object>
		</ObjectList>
<ArchiveCopySource DocType="pdf">https://jor.ut.ac.ir/article_19533_2fbf04e59c35ef865e0f15ea5a02e3f2.pdf</ArchiveCopySource>
</Article>
</ArticleSet>
