<?xml version="1.0" encoding="UTF-8"?>
<!DOCTYPE ArticleSet PUBLIC "-//NLM//DTD PubMed 2.7//EN" "https://dtd.nlm.nih.gov/ncbi/pubmed/in/PubMed.dtd">
<ArticleSet>
<Article>
<Journal>
				<PublisherName>دانشگاه تهران</PublisherName>
				<JournalTitle>پژوهش ادبیات معاصر جهان</JournalTitle>
				<Issn>2588-4131</Issn>
				<Volume>14</Volume>
				<Issue>51</Issue>
				<PubDate PubStatus="epublish">
					<Year>2009</Year>
					<Month>03</Month>
					<Day>21</Day>
				</PubDate>
			</Journal>
<ArticleTitle>Views of Russian Orientalists on the Educational Ideas of Iranian Scientific &amp; Literary Figures</ArticleTitle>
<VernacularTitle>نگاه شرق‌شناسان روس بر ایده‌های تربیتی مفاخر علم و ادب ایران</VernacularTitle>
			<FirstPage></FirstPage>
			<LastPage></LastPage>
			<ELocationID EIdType="pii">19534</ELocationID>
			
			
			<Language>FA</Language>
<AuthorList>
<Author>
					<FirstName>افشین</FirstName>
					<LastName>رستمی</LastName>
<Affiliation>دانشگاه آزاد اسلامی</Affiliation>

</Author>
<Author>
					<FirstName>حسین</FirstName>
					<LastName>غلامی</LastName>
<Affiliation>دانشگاه تهران</Affiliation>

</Author>
</AuthorList>
				<PublicationType>Journal Article</PublicationType>
			<History>
				<PubDate PubStatus="received">
					<Year>1970</Year>
					<Month>01</Month>
					<Day>01</Day>
				</PubDate>
			</History>
		<Abstract>Educational methods have always been one of the most important subjects for human societies. Among Iranian scientific and literary figures there are some, who have been closely involved with the process and the goal of educational ideas. Thus, it is necessary that their ideas be taken into account by methodologists for educational and training systems. We will take a look at the opinions of Farabi, Ibn Sina, Ibn Miskawaih, Saadi. This research aims to study ethics, education and training in the works of Iranian scientific and literary figures in relation to the efforts of Russian scientists. There are firstly some explanations on analysis of educational ideas related to ideas of Russian literary figures and orientalists in order to improve educational methods, content and form, then the opinions of the master of Speech, Saadi, has been studied. Focusing on the role of educational opinions of Iranian literary figures and applying a comprehensive research of ideas by Russian orientalists and literary figures, this research attempts to analyze the educational and cultural origin and principles effective on literature, and finally concludes that it has played a crucial role in recognizing the power of rich Iranian culture and literature on other societies.</Abstract>
			<OtherAbstract Language="FA">ایده‌های تربیتی همواره در زمرة مهمترین موضوعات برای جامعه بشری بوده‌اند. در بین مفاخر علم و ادب ایران، نخبگانی بودند که به فرایند و اهداف اندیشه‌های تربیتی به صورت جامع نگریسته‌اند، بنابراین ضرورت دارد دیدگاه آنان مورد توجه ادیبان و صاحب نظران نظام‌های آموزشی وتربیتی قرار گیرد از جمله این بزرگان که اندیشه‌های آنان بررسی می‌گردد، فارابی، ابن‌سینا، ابن مسکویه و سعدی‌اند. هدف از این پژوهش، رسالت پرداختن به موضوع اخلاق، تربیت و آموزش در آثار مفاخر علم و ادب ایران است که با تکیه بر جستار ادیبان روس استدلال شده است. در این مقاله، ابتدا از تجزیه وتحلیل ایده‌های تربیتی مفاخر علم و ادب ایران، با استناد بر آراء ادیبان و شرق‌شناسان روس که منجر به بهبود روش‌ها، محتوا و فرم آموزشی کنونی شده است توضیحاتی داده خواهد شد و سپس به بررسی عقاید تربیتی استاد سخن سعدی می‌پردازیم. دراین پژوهش با تأکید بر نقش عقاید تربیتی ادیبان ایرانی و بکارگیری تحقیقی جامع از نظرات شرق‌شناسان و ادیبان روس به تحلیل ریشه و عناصر فرهنگی و تربیتی تأثیرگذار بر ادبیات توجه می‌گردد. نتیجه آن است که این امر در شناسایی اقتدار فرهنگ و ادبیات غنی ایران در جوامع دیگر سهم بسزایی دارد.</OtherAbstract>
		<ObjectList>
			<Object Type="keyword">
			<Param Name="value">ادیبان</Param>
			</Object>
			<Object Type="keyword">
			<Param Name="value">ایده‌های تربیتی</Param>
			</Object>
			<Object Type="keyword">
			<Param Name="value">تجزیه و تحلیل</Param>
			</Object>
			<Object Type="keyword">
			<Param Name="value">سعدی</Param>
			</Object>
			<Object Type="keyword">
			<Param Name="value">عقاید</Param>
			</Object>
		</ObjectList>
<ArchiveCopySource DocType="pdf">https://jor.ut.ac.ir/article_19534_cc170c4202e14aec3dcb86e22dc9de77.pdf</ArchiveCopySource>
</Article>
</ArticleSet>
