<?xml version="1.0" encoding="UTF-8"?>
<!DOCTYPE ArticleSet PUBLIC "-//NLM//DTD PubMed 2.7//EN" "https://dtd.nlm.nih.gov/ncbi/pubmed/in/PubMed.dtd">
<ArticleSet>
<Article>
<Journal>
				<PublisherName>دانشگاه تهران</PublisherName>
				<JournalTitle>پژوهش ادبیات معاصر جهان</JournalTitle>
				<Issn>2588-4131</Issn>
				<Volume>23</Volume>
				<Issue>1</Issue>
				<PubDate PubStatus="epublish">
					<Year>2018</Year>
					<Month>03</Month>
					<Day>21</Day>
				</PubDate>
			</Journal>
<ArticleTitle>Study of cross-cultural dialogism process in Crasy for Elsa- intertextual approach</ArticleTitle>
<VernacularTitle>مطالعۀ فرایند گفتگوی بینافرهنگی در مجنون السا بر مبنای رویکرد بینامتنیت</VernacularTitle>
			<FirstPage>197</FirstPage>
			<LastPage>216</LastPage>
			<ELocationID EIdType="pii">67535</ELocationID>
			
<ELocationID EIdType="doi">10.22059/jor.2017.205477.1379</ELocationID>
			
			<Language>FA</Language>
<AuthorList>
<Author>
					<FirstName>مژگان</FirstName>
					<LastName>مهدوی زاده</LastName>
<Affiliation>استادیار گروه زبان و ادبیات فرانسه دانشگاه اصفهان</Affiliation>

</Author>
<Author>
					<FirstName>اکرم</FirstName>
					<LastName>آیتی</LastName>
<Affiliation>استادیار دانشگاه اصفهان</Affiliation>

</Author>
<Author>
					<FirstName>پری</FirstName>
					<LastName>رضایی</LastName>
<Affiliation>فوق لیسانس ادبیّات فرانسه دانشگاه اصفهان</Affiliation>

</Author>
</AuthorList>
				<PublicationType>Journal Article</PublicationType>
			<History>
				<PubDate PubStatus="received">
					<Year>2016</Year>
					<Month>04</Month>
					<Day>24</Day>
				</PubDate>
			</History>
		<Abstract>Study of cross-cultural dialogism process in Crasy for Elsa- intertextual approach:Intertextual approach as one of the great achievements of post-structuralism opened a new horizon in criticism. The term “intertextuality” was first introduced as Julia Kristeva’s translation of Mikhail Bakhtin’s conception of the “dialogic”. According to this approach no text is independent and it is affected by the previous texts. People like Genette, Barthe, Riffaterre and Jenny also began to spread this approach to literary criticism. Contemporary French poet and writer, Louis Aragon, also tried to take advantage of intertextual relations in the discovery of convergences in the world&#039;s collective memory and sees cognitive features of each nation such distinctions that can build together a global culture. Relying on the intertextuality approach, in this research we have tried to study the intertextuality in “Crazy for Elsa” written by Louis Aragon and We have also tried to study the process of dialogism and the importance of literary thinking in transfer of a sense of solidarity that defined in the united in diversity.</Abstract>
			<OtherAbstract Language="FA">رویکرد بینامتنیت به‌عنوان یکی از دستاوردهای ارزشمند پساساختارگرایان، افق جدیدی در نقد متون گشوده است. نخستین بار ژولیا کریستوا با بررسی آثار باختین، اصطلاح «بینامتنیت» را مطرح کرد. طبق این رویکرد هیچ متنی مستقل و بی‌تأثر از متن‌های پیشین نیست. افرادی چون ژونت، بارت، ریفاتر و ژونی نیز به بسط این رویکرد در نقد ادبی پرداخته اند. از نظر آنان، ارتباطات بینامتنی موجب تولید معنای عمیق‌تر در متون می‌شود. لویی آراگون شاعر و نویسندة معاصر فرانسوی نیز در مجنون السا با بهره‌گیری از رویکرد بینامتنیت درپی برقراری این مهم برمی‌آید. او با بهره‌گیری از روابط بینامتنی سعی در کشف همگرایی‌ها در حافظۀ جمعی جهان داشته است؛ و ویژگی‌های شناختی هر ملت را همچون تمایزهایی می‌بیند که می‌توانند در کنار یکدیگر فرهنگی جهانی بسازند. . در این جستار، ما به مطالعۀ فرایند گفتگوی بینافرهنگی بر مبنای رویکرد بینامتنیت در مجنون السا اثر لویی آراگون پرداخته و بر مبنای روابط بینامتنی، به دنبال کشف چگونگی فرایند گفتگومندی و اهمیت تفکر ادبی در انتقال مفهوم همبستگی در عین تباین هستیم.</OtherAbstract>
		<ObjectList>
			<Object Type="keyword">
			<Param Name="value">واژگان کلیدی: بینامتنیت</Param>
			</Object>
			<Object Type="keyword">
			<Param Name="value">گفتگومندی</Param>
			</Object>
			<Object Type="keyword">
			<Param Name="value">مجنون السا</Param>
			</Object>
			<Object Type="keyword">
			<Param Name="value">لویی آراگون</Param>
			</Object>
			<Object Type="keyword">
			<Param Name="value">مجنون</Param>
			</Object>
			<Object Type="keyword">
			<Param Name="value">السا</Param>
			</Object>
		</ObjectList>
<ArchiveCopySource DocType="pdf">https://jor.ut.ac.ir/article_67535_342dbccf96090ace4a72d9625388d6c9.pdf</ArchiveCopySource>
</Article>
</ArticleSet>
