<?xml version="1.0" encoding="UTF-8"?>
<!DOCTYPE ArticleSet PUBLIC "-//NLM//DTD PubMed 2.7//EN" "https://dtd.nlm.nih.gov/ncbi/pubmed/in/PubMed.dtd">
<ArticleSet>
<Article>
<Journal>
				<PublisherName>دانشگاه تهران</PublisherName>
				<JournalTitle>پژوهش ادبیات معاصر جهان</JournalTitle>
				<Issn>2588-4131</Issn>
				<Volume>14</Volume>
				<Issue>52</Issue>
				<PubDate PubStatus="epublish">
					<Year>2009</Year>
					<Month>08</Month>
					<Day>23</Day>
				</PubDate>
			</Journal>
<ArticleTitle>A Comparative Study of Homophone and Compound Homonym in Russian and Persian Languages</ArticleTitle>
<VernacularTitle>بررسی مقایسه‌ای جناس‌های لفظی و مرکب در زبان‌های روسی و فارسی</VernacularTitle>
			<FirstPage></FirstPage>
			<LastPage></LastPage>
			<ELocationID EIdType="pii">19593</ELocationID>
			
			
			<Language>FA</Language>
<AuthorList>
<Author>
					<FirstName>علی</FirstName>
					<LastName>مداینی اول</LastName>
<Affiliation>دانشگاه تهران</Affiliation>

</Author>
<Author>
					<FirstName>مژده</FirstName>
					<LastName>دهقان خلیلی</LastName>
<Affiliation>دانشگاه تهران</Affiliation>

</Author>
</AuthorList>
				<PublicationType>Journal Article</PublicationType>
			<History>
				<PubDate PubStatus="received">
					<Year>1970</Year>
					<Month>01</Month>
					<Day>01</Day>
				</PubDate>
			</History>
		<Abstract>What we mean by alliteration of homogeneous words is that such alliteration is based on two or more lexical basis that is conspicuously coordinative and homogeneous with each other. They are homogeneous in that their form, structure, and tone, are similar. We can name two homogeneous words, two bases of homonym. It is evident that such words, though homogeneous from one hand, should necessarily be dissimilar and heterogeneous, if not they will no longer be two or more words, and will be considered as one word but with a different meaning. From the threshold of the repetition of words, that is use of two homonymous words (two bases of homonyms), is created a rhythm, which causes the budding and manifestation of rhetoric, which is more than ups and downs of words. Homonym in Russian and Persian languages has different types, which is created due to dissimilarity of two bases of homonyms. When their dissimilarity is in their writing, these two words are homophone, and when it is in their structure they create compound homonyms. In this article we have endevoured to make such words more tangible for the readers by analyzing the reasons for the formation of homophone and compound homonym in Russian and Persian languages.</Abstract>
			<OtherAbstract Language="FA">منظور از واژه آرایی با واژه‌های همگون، این است که این گونه واژه‌آرایی بر دو یا چند پایة واژگانی استوار است که به گونه ای چشمگیر با هم، هم‌گونند. به این مفهوم که در ریخت، ساخت، آهنگ و... شبیه یکدیگر‌ند. دو واژة «همگون» را دو پایة جناس می‌نامیم. پیداست که این گونه واژه‌ها در عین این که از یک سو همگونی دارند ناگزیر باید از سویی دیگر ناهمگونی و دوگانگی داشته باشند، در غیر این صورت دو یا چند واژه نخواهند بود و به عنوان یک کلمه با معانی متفاوت در نظر گرفته می‌شوند. از این رو با تکرار واژگان، یعنی استفاده از دو واژه همگون (دو پایه جناس) آهنگی پدید می‌آید که سبب شکوفایی و تجلی بلاغت می‌شود و که فراتر از زیر و بم کلمات است. جناس در زبان‌های روسی و فارسی دارای گونه‌های متفاوتی است که این گونه‌های متفاوت بر اساس دوگانگی متفاوت دو پایه جناس پدید می‌آیند و هر گاه این دو واژه علاوه بر هم‌گونی، دارای دوگانگی نوشتار باشند، با یکدیگر جناس لفظی و هر گاه دوگانگی ساختاری باشد، جناس مرکب محسوب می‌شوند. در این مقاله سعی بر این است که با بررسی دلایل بوجود آمدن جناس‌های لفظی و مرکب در زبان‌های روسی و فارسی، این واژگان را برای خوانندگان ملموس‌تر و قابل درک‌تر کنیم.</OtherAbstract>
		<ObjectList>
			<Object Type="keyword">
			<Param Name="value">بلاغت</Param>
			</Object>
			<Object Type="keyword">
			<Param Name="value">جناس لفظی</Param>
			</Object>
			<Object Type="keyword">
			<Param Name="value">جناس مرفو</Param>
			</Object>
			<Object Type="keyword">
			<Param Name="value">جناس مرکب</Param>
			</Object>
			<Object Type="keyword">
			<Param Name="value">واژه‌های هم آوا</Param>
			</Object>
			<Object Type="keyword">
			<Param Name="value">واژه‌های همگون</Param>
			</Object>
		</ObjectList>
<ArchiveCopySource DocType="pdf">https://jor.ut.ac.ir/article_19593_ca4aff2bcf5840547bcc414da2d012a1.pdf</ArchiveCopySource>
</Article>
</ArticleSet>
