<?xml version="1.0" encoding="UTF-8"?>
<!DOCTYPE ArticleSet PUBLIC "-//NLM//DTD PubMed 2.7//EN" "https://dtd.nlm.nih.gov/ncbi/pubmed/in/PubMed.dtd">
<ArticleSet>
<Article>
<Journal>
				<PublisherName>دانشگاه تهران</PublisherName>
				<JournalTitle>پژوهش ادبیات معاصر جهان</JournalTitle>
				<Issn>2588-4131</Issn>
				<Volume>15</Volume>
				<Issue>58</Issue>
				<PubDate PubStatus="epublish">
					<Year>2011</Year>
					<Month>01</Month>
					<Day>21</Day>
				</PubDate>
			</Journal>
<ArticleTitle>The Last Act Of The Emperor; ONiel`S Emperor Jones And The Theme Of Rumi`s &quot;Padshahan-e-Zaher&quot;</ArticleTitle>
<VernacularTitle>آخرین پرده امپراتور؛ امپراتور جونز و مضمون پادشاه ظاهری مولوی</VernacularTitle>
			<FirstPage>31</FirstPage>
			<LastPage>42</LastPage>
			<ELocationID EIdType="pii">21846</ELocationID>
			
			
			<Language>FA</Language>
<AuthorList>
<Author>
					<FirstName>یدالله</FirstName>
					<LastName>آقاعباسی</LastName>
<Affiliation>دانشگاه کرمان، دکترا</Affiliation>

</Author>
</AuthorList>
				<PublicationType>Journal Article</PublicationType>
			<History>
				<PubDate PubStatus="received">
					<Year>1970</Year>
					<Month>01</Month>
					<Day>01</Day>
				</PubDate>
			</History>
		<Abstract>Emperor Jones in O&#039;Niell&#039;s play passes through a terrible night in which he confronts with himself. Reviewing his actions, Jones is caught by revolutionaries. In his short reign, he was dependent on a spell that had captured him and his people. This delusion is what captures Macbeth&#039;s mind, too. This article investigates this illusion in Emperor Jones, Macbeth, Peer Gynt, and Shelley&#039;s poem, &quot;Ozymandias&quot;, on the one hand, and in Persian literature, on the other. The objective is to see how different cultures comment on the fate of tyrants.</Abstract>
			<OtherAbstract Language="FA">امپراتوران یا به گفتة مولانا «پادشاهان ظاهر» مظهر نفس و بندة هوی و شیطانند که بر خویشان خود نیز ابقا نمی‌کنند. امپراتور جونز در نمایشنامه‌ای از یوجین اونیل به‌همین نام، کاریکاتوری از پادشاهان ظاهری است که در پایان امپراتوری پوشالی خود، از شبی هولناک می‌گذرد و در آن پس از تجسم صحنه‌هایی از اعمال جنایتکارانة خود، سرانجام به‌چنگ انقلابیون گرفتار می‌شود. جونز در سلطنت کوتاه خود، همچون همة پادشاهان ظاهری, نه بر داد که بر طلسمی متکی است که همچون توهمی، هم او و هم بومیان را اسیر خود کرده است. طلسم گلوله ای نقره‌ای است که امپراتور جز با آن به‌چیزی هلاک نمی‌شود. همچون توهمی که مکبث نیز با باور به‌پیشگویی خرافة جادوگران بدان گرفتار بود. در مقالة زیر نمونه‌هایی از این توهّم در پادشاهان ظاهری,همچون امپراتور جونز، مکبث، پرگونت و اوزیماندیاس در نمایشنامه‌هایی از اونیل، شکسپیر و ایبسن و شعری از شلی، با نگاهی به‌همین مفهوم در ادبیات ایران پیگیری شده است.</OtherAbstract>
		<ObjectList>
			<Object Type="keyword">
			<Param Name="value">امپراتور جونز</Param>
			</Object>
			<Object Type="keyword">
			<Param Name="value">اوزیماندیاس</Param>
			</Object>
			<Object Type="keyword">
			<Param Name="value">پادشاهان ظاهری</Param>
			</Object>
			<Object Type="keyword">
			<Param Name="value">پرگونت</Param>
			</Object>
			<Object Type="keyword">
			<Param Name="value">توهم</Param>
			</Object>
			<Object Type="keyword">
			<Param Name="value">مکبث</Param>
			</Object>
		</ObjectList>
<ArchiveCopySource DocType="pdf">https://jor.ut.ac.ir/article_21846_3ad6dd74e524819f4a0cbf2200a1eefb.pdf</ArchiveCopySource>
</Article>
</ArticleSet>
