<?xml version="1.0" encoding="UTF-8"?>
<!DOCTYPE ArticleSet PUBLIC "-//NLM//DTD PubMed 2.7//EN" "https://dtd.nlm.nih.gov/ncbi/pubmed/in/PubMed.dtd">
<ArticleSet>
<Article>
<Journal>
				<PublisherName>دانشگاه تهران</PublisherName>
				<JournalTitle>پژوهش ادبیات معاصر جهان</JournalTitle>
				<Issn>2588-4131</Issn>
				<Volume>21</Volume>
				<Issue>2</Issue>
				<PubDate PubStatus="epublish">
					<Year>2016</Year>
					<Month>09</Month>
					<Day>22</Day>
				</PubDate>
			</Journal>
<ArticleTitle>Brechtian Elements in Edward Bond’s Red, Black and Ignorant and Caryl Churchill’s Mad Forest</ArticleTitle>
<VernacularTitle>اما و اگرهای برشتی وغیربرشتی در نمایشنامه‌های جنگل دیوانه اثر ادوارد باند و سرخ، سیاه و نادان اثر کاریل چرچیل</VernacularTitle>
			<FirstPage>361</FirstPage>
			<LastPage>378</LastPage>
			<ELocationID EIdType="pii">61449</ELocationID>
			
<ELocationID EIdType="doi">10.22059/jor.2016.61449</ELocationID>
			
			<Language>FA</Language>
<AuthorList>
<Author>
					<FirstName>پویا</FirstName>
					<LastName>غلامعلی پور</LastName>
<Affiliation>پردیس کیش دانشگاه تهران</Affiliation>

</Author>
<Author>
					<FirstName>محمدعلی</FirstName>
					<LastName>علاءالدینی</LastName>
<Affiliation>دانشگاه پیام نور</Affiliation>

</Author>
</AuthorList>
				<PublicationType>Journal Article</PublicationType>
			<History>
				<PubDate PubStatus="received">
					<Year>2014</Year>
					<Month>05</Month>
					<Day>26</Day>
				</PubDate>
			</History>
		<Abstract>This thesis is primarily concerned with Edward Bond and Caryl Churchill’s attempts to implement Bertolt Brecht’s methods of Verfremdungseffekt with the same artistic intent of social change in their plays, Red, Black and Ignorant and Mad Forest. In order to provoke critical and objective thinking, and action for positive change, both of the playwrights make use of Brechtian Verfremdungseffekt techniques of episodic structure, characterization, audio-visual aids, and open-endedness. These techniques let the playwrights present familiar situations, actions and attitudes as if they were unfamiliar so that they could be alienated and evaluated with a critical eye by the audience and the reader. In addition to studying the Brechtian elements in these two plays, this thesis argues that there is a point which drifts Bond’s Red, Black and Ignorant from Brechtian dramaturgy and Churchill’s Mad Forest; the point is that Red, Black and Ignorant includes non-Brechtian character design aspects and lack of Brechtian audio-visual aids.</Abstract>
			<OtherAbstract Language="FA">پژوهش حاضر به تلاش کاریل چرچیل و ادوارد باند برای پیاده سازی شگردهای بیگانه‌سازی برشت در نمایشنامه‌های آنان - به ترتیب جنگل دیوانه و سرخ، سیاه و نادان – می‌پردازد. به‌منظور ایجاد تفکر نقادانه و عینی، و نیز حصول عمل برای تحول مثبت، هر دو نمایشنامه‌نویس از شگردهای بیگانه‌سازی برشتی، شامل شخصیت‌پردازی، پایان‌گشودگی، ساختار اپیزودیک و رسانه‌های سمعی و بصری مدد می‌جویند. این شگردها به نمایشنامه‌نویس اجازه می‌دهند تا موقعیت‌ها، اعمال داستانی، و نگرش‌های مأنوس را چنان نامأنوس ارائه دهند که برای شنوندگان و خوانندگان، بیگانه‌سازی شده و با بینشی نقادانه سنجیده شوند. این پژوهش علاوه بر بررسی عناصر برشتی در این دو نمایشنامه، به بحث پیرامون نکته‌ای می‌پردازد که منجر به راندگی سرخ، سیاه و نادان از فن درام‌نویسی برشتی و نیز از جنگل دیوانه می‌شود. منشأ این تفاوت، وجود جنبه‌های شخصیت‌پردازی غیر-برشتی در سرخ، سیاه و نادان و نیز عدم وجود رسانه‌های سمعی و بصری برشتی در آن است.</OtherAbstract>
		<ObjectList>
			<Object Type="keyword">
			<Param Name="value">واژه‌های کلیدی: پایان‌گشودگی</Param>
			</Object>
			<Object Type="keyword">
			<Param Name="value">رسانه‌های سمعی و بصری برشتی</Param>
			</Object>
			<Object Type="keyword">
			<Param Name="value">ساختار اپیزودیک</Param>
			</Object>
			<Object Type="keyword">
			<Param Name="value">شخصیت‌پردازی برشتی</Param>
			</Object>
			<Object Type="keyword">
			<Param Name="value">شگردهای بیگانه‌سازی برشت</Param>
			</Object>
		</ObjectList>
<ArchiveCopySource DocType="pdf">https://jor.ut.ac.ir/article_61449_8974488bf403c80de6b6fc7e19074c2a.pdf</ArchiveCopySource>
</Article>
</ArticleSet>
