<?xml version="1.0" encoding="UTF-8"?>
<!DOCTYPE ArticleSet PUBLIC "-//NLM//DTD PubMed 2.7//EN" "https://dtd.nlm.nih.gov/ncbi/pubmed/in/PubMed.dtd">
<ArticleSet>
<Article>
<Journal>
				<PublisherName>دانشگاه تهران</PublisherName>
				<JournalTitle>پژوهش ادبیات معاصر جهان</JournalTitle>
				<Issn>2588-4131</Issn>
				<Volume>21</Volume>
				<Issue>2</Issue>
				<PubDate PubStatus="epublish">
					<Year>2016</Year>
					<Month>09</Month>
					<Day>22</Day>
				</PubDate>
			</Journal>
<ArticleTitle>Writing of grief in Philippe Jaccottet’s poetry</ArticleTitle>
<VernacularTitle>نوشتار اندوه در اشعار فیلیپ ژاکوته</VernacularTitle>
			<FirstPage>315</FirstPage>
			<LastPage>336</LastPage>
			<ELocationID EIdType="pii">61445</ELocationID>
			
<ELocationID EIdType="doi">10.22059/jor.2016.61445</ELocationID>
			
			<Language>FA</Language>
<AuthorList>
<Author>
					<FirstName>فاطمه سادات</FirstName>
					<LastName>علوی صدر</LastName>
<Affiliation>دانشجوی دکترا / دانشگاه آزاد واحد علوم وتحقیقات</Affiliation>

</Author>
<Author>
					<FirstName>مهوش</FirstName>
					<LastName>قویمی</LastName>
<Affiliation>استاد/ دانشگاه آزاد اسلامی - واحد علوم وتحقیقات تهران</Affiliation>

</Author>
</AuthorList>
				<PublicationType>Journal Article</PublicationType>
			<History>
				<PubDate PubStatus="received">
					<Year>2015</Year>
					<Month>12</Month>
					<Day>13</Day>
				</PubDate>
			</History>
		<Abstract>In this study we aim to examine the theme of death in the works of Philippe Jaccottet; in whose earliest writings and poems one can spot a sensitivity to human pain and death. Jaccottet’s writings though simple in form, raise many vague questions in the reader’s mind, for the poet wants to contain in his poem what speech can’t express. The universe and human life to Jaccottet are mysteries. Death – the subject of this article – is also part of this mystery. Analyzing his 3 collections of poems “Lessons”, “Chants from below” and “In the winter light” reveals the importance of this theme, which has an essential place in the poet’s works. This also creates an opportunity for unveiling his mysterious and piercing works; which deserve to be read and reread, as it suggests to the reader to reconsider the world and the new style of living in harmony with the universe and with himself.</Abstract>
			<OtherAbstract Language="FA">در این مقاله به مطالعه و بررسی درون مایه ی مرگ در آثار فیلیپ ژاکوته می پردازیم. شاعری که از اولین نوشته ها و سروده هایش میتوان به حساسیت وی نسبت به رنج انسان و مرگ پی برد. نوشته های ژاکوته علی رغم ظاهر ساده اش، سؤالات مبهم بسیاری را در ذهن خواننده مطرح می کند زیرا شاعر به دنبال آن است که آنچه را کلام از بیان آن ناتوان است، در شعر خود بگنجاند. جهان هستی وزندگی انسان از دیدگاه ژاکوته همچون معما است. مرگ - موضوع اصلی این مقاله – نیز بخشی از این معما را تشکیل می دهد. بررسی سه مجموعه شعر « درس ها»، «نغمه های دنیای مردگان» و«در نور زمستان»، اهمیت این درون مایه را که از جایگاهی اساسی در آثار شاعر برخوردار است، آشکار می سازد. همچنین این فرصت را پدید می آورد تا پرده از آثار رازگونه و نافذ شاعر برداریم.آثاری که بازخوانی جهان و شیوه نوین زیستن را درهماهنگی با کائنات و با خویشتن خویش به مخاطب پیشنهاد می دهد.</OtherAbstract>
		<ObjectList>
			<Object Type="keyword">
			<Param Name="value">شعر</Param>
			</Object>
			<Object Type="keyword">
			<Param Name="value">مرگ</Param>
			</Object>
			<Object Type="keyword">
			<Param Name="value">اندوه</Param>
			</Object>
			<Object Type="keyword">
			<Param Name="value">سرایش</Param>
			</Object>
			<Object Type="keyword">
			<Param Name="value">ژاکوته</Param>
			</Object>
		</ObjectList>
<ArchiveCopySource DocType="pdf">https://jor.ut.ac.ir/article_61445_39ec14f61d07bfb0075bbe7832516060.pdf</ArchiveCopySource>
</Article>
</ArticleSet>
