<?xml version="1.0" encoding="UTF-8"?>
<!DOCTYPE ArticleSet PUBLIC "-//NLM//DTD PubMed 2.7//EN" "https://dtd.nlm.nih.gov/ncbi/pubmed/in/PubMed.dtd">
<ArticleSet>
<Article>
<Journal>
				<PublisherName>دانشگاه تهران</PublisherName>
				<JournalTitle>پژوهش ادبیات معاصر جهان</JournalTitle>
				<Issn>2588-4131</Issn>
				<Volume>14</Volume>
				<Issue>52</Issue>
				<PubDate PubStatus="epublish">
					<Year>2009</Year>
					<Month>08</Month>
					<Day>23</Day>
				</PubDate>
			</Journal>
<ArticleTitle>The Figurative Significance of Motion Verbs &quot;????-??????&quot; and Their Equivalents in Persian</ArticleTitle>
<VernacularTitle>فعل حرکتی ????-?????? در مفهوم مجازی و طریقة بیان آن در زبان فارسی</VernacularTitle>
			<FirstPage></FirstPage>
			<LastPage></LastPage>
			<ELocationID EIdType="pii">19587</ELocationID>
			
			
			<Language>FA</Language>
<AuthorList>
<Author>
					<FirstName>میریلا</FirstName>
					<LastName>احمدی</LastName>
<Affiliation>دانشگاه تربیت مدرس</Affiliation>

</Author>
<Author>
					<FirstName>معصومه</FirstName>
					<LastName>داد</LastName>
<Affiliation>دانشگاه تربیت مدرس</Affiliation>

</Author>
</AuthorList>
				<PublicationType>Journal Article</PublicationType>
			<History>
				<PubDate PubStatus="received">
					<Year>1970</Year>
					<Month>01</Month>
					<Day>01</Day>
				</PubDate>
			</History>
		<Abstract>In recent decades, “figurative language” has gained the interest of a large number of Russian linguists as a source of lexical enrichment.  Persian and Russian manifest, are more or less, a different image of a movement. Nevertheless, these verbs share a number of linguistic features, although  they belong to two diverse languages. Due to the high frequency in the function of movement verbs in the stable verbal-nominal phrases it is investigable in every mode of usage. Among the Persian grammarians, Khosro Farshidvard has explored this case as “compound verbs”, “verbal phrases”, or “translational verbal groups”. The main focus of the present paper concerns a comparative study of the function of movement verbs (????-??????) both in the figurative mode and in stable phrases.</Abstract>
			<OtherAbstract Language="FA">در دهه‌های اخیر، «مجاز» بهعنوان مهمترین منبع غنی‌سازی قاموس واژگان زبان، توجه زبان‌شناسان روس را به خود جلب کرده است. زبان‌های روسی و فارسی تصاویر کم‌و‌بیش متفاوتی از حرکت را به دست می‌دهند، در عین حال وجوه مشترکی دارند که با توجه به تعلق آنان به دو خانواده زبانی مختلف، جالب به نظر می‌رسد. کارکرد فعل حرکتی در گروه‌واژه‌های پایدار فعلی- اسمی به علت کارایی گسترده در همهً سبک‌های زبان قابل بررسی است. از میان دستورنویسان فارسی، خسرو فرشیدورد این دسته از ترکیب واژه‌ها را تحت عنوان «افعال مرکب»، «ترکیبات فعلی» یا «گروه‌های فعلی ترجمه‌ای» بررسی کرده است. تکیـهً اصلی مقالهً حاضر، بررسی مقایسه‌ای نقش فعل حرکتی ????-?????? در معنای مجازی و در قالب ترکیب واژه‌های پایدار است.</OtherAbstract>
		<ObjectList>
			<Object Type="keyword">
			<Param Name="value">استعاره</Param>
			</Object>
			<Object Type="keyword">
			<Param Name="value">ترکیب واژه</Param>
			</Object>
			<Object Type="keyword">
			<Param Name="value">زبان روسی</Param>
			</Object>
			<Object Type="keyword">
			<Param Name="value">زبان فارسی</Param>
			</Object>
			<Object Type="keyword">
			<Param Name="value">فعل حرکتی</Param>
			</Object>
			<Object Type="keyword">
			<Param Name="value">مجاز</Param>
			</Object>
		</ObjectList>
<ArchiveCopySource DocType="pdf">https://jor.ut.ac.ir/article_19587_d86ea37dc0855e685c7ee56f54ae20aa.pdf</ArchiveCopySource>
</Article>

<Article>
<Journal>
				<PublisherName>دانشگاه تهران</PublisherName>
				<JournalTitle>پژوهش ادبیات معاصر جهان</JournalTitle>
				<Issn>2588-4131</Issn>
				<Volume>14</Volume>
				<Issue>52</Issue>
				<PubDate PubStatus="epublish">
					<Year>2009</Year>
					<Month>08</Month>
					<Day>23</Day>
				</PubDate>
			</Journal>
<ArticleTitle>He Turned away Both From Scribing as Well as His Faith About Rumi and Calvino’s Comments on a Fake Story</ArticleTitle>
<VernacularTitle>هم ز نساخی برآمد هم ز دین، دربارة نگاه مولوی و کالوینو به یک روایت دروغین</VernacularTitle>
			<FirstPage></FirstPage>
			<LastPage></LastPage>
			<ELocationID EIdType="pii">19588</ELocationID>
			
			
			<Language>FA</Language>
<AuthorList>
<Author>
					<FirstName>اسفندیار</FirstName>
					<LastName>اسفندی</LastName>
<Affiliation>دانشگاه تهران</Affiliation>

</Author>
<Author>
					<FirstName>شهروز</FirstName>
					<LastName>خنجری</LastName>
<Affiliation>دانشگاه تهران</Affiliation>

</Author>
</AuthorList>
				<PublicationType>Journal Article</PublicationType>
			<History>
				<PubDate PubStatus="received">
					<Year>1970</Year>
					<Month>01</Month>
					<Day>01</Day>
				</PubDate>
			</History>
		<Abstract>Abd Allah B.Sa’d, believed in Islam and for a short time recorded divine revelations; but then he lost his faith. Historical studies prove that his apostasy has no relation to writing celestial words. But story-writers who often lack an analytical mind, perhaps credulously or tendentiously connect his blaspheme to the act of recording sacred verses. These unfounded stories have entered history books and even crossed the seas. A 20th century Italian writer (Italo Calvino) comments on this story according to his narrative theories. Centuries earlier, a Persian Sufi (Rumi), in accordance with his mystical believes has interpreted the abovementioned story. As a comparative study of literature, this article attempts to introduce an example of interactions between Iranian culture and the occidental world.</Abstract>
			<OtherAbstract Language="FA">عبداله بن سعد بن ابی سرح قرشی اسلام می آورد و اندک زمانی کتابت وحی می کند، سپس از دین باز می گردد و مرتد می شود. بررسی های تاریخی نشان می دهد که ارتداد او ارتباطی با نگارش قرآن ندارد، ولی قصه نویسان، که اغلب فاقد قوة تحلیل اند، شاید مغرضانه، شاید ساده‌لوحانه، روی گردانی وی را به تحریر آیات الهی ربط می‌دهند. این قصه‌های بی‌اساس به تفاسیر و تواریخ هم راه می‌یابد، حتی از دریاها می‌گذرد تا در سدة بیستم میلاد، نویسنده‌ای از ایتالیا، آن را از حیث روایت‌پردازی تأویل کند؛ قرن‌ها پیش از او یک شاعر صوفی‌ فارسی نیز این قصه را موافق رای صوفیانة خویش تأویل کرده است. قیاس آن چه این دو گفته‌اند، جدا ازاین که یکی از موارد داد و ستدهای دائم فرهنگی را به دست می‌دهد، وسعت میدان تأویل را نیز آشکار می‌کند.</OtherAbstract>
		<ObjectList>
			<Object Type="keyword">
			<Param Name="value">ایتالیایی)</Param>
			</Object>
			<Object Type="keyword">
			<Param Name="value">ایتالو کالوینو</Param>
			</Object>
			<Object Type="keyword">
			<Param Name="value">ادبیات تطبیقی (فارسی</Param>
			</Object>
			<Object Type="keyword">
			<Param Name="value">تأویل</Param>
			</Object>
			<Object Type="keyword">
			<Param Name="value">عبداله بن سعد بن ابی سرح</Param>
			</Object>
			<Object Type="keyword">
			<Param Name="value">مولوی</Param>
			</Object>
		</ObjectList>
<ArchiveCopySource DocType="pdf">https://jor.ut.ac.ir/article_19588_1c9c32142ad4377db1de18ba0a716a72.pdf</ArchiveCopySource>
</Article>

<Article>
<Journal>
				<PublisherName>دانشگاه تهران</PublisherName>
				<JournalTitle>پژوهش ادبیات معاصر جهان</JournalTitle>
				<Issn>2588-4131</Issn>
				<Volume>14</Volume>
				<Issue>52</Issue>
				<PubDate PubStatus="epublish">
					<Year>2009</Year>
					<Month>08</Month>
					<Day>23</Day>
				</PubDate>
			</Journal>
<ArticleTitle>Interaction in translation of Films: A Thought Over Film Translation, with a Focus on Translation from German to Persian</ArticleTitle>
<VernacularTitle>تأملی در ترجمة فیلم با تکیه بر چگونگی انتقال فیلم از زبان آلمانی به فارسی</VernacularTitle>
			<FirstPage></FirstPage>
			<LastPage></LastPage>
			<ELocationID EIdType="pii">19589</ELocationID>
			
			
			<Language>FA</Language>
<AuthorList>
<Author>
					<FirstName>حسن</FirstName>
					<LastName>پروان</LastName>
<Affiliation>دانشگاه تهران</Affiliation>

</Author>
<Author>
					<FirstName>ناهید</FirstName>
					<LastName>باقر نصرآبادی</LastName>
<Affiliation>دانشگاه تهران</Affiliation>

</Author>
</AuthorList>
				<PublicationType>Journal Article</PublicationType>
			<History>
				<PubDate PubStatus="received">
					<Year>1970</Year>
					<Month>01</Month>
					<Day>01</Day>
				</PubDate>
			</History>
		<Abstract>A remarkable part of foreign cultural products is the audiomedial texts like feature films and TV series. They have a more extensive addressee circle on the basis of the medium, through which they are transferred. These products fascinate many people and therefore play a very vital role within intercultural relations. There are many people who are not able to speak other languages except their own. Many ethnic, moral and political elements of the imported films, which form the cultural characteristics of a nation, can not be introduced directly and unaltered  into the goal culture. These facts necessitate film translation to be established as a subdiscipline of the translation science in the course of time. The present work takes into consideration certain theoretical opinions relating to the above-mentioned subjects and gives a short overview over translation problems specific to a particular culture, such as, the transfer of  dialects, accents, religious names, and the translation of the wordplay.</Abstract>
			<OtherAbstract Language="FA">محصولات فرهنگی بیگانه نظیر فیلم و سریال، بخش قابل توجهی از فرآورده‌های سمعی و بصری موجود را تشکیل می‌‌دهد جاذبة این محصولات و بالطبع استقبال مخاطبان، اهمیت آن‌ها را در همکاری‌های فرهنگی آشکار می‌سازد. در این میان عدم تسلط عموم مخاطبان فرهنگ مقصد به زبان بیگانه از یک سو و لزوم نظارت بر مسائل اخلاقی، مذهبی و سیاسی که از طریق رسانة فیلم و تلویزیون انتقال یافته و کلیت فرهنگی جامعه را می‌سازند از سوی دیگر، وجود شاخه‌ای از علم ترجمه به نام ترجمة فیلم را ایجاب می‌کند. مقالة پیش‌رو ضمن پرداخت سطحی و مختصر به برخی مباحث نظری در این زمینه، کلیاتی را در زمینة عناصر فرهنگی فیلم شامل لهجه‌ها، گویش، اسامی و نام‌های مذهبی، اسامی اشخاص، وام‌واژه‌ها و ترجمة طنز بیان می‌کند.</OtherAbstract>
		<ObjectList>
			<Object Type="keyword">
			<Param Name="value">ترجمة فیلم</Param>
			</Object>
			<Object Type="keyword">
			<Param Name="value">تنوع زبانی</Param>
			</Object>
			<Object Type="keyword">
			<Param Name="value">دوبله</Param>
			</Object>
			<Object Type="keyword">
			<Param Name="value">سینک</Param>
			</Object>
			<Object Type="keyword">
			<Param Name="value">معانی ضمنی</Param>
			</Object>
			<Object Type="keyword">
			<Param Name="value">هم‌خوانی لب</Param>
			</Object>
			<Object Type="keyword">
			<Param Name="value">وام‌واژه</Param>
			</Object>
		</ObjectList>
<ArchiveCopySource DocType="pdf">https://jor.ut.ac.ir/article_19589_f637f2f28756ed6a06d169af6ea09043.pdf</ArchiveCopySource>
</Article>

<Article>
<Journal>
				<PublisherName>دانشگاه تهران</PublisherName>
				<JournalTitle>پژوهش ادبیات معاصر جهان</JournalTitle>
				<Issn>2588-4131</Issn>
				<Volume>14</Volume>
				<Issue>52</Issue>
				<PubDate PubStatus="epublish">
					<Year>2009</Year>
					<Month>08</Month>
					<Day>23</Day>
				</PubDate>
			</Journal>
<ArticleTitle>A Critical Study of Literary Hermeneutics Theories</ArticleTitle>
<VernacularTitle>نقدی بر نظریه‏های هرمنوتیک ادبی</VernacularTitle>
			<FirstPage></FirstPage>
			<LastPage></LastPage>
			<ELocationID EIdType="pii">19590</ELocationID>
			
			
			<Language>FA</Language>
<AuthorList>
<Author>
					<FirstName>نرجس</FirstName>
					<LastName>خدایی</LastName>
<Affiliation>دانشگاه شهید بهشتی</Affiliation>

</Author>
</AuthorList>
				<PublicationType>Journal Article</PublicationType>
			<History>
				<PubDate PubStatus="received">
					<Year>1970</Year>
					<Month>01</Month>
					<Day>01</Day>
				</PubDate>
			</History>
		<Abstract></Abstract>
			<OtherAbstract Language="FA">در نیمة دوم قرن بیستم، تعدادی از اندیشه‏ورزان و نظریه‏پردازان حوزة ادبیات، تحت تأثیر دستاوردهای پُربار هرمنوتیک فلسفی، ضرورتِ تکوین «هرمنوتیک ادبی» و یا «رویکرد هرمنوتیکی به متون ادبی» را طرح کرده و با نگرش‏ها، انتظارات و پیشنهادهای گوناگون پا به عرصة این میدان نهاده‏اند. بعضی از ایشان، چون پتر سوندی، نوع خاصی از هرمنوتیک را مدنظر دارند، که توان آن را داشته باشد، نخست به بازخوانی و ساماندهی پیشینة تاریخی نظریه‏های تأویل ادبی بپردازد، و سپس در هماهنگی با مدرن‏ترین روش‏های نقدِ ادبی و زبان‏شناختی، جوابگوی پرسش‏های بنیادینی باشد که ذهن منتقدان ادبی از دیرباز با آنها مشغول بوده‏ است. بعضی دیگر، چون هانس روبرت یآوس و اومبرتو اکو، خود از پایه‏گذاران مکتب‏های ادبی محسوب می‏شوند، و قصد دارند، دامنة نقد ادبی را به مددِ پرسش‏های جامع هرمنوتیکی گسترش دهند و با رجوع به مبانی محوری این مبحث، اعتبار تئوری‏ها و اندیشه‏های خود را محک زنند.
جستار حاضر به نقد و بررسی منتخبی از مهم‏ترین رهیافت‏ها و نظریه‏های هرمنوتیک ادبی، مناسباتِ آن با سایر دیسیپلین‏های مشابه علوم انسانی، و تلقی‏های مختلف از وظائف و کارکردهای آن می‏پردازد و سؤالاتی نیز در مورد توان آشتی‏پذیری هرمنوتیک با روش‏های تأویل متن و نظریه‏های نقد ادبی مطرح می‏کند. توجة اساسی این مقاله اما به دیدگاه‏ها، راهکارها و معضلاتِ ویژه‏ای معطوف است که در تقاطع اندیشه‏های محوری تأویل ادبی و پرسش‏های هرمنوتیکی شکل می‏گیرند.</OtherAbstract>
		<ObjectList>
			<Object Type="keyword">
			<Param Name="value">تأویل</Param>
			</Object>
			<Object Type="keyword">
			<Param Name="value">تأویل‏گر</Param>
			</Object>
			<Object Type="keyword">
			<Param Name="value">تجربه</Param>
			</Object>
			<Object Type="keyword">
			<Param Name="value">روش</Param>
			</Object>
			<Object Type="keyword">
			<Param Name="value">زیبایی‏شناسی</Param>
			</Object>
			<Object Type="keyword">
			<Param Name="value">گشودگی</Param>
			</Object>
			<Object Type="keyword">
			<Param Name="value">نقد ادبی</Param>
			</Object>
		</ObjectList>
<ArchiveCopySource DocType="pdf">https://jor.ut.ac.ir/article_19590_465fe0ba9482af859d9c013057a5babc.pdf</ArchiveCopySource>
</Article>

<Article>
<Journal>
				<PublisherName>دانشگاه تهران</PublisherName>
				<JournalTitle>پژوهش ادبیات معاصر جهان</JournalTitle>
				<Issn>2588-4131</Issn>
				<Volume>14</Volume>
				<Issue>52</Issue>
				<PubDate PubStatus="epublish">
					<Year>2009</Year>
					<Month>08</Month>
					<Day>23</Day>
				</PubDate>
			</Journal>
<ArticleTitle>A Study of Different Translations of Koran into German</ArticleTitle>
<VernacularTitle>بررسی ترجمه‌های مختلف قرآن به زبان آلمانی</VernacularTitle>
			<FirstPage></FirstPage>
			<LastPage></LastPage>
			<ELocationID EIdType="pii">19591</ELocationID>
			
			
			<Language>FA</Language>
<AuthorList>
<Author>
					<FirstName>پریسا</FirstName>
					<LastName>درخشان مقدم</LastName>
<Affiliation>دانشگاه آزاد اسلامی</Affiliation>

</Author>
<Author>
					<FirstName>فرح</FirstName>
					<LastName>نارنجی</LastName>
<Affiliation>دانشگاه آزاد اسلامی</Affiliation>

</Author>
</AuthorList>
				<PublicationType>Journal Article</PublicationType>
			<History>
				<PubDate PubStatus="received">
					<Year>1970</Year>
					<Month>01</Month>
					<Day>01</Day>
				</PubDate>
			</History>
		<Abstract>Throughout history several translators with different motives and styles have tried to translate the Holy Koran. The study of their goals and styles/ their strong and weak points can be a way to present improved translations of the Holy Koran in the future. Focusing on the Hamd Sura, this article studies three well-known German translators of Koran (Salomon Schweigger, David Friedrich Megerlin, Friedrich Rückert). The article begins with  a probe into the history of translation of the Holy Koran into the German language, followed by a deep study of these trauslations. With the obtained results, new methods of translating the Koran will be presented regarding objectivity, style, and types of translation.</Abstract>
			<OtherAbstract Language="FA">در طول تاریخ بسیاری با انگیزه و شیوه‌های متفاوتی اقدام به ترجمة قرآن کریم کرده‌اند. بررسی و نقد ترجمه‌های پیشین و کشف توانمندی‌ها و کاستی‌های احتمالی آنها به منظور دستیابی به ترجمه‌ای مطلوب از قرآن کریم همواره لازم و راهگشاست. در این زمینه، مقال? حاضر به نقد و بررسی سه ترجم? شاخص قرآن به زبان آلمانی توسط سالمون شوایگر، دیوید فریدریش مگرلین و فریدریش روکرت با تمرکز بر سور? حمد پرداخته است. در این پژوهش ضمن ارائة تاریخچه‌ای از ترجمة قرآن به زبان آلمانی مشخص شد که اوضاع و جو سیاسی حاکم در شکل‌گیری ترجمه‌های نخستین آلمانی زبان قرآن و نیز، سیر تکامل آنها از قرون وسطی به دورة روشنگری و بعد از آن، نقش اساسی داشته است. همچنین اغراض و    انگیزه‌های مترجمان در هر سده در این شکل‌گیری بی‌تأثیر نبوده‌اند. در بررسی ترجمه‌های ذکر شده از لحاظ سبک و روش، امانت‌داری در برگردان ساختار نحوی و معنایی قرآن و یا اتخاذ شیوه‌ای علمی و دقیق به چشم نمی‌خورد. نتایج بررسی ترجمه‌های سور? حمد از دو جنبه روساخت و ژرف ساخت نیز نشان می‌دهد که عدم تسلط مترجم به زبان عربی و نیز کمک نگرفتن از تفاسیر معتبر اسلامی، منجر به کج فهمی‌های اساسی در برگردان واژه‌ها ومفاهیم قرآنی شده است. نقاط قوت وضعف حاصل از این بررسی، راهکارهایی را برای ترجمة بهینة قرآن ارائه کرده است.</OtherAbstract>
		<ObjectList>
			<Object Type="keyword">
			<Param Name="value">ترجمة آزاد</Param>
			</Object>
			<Object Type="keyword">
			<Param Name="value">ترجمة تحت الفظی</Param>
			</Object>
			<Object Type="keyword">
			<Param Name="value">ترجمة تفسیری</Param>
			</Object>
			<Object Type="keyword">
			<Param Name="value">قرآن</Param>
			</Object>
			<Object Type="keyword">
			<Param Name="value">نقد</Param>
			</Object>
		</ObjectList>
<ArchiveCopySource DocType="pdf">https://jor.ut.ac.ir/article_19591_7400536b3fb262c625c7d257e8f7fc56.pdf</ArchiveCopySource>
</Article>

<Article>
<Journal>
				<PublisherName>دانشگاه تهران</PublisherName>
				<JournalTitle>پژوهش ادبیات معاصر جهان</JournalTitle>
				<Issn>2588-4131</Issn>
				<Volume>14</Volume>
				<Issue>52</Issue>
				<PubDate PubStatus="epublish">
					<Year>2009</Year>
					<Month>08</Month>
					<Day>23</Day>
				</PubDate>
			</Journal>
<ArticleTitle>Criticism of the Translation of &quot;French Lessons&quot; with a Discoursal Approach (Style, Intonation and Punctuation Marks)</ArticleTitle>
<VernacularTitle>نقد ترجمة داستان «درس‌های فرانسه» از دیدگاه نظریة سخن‌کاوی (بررسی موردی: سبک، لحن، نشانه‌های سجاوندی)</VernacularTitle>
			<FirstPage></FirstPage>
			<LastPage></LastPage>
			<ELocationID EIdType="pii">19592</ELocationID>
			
			
			<Language>FA</Language>
<AuthorList>
<Author>
					<FirstName>حسین</FirstName>
					<LastName>غلامی</LastName>
<Affiliation>دانشگاه تهران</Affiliation>

</Author>
<Author>
					<FirstName>علی</FirstName>
					<LastName>سعیدی</LastName>
<Affiliation>دانشگاه تهران</Affiliation>

</Author>
</AuthorList>
				<PublicationType>Journal Article</PublicationType>
			<History>
				<PubDate PubStatus="received">
					<Year>1970</Year>
					<Month>01</Month>
					<Day>01</Day>
				</PubDate>
			</History>
		<Abstract>The main priority in literary criticism, is defining a structure and abstaining from imposing personal views. In the framework of discourse analysis theory (style, intonation and punctuation marks are considered) and on the basis of contrastive linguistics, the author has tried to criticize the translation of a story “French lessons” written by Valentine Rasputin and translated by Mrs. Maryam Shafaqi. Next, we have shown that Mrs. Shafaqi with her vast knowledge of vocabulary managed to transfer only the informal style of the story in the best possible way. But in the case of narrator and character intonation, she was unable to achieve a proper result, Finally, she failed to pay enough attention to punctuation marks, which is rather crucial in  translation.</Abstract>
			<OtherAbstract Language="FA">در نقد ترجمه، مشخص کردن اساس کار و اجتناب از اعمال سلیقه در درجة اول اهمیت قرار دارد. در این مقاله سعی شده است بر اساس مطالعات زبان‌شناسی مقابله‌ای و در چارچوب نظریة سخن‌کاوی(با بررسی موردی سبک، لحن، نشانه‌های سجاوندی) به نقد ترجمة مریم شفقی از داستان   «درس‌های فرانسه»، نوشتة والنتین راسپوتین، پرداخته شود. در این نقد خواهیم دید که وی در این ترجمه سبک اثر را که غیر رسمی و صمیمی است با بهره‌گیری از دایره لغات گسترده‌شان به خوبی منتقل کرده است اما در انتقال لحن شخصیت‌ها و راوی داستان چندان موفق نبوده و توجه کافی به نشانه‌های سجاوندی که اهمیت خاصی در ترجمه دارند نکرده است.</OtherAbstract>
		<ObjectList>
			<Object Type="keyword">
			<Param Name="value">ترجمه</Param>
			</Object>
			<Object Type="keyword">
			<Param Name="value">سبک</Param>
			</Object>
			<Object Type="keyword">
			<Param Name="value">سخن‌کاوی</Param>
			</Object>
			<Object Type="keyword">
			<Param Name="value">لحن</Param>
			</Object>
			<Object Type="keyword">
			<Param Name="value">نشانه‌های سجاوندی</Param>
			</Object>
		</ObjectList>
<ArchiveCopySource DocType="pdf">https://jor.ut.ac.ir/article_19592_2954d45bfd603d6e372656d46a2ca611.pdf</ArchiveCopySource>
</Article>

<Article>
<Journal>
				<PublisherName>دانشگاه تهران</PublisherName>
				<JournalTitle>پژوهش ادبیات معاصر جهان</JournalTitle>
				<Issn>2588-4131</Issn>
				<Volume>14</Volume>
				<Issue>52</Issue>
				<PubDate PubStatus="epublish">
					<Year>2009</Year>
					<Month>08</Month>
					<Day>23</Day>
				</PubDate>
			</Journal>
<ArticleTitle>A Comparative Study of Homophone and Compound Homonym in Russian and Persian Languages</ArticleTitle>
<VernacularTitle>بررسی مقایسه‌ای جناس‌های لفظی و مرکب در زبان‌های روسی و فارسی</VernacularTitle>
			<FirstPage></FirstPage>
			<LastPage></LastPage>
			<ELocationID EIdType="pii">19593</ELocationID>
			
			
			<Language>FA</Language>
<AuthorList>
<Author>
					<FirstName>علی</FirstName>
					<LastName>مداینی اول</LastName>
<Affiliation>دانشگاه تهران</Affiliation>

</Author>
<Author>
					<FirstName>مژده</FirstName>
					<LastName>دهقان خلیلی</LastName>
<Affiliation>دانشگاه تهران</Affiliation>

</Author>
</AuthorList>
				<PublicationType>Journal Article</PublicationType>
			<History>
				<PubDate PubStatus="received">
					<Year>1970</Year>
					<Month>01</Month>
					<Day>01</Day>
				</PubDate>
			</History>
		<Abstract>What we mean by alliteration of homogeneous words is that such alliteration is based on two or more lexical basis that is conspicuously coordinative and homogeneous with each other. They are homogeneous in that their form, structure, and tone, are similar. We can name two homogeneous words, two bases of homonym. It is evident that such words, though homogeneous from one hand, should necessarily be dissimilar and heterogeneous, if not they will no longer be two or more words, and will be considered as one word but with a different meaning. From the threshold of the repetition of words, that is use of two homonymous words (two bases of homonyms), is created a rhythm, which causes the budding and manifestation of rhetoric, which is more than ups and downs of words. Homonym in Russian and Persian languages has different types, which is created due to dissimilarity of two bases of homonyms. When their dissimilarity is in their writing, these two words are homophone, and when it is in their structure they create compound homonyms. In this article we have endevoured to make such words more tangible for the readers by analyzing the reasons for the formation of homophone and compound homonym in Russian and Persian languages.</Abstract>
			<OtherAbstract Language="FA">منظور از واژه آرایی با واژه‌های همگون، این است که این گونه واژه‌آرایی بر دو یا چند پایة واژگانی استوار است که به گونه ای چشمگیر با هم، هم‌گونند. به این مفهوم که در ریخت، ساخت، آهنگ و... شبیه یکدیگر‌ند. دو واژة «همگون» را دو پایة جناس می‌نامیم. پیداست که این گونه واژه‌ها در عین این که از یک سو همگونی دارند ناگزیر باید از سویی دیگر ناهمگونی و دوگانگی داشته باشند، در غیر این صورت دو یا چند واژه نخواهند بود و به عنوان یک کلمه با معانی متفاوت در نظر گرفته می‌شوند. از این رو با تکرار واژگان، یعنی استفاده از دو واژه همگون (دو پایه جناس) آهنگی پدید می‌آید که سبب شکوفایی و تجلی بلاغت می‌شود و که فراتر از زیر و بم کلمات است. جناس در زبان‌های روسی و فارسی دارای گونه‌های متفاوتی است که این گونه‌های متفاوت بر اساس دوگانگی متفاوت دو پایه جناس پدید می‌آیند و هر گاه این دو واژه علاوه بر هم‌گونی، دارای دوگانگی نوشتار باشند، با یکدیگر جناس لفظی و هر گاه دوگانگی ساختاری باشد، جناس مرکب محسوب می‌شوند. در این مقاله سعی بر این است که با بررسی دلایل بوجود آمدن جناس‌های لفظی و مرکب در زبان‌های روسی و فارسی، این واژگان را برای خوانندگان ملموس‌تر و قابل درک‌تر کنیم.</OtherAbstract>
		<ObjectList>
			<Object Type="keyword">
			<Param Name="value">بلاغت</Param>
			</Object>
			<Object Type="keyword">
			<Param Name="value">جناس لفظی</Param>
			</Object>
			<Object Type="keyword">
			<Param Name="value">جناس مرفو</Param>
			</Object>
			<Object Type="keyword">
			<Param Name="value">جناس مرکب</Param>
			</Object>
			<Object Type="keyword">
			<Param Name="value">واژه‌های هم آوا</Param>
			</Object>
			<Object Type="keyword">
			<Param Name="value">واژه‌های همگون</Param>
			</Object>
		</ObjectList>
<ArchiveCopySource DocType="pdf">https://jor.ut.ac.ir/article_19593_ca4aff2bcf5840547bcc414da2d012a1.pdf</ArchiveCopySource>
</Article>
</ArticleSet>
