<?xml version="1.0" encoding="UTF-8"?>
<!DOCTYPE ArticleSet PUBLIC "-//NLM//DTD PubMed 2.7//EN" "https://dtd.nlm.nih.gov/ncbi/pubmed/in/PubMed.dtd">
<ArticleSet>
<Article>
<Journal>
				<PublisherName>دانشگاه تهران</PublisherName>
				<JournalTitle>پژوهش ادبیات معاصر جهان</JournalTitle>
				<Issn>2588-4131</Issn>
				<Volume>23</Volume>
				<Issue>1</Issue>
				<PubDate PubStatus="epublish">
					<Year>2018</Year>
					<Month>03</Month>
					<Day>21</Day>
				</PubDate>
			</Journal>
<ArticleTitle>A critical study on the meaning and symbolic value of the word &quot;sea&quot; in Cesare Pavese&#039;s works</ArticleTitle>
<VernacularTitle>آب را دیدی نگر در آب آب.معنی و ارزش سمبلیک «دریا» در آثار چزاره پاوزه</VernacularTitle>
			<FirstPage>141</FirstPage>
			<LastPage>172</LastPage>
			<ELocationID EIdType="pii">67533</ELocationID>
			
<ELocationID EIdType="doi">10.22059/jor.2018.206470.1382</ELocationID>
			
			<Language>FA</Language>
<AuthorList>
<Author>
					<FirstName>فاطمه</FirstName>
					<LastName>عسگری</LastName>
<Affiliation>عضو هیات علمی گروه زبان و ادبیات ایتالیایی دانشکده زبانها و ادبیات خارجی دانشگاه تهران  ایران</Affiliation>

</Author>
</AuthorList>
				<PublicationType>Journal Article</PublicationType>
			<History>
				<PubDate PubStatus="received">
					<Year>2016</Year>
					<Month>05</Month>
					<Day>07</Day>
				</PubDate>
			</History>
		<Abstract>Cesare Pavese is one of the figures of Italian modern literature. He in fact belongs to literary and artistic movement of Realism, and lives two world war’s tragic experience. His works are also influenced by Symbolism and sealed by shadows of Neorealism. In most of his works many natural elements are usually used by the poet to mean existential concepts of human life. One of this natural elements is “sea” that so many times, in some of his works in prose and in poetry, takes on several different values and meanings as if to show contradictions that exist in poet and writer’s soul and also in his private life. In the other hand, sometimes word “sea” means death, nothingness, no way and on the other times it means as a pure and primitive curiosity that gives man a very deep energy to hold on and continue to live. In this paper we focus on a critical analysis of the word “sea”‘s different meanings that we can find in Pavese’s works.</Abstract>
			<OtherAbstract Language="FA">چزاره پاوزه (1950-1908) یکی از چهره های سرشناس ادبیات ایتالیا در قرن بیستم است. جوهره فعالیتهای ادبی وی از لحاظ زمانی میان دو جریان فکری و هنری سمبولیسم جادوئی و نئورئالیسم قرار دارد. پاوزه شاعر و داستانسرای پرضدونقیضی است که هماره به دنبال خلق اثری متفاوت و یگانه است و تمام زندگی خویش را صرف این غایت می نماید هرچند که آشفتگی روحی و روانی و تشویش بیش از حد در زندگی شخصی وی هماره بر آثارش نوعی سایه بدبینی افکنده است. در آثار او خیلی از عناصر موجود در طبیعت سخاوتمند خداوند به سان معرف و سمبل برخی معانی حقیقت زندگی انسان مورد استفاده قرار گرفته اند. در این مقاله بخصوص به بررسی معنی &quot;دریا&quot; در برخی اشعار و داستانهای او پرداخته می شود. دریا گاه نماد عدم، نیستی، پوچی و مرگ است و گاه به معنای کنجکاوی ذاتی انسان و در پی آن مبدل به حقیقتی می شود که آدمی را به زندگی هرچه بیشتر متصل نگه می دارد.</OtherAbstract>
		<ObjectList>
			<Object Type="keyword">
			<Param Name="value">چزاره پاوزه</Param>
			</Object>
			<Object Type="keyword">
			<Param Name="value">دریا</Param>
			</Object>
			<Object Type="keyword">
			<Param Name="value">کنجکاوی</Param>
			</Object>
			<Object Type="keyword">
			<Param Name="value">نئورئالیسم</Param>
			</Object>
			<Object Type="keyword">
			<Param Name="value">سمبولیسم</Param>
			</Object>
			<Object Type="keyword">
			<Param Name="value">معنی زندگی</Param>
			</Object>
		</ObjectList>
<ArchiveCopySource DocType="pdf">https://jor.ut.ac.ir/article_67533_1ce6fd96203d702d0dd7b4762b2034ed.pdf</ArchiveCopySource>
</Article>
</ArticleSet>
