<?xml version="1.0" encoding="UTF-8"?>
<!DOCTYPE ArticleSet PUBLIC "-//NLM//DTD PubMed 2.7//EN" "https://dtd.nlm.nih.gov/ncbi/pubmed/in/PubMed.dtd">
<ArticleSet>
<Article>
<Journal>
				<PublisherName>دانشگاه تهران</PublisherName>
				<JournalTitle>پژوهش ادبیات معاصر جهان</JournalTitle>
				<Issn>2588-4131</Issn>
				<Volume>16</Volume>
				<Issue>62</Issue>
				<PubDate PubStatus="epublish">
					<Year>2011</Year>
					<Month>06</Month>
					<Day>22</Day>
				</PubDate>
			</Journal>
<ArticleTitle>Islam and Politics in Elizabethan Drama: Tamburlaine the Great and Othello</ArticleTitle>
<VernacularTitle>اسلام و سیاست در ادبیات نمایشی دورة الیزابت: نمایشنامههای تیمورلنگ و اتللو</VernacularTitle>
			<FirstPage>5</FirstPage>
			<LastPage>22</LastPage>
			<ELocationID EIdType="pii">23662</ELocationID>
			
			
			<Language>FA</Language>
<AuthorList>
<Author>
					<FirstName>فاضل</FirstName>
					<LastName>اسدی امجد</LastName>
<Affiliation>دانشگاه تربیت معلم، دکترا</Affiliation>

</Author>
<Author>
					<FirstName>رامین</FirstName>
					<LastName>فرهادی</LastName>
<Affiliation>دانشگاه آزاد اسلامی واحد کرج، کارشناس ارشد</Affiliation>

</Author>
</AuthorList>
				<PublicationType>Journal Article</PublicationType>
			<History>
				<PubDate PubStatus="received">
					<Year>1970</Year>
					<Month>01</Month>
					<Day>01</Day>
				</PubDate>
			</History>
		<Abstract>The encounter between the West and the East is historically regarded a s crucial i n the European chronicles. I n the 16th century, the politics of Queen Elizabeth I towards Muslims was dualistic: on the one hand, her State united with Muslims to stand against imperial Spain, and on the other hand, after the defeat of the Spanish Armada in 1588 by the English, her State’s policy changed into a negative representation of Islam. The primary objective of this paper is to explain the dualistic policy of Elizabethan England—a policy which was directed towards a union between the English and the Muslims to oppose Catholics and Spain. At the same time, Elizabethan authors extensively practiced the discourse of demonizing Muslims in their writings. As a final point, the researchers endeavour to explore the misrepresentation and exploitation of Muslims in Marlowe’s Tamburlaine the Great Part I, II and Shakespeare’s Othello,</Abstract>
			<OtherAbstract Language="FA">رویارویی غرب با شرق از دیرباز چالش مهمی در تاریخ اروپا به شمار میآید. در این رابطه، در سدة شانزدهم، الیزابت اول برخورد دوگانهای نسبت به مسلمانان داشت؛ وی، از یک سو، از آنها به منظور ایستادگی در برابر تهدیدات امپراتوری اسپانیا و کلیسای کاتولیک استفاده کرد، و از سوی دیگر، پس از پیروزی انگلیس بر ناوگان دریایی اسپانیا در سال ????، سیاست او به منفی جلوه دادن چهرة مسلمانان تغییر گرایش داد. هدف این گفتار روشن ساختن سیاست دوگانة انگلیس عصر الیزابت است: سیاستی که بر مبنای همبستگی با مسلمانان در برابر کلیسای کاتولیک و اسپانیا بنا نهاده شده بود؛ اما نویسندگان آن، همانند مارلو و شکسپیر، به اهریمننمایی مسلمانان در آثار خود تداوم میبخشیدند. بدین ترتیب، در این گفتار، دلایل واژگوننمایی از چهرة اسلام و مسلمانان، همانند برتری دینی و شرقستیزی، و نیز، استفادة ابزاری از مسلمانان با نگاهی به دو نمایشنامة تیمورلنگI و IIاز کریستفر مارلو و اتللو از ویلیام شکسپیر بررسی میشود.</OtherAbstract>
		<ObjectList>
			<Object Type="keyword">
			<Param Name="value">اتللو</Param>
			</Object>
			<Object Type="keyword">
			<Param Name="value">اسلام</Param>
			</Object>
			<Object Type="keyword">
			<Param Name="value">تیمورلنگ بزرگ</Param>
			</Object>
			<Object Type="keyword">
			<Param Name="value">کریستفر مارلو</Param>
			</Object>
			<Object Type="keyword">
			<Param Name="value">گفتمان شرقشناسانه</Param>
			</Object>
			<Object Type="keyword">
			<Param Name="value">ویلیام شکسپیر</Param>
			</Object>
		</ObjectList>
<ArchiveCopySource DocType="pdf">https://jor.ut.ac.ir/article_23662_6a68c31714820863d0fc8d599b956d4d.pdf</ArchiveCopySource>
</Article>
</ArticleSet>
