<?xml version="1.0" encoding="UTF-8"?>
<!DOCTYPE ArticleSet PUBLIC "-//NLM//DTD PubMed 2.7//EN" "https://dtd.nlm.nih.gov/ncbi/pubmed/in/PubMed.dtd">
<ArticleSet>
<Article>
<Journal>
				<PublisherName>دانشگاه تهران</PublisherName>
				<JournalTitle>پژوهش ادبیات معاصر جهان</JournalTitle>
				<Issn>2588-4131</Issn>
				<Volume>16</Volume>
				<Issue>62</Issue>
				<PubDate PubStatus="epublish">
					<Year>2011</Year>
					<Month>06</Month>
					<Day>22</Day>
				</PubDate>
			</Journal>
<ArticleTitle>Doctorow&#039;s Ambigious Approach to the Progressive Era in Ragtime</ArticleTitle>
<VernacularTitle>رویکرد دوپهلوی داکتارو به دورة ترقی در رمان رگتایم</VernacularTitle>
			<FirstPage>43</FirstPage>
			<LastPage>55</LastPage>
			<ELocationID EIdType="pii">23664</ELocationID>
			
			
			<Language>FA</Language>
<AuthorList>
<Author>
					<FirstName>زهره</FirstName>
					<LastName>رامین</LastName>
<Affiliation>دانشگاه تهران، دکترا</Affiliation>

</Author>
<Author>
					<FirstName>سیدمحمد</FirstName>
					<LastName>مرندی</LastName>
<Affiliation>دانشگاه تهران، دکترا</Affiliation>

</Author>
</AuthorList>
				<PublicationType>Journal Article</PublicationType>
			<History>
				<PubDate PubStatus="received">
					<Year>1970</Year>
					<Month>01</Month>
					<Day>01</Day>
				</PubDate>
			</History>
		<Abstract>Edgar Lawrence Doctorow is commonly acknowledged as a leftist writer who locates his novels on the shadowy border between fact and fiction. Doctorow employs postmodernist techniques of narration to intermingle historical facts and imaginative fiction in ways that make them indistinguishable at times. On the outset it seems that his novels reflect a specifically leftist protestor who is extremely critical of the unjust system of governance of his country. Observing the novel as an instance of historigraphic metafiction, Doctorow&#039;s radical and subversive perspectives are considered in Ragtime; a novel set in the progressive era. The novel concentrates on the plights and struggles of America&#039;s minority stratum. Focusing on the fate of a Negro and a Jewish immigrant and their families, Doctorow studies the possibility of progress at a time when historians have generally termed as &quot;general consensus.&quot; Although the tragic fate of Coalhouse Walker reflects the impossibility of change and Doctorow&#039;s harsh criticism of the unjustness of society, Tateh&#039;s incredible adjustment reflects an alternate perspective. It can thus be inferred that while Doctorow appears to be indicting his country&#039;s capitalist system, he is not necessarily expressing  a  completely subversive  standpoint.</Abstract>
			<OtherAbstract Language="FA">داکتارو نویسندة سیاسی چپ ‌گرایی است که نوشتار های خود را در مرز گنگ و تار تاریخ و داستان می ‌آفریند. در این مقاله ، با تکیه بر دیدگاه فراداستان تاریخ‌نگارانه بر رمان رگتایم به واکاوی این انگیزه پرداخته شده است . در این رمان ، داکتارو نخست با نگرشی نقادانه، داعیة پیشرفت در دورة ترقی  را زیر سؤال می‌برد ، سپس با واکاوی شخصیت‌های داستانی‌اش ، که برآمده از اقلیت‌های جامعة  آمریکایی، به ویژه سیاهان و مهاجران‌اند، بی‌عدالتی‌ها را باز می‌تاباند. کالهاوس والکر و تاته بیانگر انسان‌هایی‌اند که در پی متبلور ساختن رؤیاها ی خویش‌اند. آنان، با این که هر دو از لایه‌های اقلیتند، اما برای رسیدن به هدف‌هایشان، هر یک راهی متفاوت اختیار می‌کند. سرانجام به نظر می‌رسد با وجود این‌که داکتارو وجود تغییر را در جامعه «دوران ترقی» خیلی پررنگ نمی‌بیند اما برای رسیدن به خوشبختی موعود در رؤیای آمریکایی، همواره رگه‌هایی از امید را باقی می‌گذارد.</OtherAbstract>
		<ObjectList>
			<Object Type="keyword">
			<Param Name="value">چپگرا</Param>
			</Object>
			<Object Type="keyword">
			<Param Name="value">داکتارو</Param>
			</Object>
			<Object Type="keyword">
			<Param Name="value">دوران ترقی</Param>
			</Object>
			<Object Type="keyword">
			<Param Name="value">رگتایم</Param>
			</Object>
			<Object Type="keyword">
			<Param Name="value">رؤیای آمریکایی</Param>
			</Object>
			<Object Type="keyword">
			<Param Name="value">سیاهپوستان</Param>
			</Object>
		</ObjectList>
<ArchiveCopySource DocType="pdf">https://jor.ut.ac.ir/article_23664_35579a4cda55a1aa2dbbea107f3cf369.pdf</ArchiveCopySource>
</Article>
</ArticleSet>
