<?xml version="1.0" encoding="UTF-8"?>
<!DOCTYPE ArticleSet PUBLIC "-//NLM//DTD PubMed 2.7//EN" "https://dtd.nlm.nih.gov/ncbi/pubmed/in/PubMed.dtd">
<ArticleSet>
<Article>
<Journal>
				<PublisherName>دانشگاه تهران</PublisherName>
				<JournalTitle>پژوهش ادبیات معاصر جهان</JournalTitle>
				<Issn>2588-4131</Issn>
				<Volume>7</Volume>
				<Issue>12</Issue>
				<PubDate PubStatus="epublish">
					<Year>2002</Year>
					<Month>03</Month>
					<Day>21</Day>
				</PubDate>
			</Journal>
<ArticleTitle>-</ArticleTitle>
<VernacularTitle>بررسی تأثیر سفر بر ادبیات داستانی فرانسه در قرن هجدهم میلادی</VernacularTitle>
			<FirstPage></FirstPage>
			<LastPage></LastPage>
			<ELocationID EIdType="pii">12286</ELocationID>
			
			
			<Language>FA</Language>
<AuthorList>
<Author>
					<FirstName>فریده</FirstName>
					<LastName>علوى</LastName>
<Affiliation></Affiliation>

</Author>
</AuthorList>
				<PublicationType>Journal Article</PublicationType>
			<History>
				<PubDate PubStatus="received">
					<Year>1970</Year>
					<Month>01</Month>
					<Day>01</Day>
				</PubDate>
			</History>
		<Abstract>By having a glance at the French history and literature, it can be found out that the eighteenth century human beings were laden with eagerness for journey, discovery, adventurism, traveling and exploring the unknown and far horizons and lands. This eagerness gave rise to the widespread publication of travel accounts which were all the result of experiences from all European societies. It is all obvious that fiction is a very appropriate ground for the illustration of trip in the development of the modern economic geography, and has been an impetus in creating increasing changes in the culture and civilization of countries. Investigating the most important novels of the eighteenth century, this article examines the mutual effects of traveling and fiction in Europe and especially in France, a literature which encourages a lot of readers to travel and to seek adventures by combining reality and imagination and creating new myths, while at the same time undergoing a change in this direction.</Abstract>
			<OtherAbstract Language="FA">با نگاهی بر تاریخ و ادبیات فرانسه می توان دریافت که انسان قرن هجدهم میلادی سرشار از شوق گردشگری، اکتشاف، ماجراجویی سفر و بالاخره جستجو در ناشناخته ها و سرزمین ها و افق های دوردست بوده است. همین امر موجب شد تا دامنهء انتشار سفرنامه ها و مجموعه آثار حاصل از تجربیات و مشاهدات سفر در سطح جوامع اروپایی گسترش یابد. بدیهی است ادبیات داستانی بستر بسیار مناسبی برای به تصویرکشیدن تأثیر پدیدهء سفر در توسعهء جغرافیای نوین اقتصادی و ایجاد تغییرات روبه افزایش در فرهنگ و تمدن کشورها بوده است.
این مقاله با پژوهش در مهم ترین رمان های قرن هجدهم میلادی، به بررسی تأثیر متقابل سفر بر ادبیات داستانی این قرن در اروپا و به خصوص در کشور فرانسه می پردازد، ادبیاتی که با به هم آمیختن واقعیت و تخیل و خلق اسطوره های جدید میدان وسیعی به شوق سفر و ماجراجویی می دهد و خود نیز در این راستا متحول می گردد.</OtherAbstract>
		<ObjectList>
			<Object Type="keyword">
			<Param Name="value">ادبیات داستانی</Param>
			</Object>
			<Object Type="keyword">
			<Param Name="value">اسطوره های جدید</Param>
			</Object>
			<Object Type="keyword">
			<Param Name="value">رمان فرانسه</Param>
			</Object>
			<Object Type="keyword">
			<Param Name="value">سفر</Param>
			</Object>
			<Object Type="keyword">
			<Param Name="value">قرن هجدهم</Param>
			</Object>
		</ObjectList>
<ArchiveCopySource DocType="pdf">https://jor.ut.ac.ir/article_12286_d9738c78e8cfcbb2afa5151da3a24d15.pdf</ArchiveCopySource>
</Article>
</ArticleSet>
