<?xml version="1.0" encoding="UTF-8"?>
<!DOCTYPE ArticleSet PUBLIC "-//NLM//DTD PubMed 2.7//EN" "https://dtd.nlm.nih.gov/ncbi/pubmed/in/PubMed.dtd">
<ArticleSet>
<Article>
<Journal>
				<PublisherName>دانشگاه تهران</PublisherName>
				<JournalTitle>پژوهش ادبیات معاصر جهان</JournalTitle>
				<Issn>2588-4131</Issn>
				<Volume>19</Volume>
				<Issue>1</Issue>
				<PubDate PubStatus="epublish">
					<Year>2014</Year>
					<Month>09</Month>
					<Day>23</Day>
				</PubDate>
			</Journal>
<ArticleTitle>A Comparative Study of Two Short Stories: &quot;Unique Flower&quot; by Mansour Yaghouti and &quot;Gloom&quot; by Chekhov</ArticleTitle>
<VernacularTitle>بررسی تطبیقی داستان کوتاه «گل خاص» از منصور یاقوتی و «دلتنگی» از چخوف</VernacularTitle>
			<FirstPage>87</FirstPage>
			<LastPage>102</LastPage>
			<ELocationID EIdType="pii">52052</ELocationID>
			
<ELocationID EIdType="doi">10.22059/jor.2014.52052</ELocationID>
			
			<Language>FA</Language>
<AuthorList>
</AuthorList>
				<PublicationType>Journal Article</PublicationType>
			<History>
				<PubDate PubStatus="received">
					<Year>2013</Year>
					<Month>12</Month>
					<Day>07</Day>
				</PubDate>
			</History>
		<Abstract>&lt;span style=&quot;font-family: &#039;Times New Roman&#039;,&#039;serif&#039;; font-size: 10pt; mso-fareast-font-family: &#039;Times New Roman&#039;; mso-ansi-language: EN-US; mso-fareast-language: EN-US; mso-bidi-language: FA; mso-no-proof: yes; mso-bidi-font-family: &#039;Traditional Arabic&#039;;&quot;&gt;At the beginning of the twentieth century, due to various&lt;br /&gt;reasons, Iranian fiction was influenced by the works of the world&#039;s great&lt;br /&gt;writers. In this process, Russian writers had the major contribution. Among&lt;br /&gt;Russian writers, Chekhov&#039;s works received the major attention and were&lt;br /&gt;translated into Persian. Many studies have been conducted to assess how this&lt;br /&gt;famous writer has influenced some of the great contemporary Iranian novelists.&lt;br /&gt;Mansour Yaghouti is among the writers who seems to have been influenced by&lt;br /&gt;Chekhov while writing one of his fictions entitled &quot;Unique flower&quot;.&lt;br /&gt;Seemingly, he followed and modeled the structure and content of some short&lt;br /&gt;stories by Chekhov entitled &quot;Sorrow&quot;, &quot;The Lament&quot;, and&lt;br /&gt;&quot;The Gloom&quot; which have been translated into Persian and published&lt;br /&gt;several times in Iran. The numerous similarities between these two stories in&lt;br /&gt;terms of structure and content brings this question into mind that, had&lt;br /&gt;Yaghouti been under the influence of Chekhov when writing his fiction? This&lt;br /&gt;study aims to answer this question through comparing and analysing the&lt;br /&gt;similarities between the two stories from various aspects.&lt;/span&gt;</Abstract>
			<OtherAbstract Language="FA">&lt;span style=&quot;font-family: &#039;Traditional Arabic&#039;,&#039;serif&#039;; font-size: 10pt; mso-ascii-font-family: &#039;Times New Roman&#039;; mso-fareast-font-family: &#039;Times New Roman&#039;; mso-hansi-font-family: &#039;Times New Roman&#039;; mso-ansi-language: EN-US; mso-fareast-language: EN-US; mso-bidi-language: FA; mso-no-proof: yes; mso-font-width: 96%;&quot; lang=&quot;FA&quot; dir=&quot;RTL&quot;&gt;ادبیات داستانی معاصر ایران در آغاز قرن بیستم،&lt;br /&gt;به دلایل بسیاری تحت تأثیر آثار نویسندگان بزرگ جهان قرارگرفت. در این تأثیرپذیری،&lt;br /&gt;نویسندگان روسی سهم عمده‌ای دارند. از میان نویسندگان روسی، بیش از همه، آثار چخوف&lt;br /&gt;که به زبان فارسی ترجمه شده‌اند، مورد توجه قرار گرفته‌اند. تأثیر این نویسندة&lt;br /&gt;مشهور روسی بر برخی از داستان‌نویسان بزرگ معاصر، موضوع پژوهش‌های زیادی در این زمینه&lt;br /&gt;شده است. منصور یاقوتی از جمله داستان‌نویسانی است که به‌نظر می‌رسد در نگارش یکی&lt;br /&gt;از داستان‌های خود با عنوان «گل خاص»، ساختار و مضمون داستان کوتاهی از چخوف را که&lt;br /&gt;با عناوین «اندوه»، «سوگواری» و «دلتنگی» بارها در ایران ترجمه شده، مورد نظر قرار&lt;br /&gt;داده و از آن الگوپذیری داشته است. وجود تشابهات بسیار در این دو داستان، هم از&lt;br /&gt;نظر ساختار و هم از لحاظ مضمون و محتوا، این پرسش را در ذهن ایجاد می‌کند که آیا یاقوتی&lt;br /&gt;در نگارش داستان خود تحت تأثیر چخوف بوده‌است؟ غایت این پژوهش، پاسخ به این پرسش&lt;br /&gt;با استفاده از روش مقایسه و تجزیه و تحلیل و ارائة مشترکات دو داستان از جهات مختلف&lt;br /&gt;است.&lt;/span&gt;</OtherAbstract>
		<ObjectList>
			<Object Type="keyword">
			<Param Name="value">اقتباس</Param>
			</Object>
			<Object Type="keyword">
			<Param Name="value">مشترکات</Param>
			</Object>
			<Object Type="keyword">
			<Param Name="value">تأثیر و تأثر</Param>
			</Object>
			<Object Type="keyword">
			<Param Name="value">داستان کوتاه</Param>
			</Object>
			<Object Type="keyword">
			<Param Name="value">چخوف</Param>
			</Object>
			<Object Type="keyword">
			<Param Name="value">یاقوتی</Param>
			</Object>
		</ObjectList>
<ArchiveCopySource DocType="pdf">https://jor.ut.ac.ir/article_52052_2b8af7e96333b6458f4ba144b5b48e85.pdf</ArchiveCopySource>
</Article>
</ArticleSet>
