<?xml version="1.0" encoding="UTF-8"?>
<!DOCTYPE ArticleSet PUBLIC "-//NLM//DTD PubMed 2.7//EN" "https://dtd.nlm.nih.gov/ncbi/pubmed/in/PubMed.dtd">
<ArticleSet>
<Article>
<Journal>
				<PublisherName>دانشگاه تهران</PublisherName>
				<JournalTitle>پژوهش ادبیات معاصر جهان</JournalTitle>
				<Issn>2588-4131</Issn>
				<Volume>14</Volume>
				<Issue>51</Issue>
				<PubDate PubStatus="epublish">
					<Year>2009</Year>
					<Month>03</Month>
					<Day>21</Day>
				</PubDate>
			</Journal>
<ArticleTitle>The Role of a Spiritual Guide in the View of Shams al-din Hafez-e Shirazi and Nikolay Gomilov</ArticleTitle>
<VernacularTitle>پیر از دیدگاه شمس‌الدین محمد حافظ شیرازی و نیکالای گومیلیوف</VernacularTitle>
			<FirstPage></FirstPage>
			<LastPage></LastPage>
			<ELocationID EIdType="pii">19538</ELocationID>
			
			
			<Language>FA</Language>
<AuthorList>
<Author>
					<FirstName>مرضیه</FirstName>
					<LastName>یحیی پور</LastName>
<Affiliation>دانشگاه تهران</Affiliation>

</Author>
<Author>
					<FirstName>فرشته</FirstName>
					<LastName>مشهدی رفیع</LastName>
<Affiliation>دانشگاه تهران</Affiliation>

</Author>
</AuthorList>
				<PublicationType>Journal Article</PublicationType>
			<History>
				<PubDate PubStatus="received">
					<Year>1970</Year>
					<Month>01</Month>
					<Day>01</Day>
				</PubDate>
			</History>
		<Abstract></Abstract>
			<OtherAbstract Language="FA">انتخاب پیر، برای پیمودن طریق معرفت و دست‌یابی به اسرار الهی، از مسایل اساسی در عرفان و صوفیه به‌حساب می‌آید. از نظر اهل صوفیه سیر و سلوک در مسیر پر فراز و نشیب بدون بهره‌گیری از وجود پیری که خود به مرحلة کمال در طریقت رسیده، امکان‌پذیر نیست. در مقاله سعی شده است به بررسی موضوع پیر از دید عارفان، حافظ شیرازی و گومیلیوف شاعر روس که متأثر از تصوف شرقی است و همچنین به دلایل تأثیرپذیری گومیلیوف از حافظ شیرازی در پذیرش پیر پرداخته شود.   شمس‌الدین محمد حافظ شیرازی وجود پیر را برای حل معضلات اسرار آفرینش و تهذیب نفس و همچنین رسیدن به معرفت حق تعالی ضروری می‌داند، گرچه پیر خاصی را در اشعار خود معرفی   نمی‌کند. گومیلیوف برای خلق نمایشنامة منظوم «فرزند خدا» از موتیوهای شرقی کمک گرفته است و تحت‌تأثیر تعالیم تصوف اسلامی و نیز اندیشه‌های حافظ، به موضوع پیر و اهمیت آن برای رسیدن به کمال پرداخته است. با بررسی نمایشنامة «فرزند خدا»، به این مطلب پی می‌بریم که گومیلیوف دربارة پیر نقطه‌نظرات مشابهی با اهل تصوف و حافظ دارد. پیر گومیلیوف صاحب «حکمت» و عالم به «اسرار هفت آسمان و عناصر اربعه» از جانب خداوند، برای هدایت سالکان است.</OtherAbstract>
		<ObjectList>
			<Object Type="keyword">
			<Param Name="value">پیر</Param>
			</Object>
			<Object Type="keyword">
			<Param Name="value">درویش</Param>
			</Object>
			<Object Type="keyword">
			<Param Name="value">سالک</Param>
			</Object>
			<Object Type="keyword">
			<Param Name="value">سیر و سلوک</Param>
			</Object>
			<Object Type="keyword">
			<Param Name="value">صوفیه</Param>
			</Object>
		</ObjectList>
<ArchiveCopySource DocType="pdf">https://jor.ut.ac.ir/article_19538_d8f2d900ceb35dc188aa3f4e59fddcb2.pdf</ArchiveCopySource>
</Article>
</ArticleSet>
