<?xml version="1.0" encoding="UTF-8"?>
<!DOCTYPE ArticleSet PUBLIC "-//NLM//DTD PubMed 2.7//EN" "https://dtd.nlm.nih.gov/ncbi/pubmed/in/PubMed.dtd">
<ArticleSet>
<Article>
<Journal>
				<PublisherName>دانشگاه تهران</PublisherName>
				<JournalTitle>پژوهش ادبیات معاصر جهان</JournalTitle>
				<Issn>2588-4131</Issn>
				<Volume>22</Volume>
				<Issue>1</Issue>
				<PubDate PubStatus="epublish">
					<Year>2017</Year>
					<Month>03</Month>
					<Day>21</Day>
				</PubDate>
			</Journal>
<ArticleTitle>The application of Riffaterre&#039;s semiotic model in the reading of poetry</ArticleTitle>
<VernacularTitle>کاربست الگوی نشانه‌شناختی ریفاتر در خوانش شعر</VernacularTitle>
			<FirstPage>33</FirstPage>
			<LastPage>58</LastPage>
			<ELocationID EIdType="pii">62704</ELocationID>
			
<ELocationID EIdType="doi">10.22059/jor.2017.62704</ELocationID>
			
			<Language>FA</Language>
<AuthorList>
<Author>
					<FirstName>مسعود</FirstName>
					<LastName>آلگونه جونقانی</LastName>
<Affiliation>عضو عیات علمی دانشگاه اصفهان</Affiliation>

</Author>
</AuthorList>
				<PublicationType>Journal Article</PublicationType>
			<History>
				<PubDate PubStatus="received">
					<Year>2016</Year>
					<Month>01</Month>
					<Day>27</Day>
				</PubDate>
			</History>
		<Abstract>One of researchers in the semiotics of poetry is ‎Riffaterre. Developing his structuralist ideas, Riffaterre devoted his later career to the reception theory and is known as a ‎hermeneutic structuralist. Using Riffaterre&#039;s model in reading poetry, ‎illuminates important notes about the creation of poetic texts as well as its recreation by the ‎reader. Hence, this article is based on a reading of poem by Shamloo. Analysis of ‎this poem indicates that it is a result of an expansion of a matrix and its ‎significance is consequently dependent on this matrix. This matrix, which signifies the ‎transference of human being from this world to the other world, is firstly divided into three ‎distinct topics, i.e. transference, this world, and the other world. Each topic is then expanded ‎through such techniques as accumulation, descriptive systems, and textual space. This ‎research, also, reveals that poetry, in the process of reading, transcends from a mimetic level ‎to a semiotic level where the significance of the poem could be ‎understood. ‎</Abstract>
			<OtherAbstract Language="FA">&lt;strong&gt;چکیده&lt;/strong&gt;
یکی از پژوهش‌های بنیادی در حوزۀ نشانه‌شناسی شعر به مایکل ریفاتر (1924-2006) تعلق دارد. ریفاتر در مکتبِ ساختارگرایی پرورش یافته و در نهایت به نظریۀ دریافت گرایش پیدا کرده است. به همین دلیل، وی در زمرۀ ساختارگرایانِ هرمنوتیک قرار می‌گیرد. به کار‌گیری الگوی نشانه‌شناختی ریفاتر در بازخوانی آثار ادبی، به ویژه شعر، نکات مهمی را دربارۀ آفرینشِ اثر و همچنین بازآفرینیِ آن از سوی خواننده روشن می‌کند. بنابراین، در پژوهش حاضر، به طورِ موردی، شعرِ «در آستانۀ»‌ احمد شاملو بر اساس این الگو بررسی است. تحلیل این شعر نشان می‌دهد «در آستانه» محصولِ بسطِ ماتریس واحدی است که دلالتمندی شعر بدآن وابسته است. این ماتریس که حاکی از «انتقال از این جهان به جهانی دیگر» است، نخست به سه موضوع مستقل، یعنی انتقال، جهانِ هستی و جهانِ دیگر تفکیک شده است. هر یک از این موضوع‌ها، خود، از طریق تکنیک‌هایی چون انباشت، منظومۀ توصیفی، یا فضای متنی بسط یافته‌اند. این پژوهش همچنین نشان می‌دهد که شعر در روندِ خوانش از سطحِ محاکاتی بر می‌گذرد و به سطحی بالاتر، یعنی سطحِ نشانه‌شناختی، می‌رود؛ تنها در این سطح است که می‌توان وحدتِ شعر و دلالتمندی آن را بازجست.</OtherAbstract>
		<ObjectList>
			<Object Type="keyword">
			<Param Name="value">کلید‌واژه‌ها: نشانه‌شناسی شعر</Param>
			</Object>
			<Object Type="keyword">
			<Param Name="value">ماتریس</Param>
			</Object>
			<Object Type="keyword">
			<Param Name="value">انباشت</Param>
			</Object>
			<Object Type="keyword">
			<Param Name="value">منظومۀ توصیفی</Param>
			</Object>
			<Object Type="keyword">
			<Param Name="value">فضای متنی</Param>
			</Object>
			<Object Type="keyword">
			<Param Name="value">سطحِ محاکاتی</Param>
			</Object>
		</ObjectList>
<ArchiveCopySource DocType="pdf">https://jor.ut.ac.ir/article_62704_19f803ce843a29c47153b07465b7681d.pdf</ArchiveCopySource>
</Article>
</ArticleSet>
