<?xml version="1.0" encoding="UTF-8"?>
<!DOCTYPE ArticleSet PUBLIC "-//NLM//DTD PubMed 2.7//EN" "https://dtd.nlm.nih.gov/ncbi/pubmed/in/PubMed.dtd">
<ArticleSet>
<Article>
<Journal>
				<PublisherName>دانشگاه تهران</PublisherName>
				<JournalTitle>پژوهش ادبیات معاصر جهان</JournalTitle>
				<Issn>2588-4131</Issn>
				<Volume>14</Volume>
				<Issue>55</Issue>
				<PubDate PubStatus="epublish">
					<Year>2009</Year>
					<Month>12</Month>
					<Day>22</Day>
				</PubDate>
			</Journal>
<ArticleTitle>Comparative Study of  Rostam and Sohrab with Similar Stories From World Mythology</ArticleTitle>
<VernacularTitle>بررسی تطبیقی داستان رستم و سهراب با برخی موارد مشابه
در اساطیر جهان</VernacularTitle>
			<FirstPage></FirstPage>
			<LastPage></LastPage>
			<ELocationID EIdType="pii">20490</ELocationID>
			
			
			<Language>FA</Language>
<AuthorList>
<Author>
					<FirstName>محمود</FirstName>
					<LastName>کمالی</LastName>
<Affiliation>دانشگاه پیام نور فارس</Affiliation>

</Author>
</AuthorList>
				<PublicationType>Journal Article</PublicationType>
			<History>
				<PubDate PubStatus="received">
					<Year>1970</Year>
					<Month>01</Month>
					<Day>01</Day>
				</PubDate>
			</History>
		<Abstract>In carrying out research in Mythology and literary works in the world, we see some works in which the subject matter is a combat between close relatives; especially father and son. These stories are in different forms like myth, tragedy, epic, fiction and religious narratives but they are close together in structure and basic plot and have special features peculiar to them. But, what&#039;s the root of these kind of adventures? In what kind of societies, does it happen. Is it in a single nation merely? Do societies and their customs, traditions, and opinions have a role in the emergence of such Stories? What are the differences and similarities between similar works in different cultures to Rostam and Sohrab? This research tries to answer this question by analysis and scrutiny of some samples of these stories with regard to parental separation and refusal to disclose their names.</Abstract>
			<OtherAbstract Language="FA">در بررسی اساطیر و آثار ادبی جهان، به نمونه‌هایی بر می‌خوریم که مضمون آنها نبرد بین خویشاوندان نزدیک و به‌ ویژه پدر و پسر است. این داستان‌ها به شکل‌های مختلف، از جمله اسطوره، تراژدی، حماسه، افسانه و روایات مذهبی دیده می‌شوند، ولی از نظر ساختار و طرح کلی به یکدیگر نزدیکند و در برابر ژانرهای دیگر ویژگی‌های خاص خود را دارند. اما ریشة این نوع حوادث در چیست؟ در چه نوع جوامعی رخ می‌دهد؟ آیا تنها به یک قوم و ملت مربوط و محدودند؟ آیا نوع جوامع و رسم و سنت‌ها و اعتقادات متداول آنها در به وجود آمدن چنین داستان‌هایی نقش دارد؟ چه تفاوت‌ها و شباهت‌هایی در طرح داستان‌هایی با این مضمون با داستان رستم و سهراب وجود دارد؟‌ این پژوهش می‌کوشد با تحلیل و بررسی چند نمونه از این نوع داستان‌ها و توجه به نکاتی همچون دوری از پدر و مادرسالاری و خودداری از بیان نام، در حد امکان به این پرسش‌ها پاسخ دهد.</OtherAbstract>
		<ObjectList>
			<Object Type="keyword">
			<Param Name="value">بیان نام</Param>
			</Object>
			<Object Type="keyword">
			<Param Name="value">پدرکشی</Param>
			</Object>
			<Object Type="keyword">
			<Param Name="value">پسرکشی</Param>
			</Object>
			<Object Type="keyword">
			<Param Name="value">رستم و سهراب</Param>
			</Object>
			<Object Type="keyword">
			<Param Name="value">مادرسالاری</Param>
			</Object>
		</ObjectList>
<ArchiveCopySource DocType="pdf">https://jor.ut.ac.ir/article_20490_01e63a189a7e06753232f336171a6b93.pdf</ArchiveCopySource>
</Article>
</ArticleSet>
