<?xml version="1.0" encoding="UTF-8"?>
<!DOCTYPE ArticleSet PUBLIC "-//NLM//DTD PubMed 2.7//EN" "https://dtd.nlm.nih.gov/ncbi/pubmed/in/PubMed.dtd">
<ArticleSet>
<Article>
<Journal>
				<PublisherName>دانشگاه تهران</PublisherName>
				<JournalTitle>پژوهش ادبیات معاصر جهان</JournalTitle>
				<Issn>2588-4131</Issn>
				<Volume>14</Volume>
				<Issue>51</Issue>
				<PubDate PubStatus="epublish">
					<Year>2009</Year>
					<Month>03</Month>
					<Day>21</Day>
				</PubDate>
			</Journal>
<ArticleTitle>Research on Waiting for Godot and Endgame</ArticleTitle>
<VernacularTitle>پژوهشی پیرامون دو نمایشنامة در انتظار گودو و پایان بازی</VernacularTitle>
			<FirstPage></FirstPage>
			<LastPage></LastPage>
			<ELocationID EIdType="pii">19531</ELocationID>
			
			
			<Language>FA</Language>
<AuthorList>
<Author>
					<FirstName>ابوالقاسم</FirstName>
					<LastName>پرتوی</LastName>
<Affiliation>دانشگاه فردوسی مشهد</Affiliation>

</Author>
<Author>
					<FirstName>مروارید</FirstName>
					<LastName>رهبری</LastName>
<Affiliation>دانشگاه فردوسی مشهد</Affiliation>

</Author>
</AuthorList>
				<PublicationType>Journal Article</PublicationType>
			<History>
				<PubDate PubStatus="received">
					<Year>1970</Year>
					<Month>01</Month>
					<Day>01</Day>
				</PubDate>
			</History>
		<Abstract>Twentieth century French Theatre has strongly been affected by World Wars I and II, obviously resulting in a change of existing dramatic principles. Samuel Beckett well known innovator in the field of the Avant-garde, probed the theatre with a naked form and far from conventional regulations and dramatic arrangements. Beckett&#039;s Theatre is known as the beginning of the new method in writing style, personification and final outcome in dramatic art. Beckett&#039;s Theatre belongs to the group of philosophical theatre that shows the calamity and misfortune of man who exists in a world devoid of meaning in which ancient values and meaningful relations have disappeared. Surely Beckett - who is one of the messengers of decadence in our age- in addition to exposing lack of humanity in human relations, by a specific shrewdness searches in human society for a meaningful foundation. Beckett tries to show the problems of contemporary man, an individual who tries to search for his place and to adapt himself to conditions. This research is an opportunity to familiarize us further with Beckett&#039;s world which is full of ambiguities and shocking matters.</Abstract>
			<OtherAbstract Language="FA">تئاتر قرن بیستم فرانسه، متأثر از دو جنگ جهانی اوّل و دوم، دستخوش تحولاتی شد که بارزترین آن به کنار نهادن و دگرگون کردن اصول نمایشی مرسوم تا به آن زمان بوده است. ساموئل بکت (Samuel Beckett) که بی‌شک از نام‌آوران و مبتکران عرصه تئاترآوانگارد است، در جستجوی تئاتری با قالبی عریان و به دور از قراردادهای نمایشی و مقررات صحنه است. تئاتر بکت را می‌توان مقطع و سرآغاز شیوه نوینی در سبک نوشتاری، شخصیت‌پردازی و گره‌گشایی نهایی در نمایش به شمار آورد. تئاتر بکت که در زمرة تئاتر فلسفی جای می‌گیرد، فلاکت و نگون‌بختی انسان گرفتار در دنیایی پوچ را نشان می‌دهد که با فروپاشی ارزش‌های دیرینه و امکان‌ناپذیر شدن هم کنشی معنادار بین انسان‌ها معنای زندگی در آن رنگ باخته است. بی‌گمان بکت- که یکی از پیام‌آوران انحطاط در عصر حاضر است- با زیرکی خاصی با بر ملا کردن روابط غیر انسانی و حیات معنا باخته آدمیان خود در جستجوی جامعه‌ای انسانی با شالوده‌های معنادار است. بکت سعی دارد مشکلات انسان معاصر را به تصویر بکشد؛ انسانی که می‌کوشد جایگاه خود را در این جهان پیدا و خود را با شرایط آن سازگار کند. این جستار فرصتی است تا بیش از پیش با جهان تئاتری بکت که سرشار از ایهام و مضامینی تکان دهنده است، آشنا شویم.</OtherAbstract>
		<ObjectList>
			<Object Type="keyword">
			<Param Name="value">انسان معاصر</Param>
			</Object>
			<Object Type="keyword">
			<Param Name="value">بکت</Param>
			</Object>
			<Object Type="keyword">
			<Param Name="value">پایان بازی</Param>
			</Object>
			<Object Type="keyword">
			<Param Name="value">تئاتر معاصر</Param>
			</Object>
			<Object Type="keyword">
			<Param Name="value">در انتظار گودو</Param>
			</Object>
			<Object Type="keyword">
			<Param Name="value">نمایش</Param>
			</Object>
		</ObjectList>
<ArchiveCopySource DocType="pdf">https://jor.ut.ac.ir/article_19531_bc4c33b207ca9cd57d503e7b2d527d52.pdf</ArchiveCopySource>
</Article>
</ArticleSet>
