<?xml version="1.0" encoding="UTF-8"?>
<!DOCTYPE ArticleSet PUBLIC "-//NLM//DTD PubMed 2.7//EN" "https://dtd.nlm.nih.gov/ncbi/pubmed/in/PubMed.dtd">
<ArticleSet>
<Article>
<Journal>
				<PublisherName>دانشگاه تهران</PublisherName>
				<JournalTitle>پژوهش ادبیات معاصر جهان</JournalTitle>
				<Issn>2588-4131</Issn>
				<Volume>23</Volume>
				<Issue>1</Issue>
				<PubDate PubStatus="epublish">
					<Year>2018</Year>
					<Month>03</Month>
					<Day>21</Day>
				</PubDate>
			</Journal>
<ArticleTitle>Mathematical puzzle-like story of the history of Herodotus
(Relying on the theory of Tzvtan Todorov)</ArticleTitle>
<VernacularTitle>معمای ریاضی وار داستانی از تاریخ هرودوت (با تکیه بر نظریۀ تزوتان تودوروف)</VernacularTitle>
			<FirstPage>83</FirstPage>
			<LastPage>102</LastPage>
			<ELocationID EIdType="pii">67530</ELocationID>
			
<ELocationID EIdType="doi">10.22059/jor.2017.124352.1203</ELocationID>
			
			<Language>FA</Language>
<AuthorList>
<Author>
					<FirstName>سید علی</FirstName>
					<LastName>قاسم زاده</LastName>
<Affiliation>دانشیار</Affiliation>

</Author>
<Author>
					<FirstName>فضل الله</FirstName>
					<LastName>خدادادی</LastName>
<Affiliation>دانشجو</Affiliation>

</Author>
</AuthorList>
				<PublicationType>Journal Article</PublicationType>
			<History>
				<PubDate PubStatus="received">
					<Year>2015</Year>
					<Month>05</Month>
					<Day>20</Day>
				</PubDate>
			</History>
		<Abstract>Tarykhchh‌Ay detective story full of ups and downs, so that each ethnic Flklvrhay, detective stories of their own, but the subtle point that we have raised in this study, according to John SCSI implication that there is a first novel policing the world, known as the &quot;mystery room&quot; was on Herodotus. In this study, the theory Tzvtan Tvdvrvrf considered as the basis for research on the relationship between structure and plan the next step to prove Adayman similar to the story, &quot;King Rampsytynvs and thieves&quot; in the history of Herodotus to the example of the modern detective story by poo in comparison Adgaraln made. The results show that although the story &quot;Rampsynytvs and thieves&quot; in the history of Herodotus, according to &quot;life-SCSI&quot; first &quot;mystery Drbstە room of the world&quot; are presented, in terms of structural overlaps perfectly with the theory Tzvtan Todorov. Also in the narrative genre grammar police, four current narrative that makes up the suspense narrative.</Abstract>
			<OtherAbstract Language="FA">داستان کارآگاهی تاریخچه ای پرفراز و نشیب دارد، به‌طوری که هر یک از فولکلورهای قومی، قصه‌های کارآگاهی خاص خود را دارند، اما نکتۀ ظریفی که ما را به انجام این پژوهش برانگیخت استناد به اشارۀ جان اسکاز مبنی بر وجود اولین رمان پلیسی جهان، معروف به «معمای اتاق دربسته» در تاریخ هرودوت بود. در این پژوهش، نظریۀ تزوتان تودوروف را پایۀ نظری پژوهش در نظر گرفتیم و در گام بعدی برای اثبات ادعایمان ارتباط ساختاری و طرح مشابه در داستان «پادشاه رامپسینیتوس و دزد» در تاریخ هرودوت را با نمونه‌ای‌ از داستان پلیسی معاصر نوشتۀ ادگار آلن‌پو در مقام مقایسه قرار دادیم. نتایج پژوهش حاضر نشان می دهد که اگرچه داستان «رامپسینیتوس و دزد» در تاریخ هرودوت بنا بر نظر «جان -اسکاز» اولین «معمای اتاق دربستۀ جهان» معرفی‌شده، از نظر ساختاری کاملاً با نظریۀ تزوتان تودوروف همپوشانی دارد. همچنین در دستور زبان روایی ژانر پلیسی، چهار فعل روایتی وجود دارد که اساس تعلیق روایت را تشکیل می‌دهد.</OtherAbstract>
		<ObjectList>
			<Object Type="keyword">
			<Param Name="value">رمان پلیسی</Param>
			</Object>
			<Object Type="keyword">
			<Param Name="value">تزوتان تودوروف</Param>
			</Object>
			<Object Type="keyword">
			<Param Name="value">پیرنگ</Param>
			</Object>
			<Object Type="keyword">
			<Param Name="value">هرودوت</Param>
			</Object>
			<Object Type="keyword">
			<Param Name="value">ادگارآلن پو</Param>
			</Object>
		</ObjectList>
<ArchiveCopySource DocType="pdf">https://jor.ut.ac.ir/article_67530_8b6a960ca3dafa78f42b9cb8c69896d3.pdf</ArchiveCopySource>
</Article>
</ArticleSet>
