<?xml version="1.0" encoding="UTF-8"?>
<!DOCTYPE ArticleSet PUBLIC "-//NLM//DTD PubMed 2.7//EN" "https://dtd.nlm.nih.gov/ncbi/pubmed/in/PubMed.dtd">
<ArticleSet>
<Article>
<Journal>
				<PublisherName>دانشگاه تهران</PublisherName>
				<JournalTitle>پژوهش ادبیات معاصر جهان</JournalTitle>
				<Issn>2588-4131</Issn>
				<Volume>14</Volume>
				<Issue>56</Issue>
				<PubDate PubStatus="epublish">
					<Year>2010</Year>
					<Month>02</Month>
					<Day>20</Day>
				</PubDate>
			</Journal>
<ArticleTitle>The Long-Term Effect of Selective Written Grammar Feedback on EFL Learners&#039; Acquisition of Articles</ArticleTitle>
<VernacularTitle>بازخورد دستوری نوشتاری گزینشی و تأثیردراز مدت آن بر فراگیری حروف تعریف انگلیسی</VernacularTitle>
			<FirstPage></FirstPage>
			<LastPage></LastPage>
			<ELocationID EIdType="pii">20556</ELocationID>
			
			
			<Language>FA</Language>
<AuthorList>
<Author>
					<FirstName>احسن</FirstName>
					<LastName>پاشازاده</LastName>
<Affiliation>دانشگاه تهران</Affiliation>

</Author>
<Author>
					<FirstName>حمیده</FirstName>
					<LastName>معرفت</LastName>
<Affiliation>دانشگاه تهران</Affiliation>

</Author>
</AuthorList>
				<PublicationType>Journal Article</PublicationType>
			<History>
				<PubDate PubStatus="received">
					<Year>1970</Year>
					<Month>01</Month>
					<Day>01</Day>
				</PubDate>
			</History>
		<Abstract>The long-term efficacy of written grammar feedback (WGF) has escaped rigorous empirical investigation, partly due to its strong intuitive appeal. The few studies that have investigated the long-term effect of grammar correction have failed to find any positive long-term effects for WGF (Truscott, 2007). Nevertheless, a number of recent studies have reported a positive effect for WGF. The present study investigated the long-term effect of selective grammar feedback on a reasonably complex feature of the English grammar, attempting to shed some light on the factors that may explain the conflicting results of previous studies. A group of low intermediate EFL learners (N = 22) participated in this study. They received WGF on the use of articles and a limited number of various other grammatical categories. The results showed that selective WGF can produce large short-term gains for functionally complex grammatical features, but that it may prove to be detrimental in the long run. The study also found that learners tend to avoid the grammatical feature on which they have received corrective feedback. The theoretical and practical implications are discussed.</Abstract>
			<OtherAbstract Language="FA">تأثیر دراز مدت بازخورد دستوری نوشتاری مورد مطالعة تجربی دقیق قرار نگرفته است و قسمتی از این مسئله به جاذبة شهودی این نوع بازخورد برمی‌گردد. تحقیقات معدودی که در زمینة بازخورد دستوری نوشتاری انجام گرفته‌اند، تأثیر مثبتی برای این نوع بازخورد پیدا نکرده‌اند (تراسکات، 2007). با این وجود، تعدادی از تحقیقات اخیر تأثیر مثبتی برای بازخورد دستوری گزارش کرده‌اند. تحقیق حاضر تلاشی است در جهت بررسی تأثیر دراز مدت بازخورد نوشتاری دستوری بر یک نکته نسبتاً پیچیده‌ای از دستور زبان انگلیسی (حروف تعریف) و نیز توضیح عوامل تأثیرگزار در نتایج متناقض تحقیقات گذشته. 22 زبان‌آموز در سطح متوسط از یک مؤسسه آموزش زبان در این تحقیق شرکت کردند. بازخورد دستوری نوشتاری در مورد حروف تعریف انگلیسی و تعداد محدودی از اشتباهات مختلف دستوری به این زبان‌آموزان ارائه شد. نتایج نشان می‌دهد که بازخورد دستوری گزینشی     می‌تواند تأثیر کوتاه مدت زیادی بر این نکته پیچیده داشته باشد، ولی ممکن است این نوع بازخورد تأثیر منفی‌ای در دراز مدت داشته باشد. نتایج همچنین نشان می‌دهد که فراگیران پس از دریافت بازخورد تصحیحی از به کارگیری نکات تصحیح شده اجتناب می‌کنند. اهمیت عملی و نظری این نتایج نیز مورد بررسی قرار گرفته است.</OtherAbstract>
		<ObjectList>
			<Object Type="keyword">
			<Param Name="value">یادگیری اجزاء زبان</Param>
			</Object>
			<Object Type="keyword">
			<Param Name="value">یادگیری نظام زبان</Param>
			</Object>
			<Object Type="keyword">
			<Param Name="value">بازخورد دستوری</Param>
			</Object>
			<Object Type="keyword">
			<Param Name="value">حروف تعریف</Param>
			</Object>
			<Object Type="keyword">
			<Param Name="value">صحت</Param>
			</Object>
		</ObjectList>
<ArchiveCopySource DocType="pdf">https://jor.ut.ac.ir/article_20556_42ea1c8f7a45da1f1263ef29270209af.pdf</ArchiveCopySource>
</Article>
</ArticleSet>
