<?xml version="1.0" encoding="UTF-8"?>
<!DOCTYPE ArticleSet PUBLIC "-//NLM//DTD PubMed 2.7//EN" "https://dtd.nlm.nih.gov/ncbi/pubmed/in/PubMed.dtd">
<ArticleSet>
<Article>
<Journal>
				<PublisherName>دانشگاه تهران</PublisherName>
				<JournalTitle>پژوهش ادبیات معاصر جهان</JournalTitle>
				<Issn>2588-4131</Issn>
				<Volume>22</Volume>
				<Issue>2</Issue>
				<PubDate PubStatus="epublish">
					<Year>2017</Year>
					<Month>12</Month>
					<Day>22</Day>
				</PubDate>
			</Journal>
<ArticleTitle>A comparison of Women Status in Iranian and Italian Cultures: A Contrastive Analysis of Iranian and Italian Proverbs</ArticleTitle>
<VernacularTitle>مقایسۀ جایگاه زن در فرهنگ ایران و ایتالیا از طریق بررسی مقابله‌ای ضرب‌المثل‌های فارسی و ایتالیایی</VernacularTitle>
			<FirstPage>525</FirstPage>
			<LastPage>550</LastPage>
			<ELocationID EIdType="pii">64623</ELocationID>
			
<ELocationID EIdType="doi">10.22059/jor.2017.120932.1179</ELocationID>
			
			<Language>FA</Language>
<AuthorList>
<Author>
					<FirstName>بتول</FirstName>
					<LastName>قاضی خانی</LastName>
<Affiliation>دانشگاه بین المللی امام رضا(ع) مشهد</Affiliation>

</Author>
<Author>
					<FirstName>امید</FirstName>
					<LastName>اکبری</LastName>
<Affiliation>دانشگاه بین المللی امام رضا(ع) مشهد</Affiliation>

</Author>
<Author>
					<FirstName>افسانه</FirstName>
					<LastName>غنی زاده</LastName>
<Affiliation>دانشگاه بین المللی امام رضا(ع) مشهد</Affiliation>

</Author>
</AuthorList>
				<PublicationType>Journal Article</PublicationType>
			<History>
				<PubDate PubStatus="received">
					<Year>2015</Year>
					<Month>04</Month>
					<Day>20</Day>
				</PubDate>
			</History>
		<Abstract>Proverbs are literary pieces constituting the bulk of nations&#039; language and culture. They reflect people&#039;s views toward different issues thereby playing decisive role in cultural identity of each nation. The present study aims at comparing women status in Iranian culture with the culture of a European country on the grounds of the intimate familiarity of one of the researchers with language and culture of Italy. To do so, the researchers contrastively analyzed the woman-associated proverbs of the two languages. The following steps determined the sequence of the study: collecting 1384 Italian and Iranian proverbs on women; translating the Italian proverbs; discussing cross-cultural issues; categorizing the subjects of the proverbs; determining the correspondences and the discrepancies among the samples. The results demonstrated that the two cultures exhibit cultural compatibility while diverge strikingly in some important respects. In particular, the Iranian culture was found to dominate the Italian culture with respect to two opposite issues, i.e., women humiliation and dignity.</Abstract>
			<OtherAbstract Language="FA">ضرب‌المثل‌ها پاره‌‌های ادبی هستند که بخش عمده‌ای از زبان و فرهنگ یک ملت را تشکیل می‎دهند و بیانگر نگاه مردم جامعه به مسائل مختلف بوده و‌ لذا نقش بسزایی در تعیین هویت فرهنگی هر‌ ملت دارند. هدف پژوهش حاضر مقایسۀ جایگاه زن در فرهنگ ایرانی و یک کشور اروپایی، به‌کمک آشنایی دیرینة محقق با زبان و فرهنگ ایتالیایی از طریق تحلیل مقابله‌ای ضرب‌المثل‌های دو‌ زبان است. این تحقیق در چندین مرحله انجام گرفت: گردآوری 1384 نمونة فارسی و ایتالیایی مرتبط با موضوع زن، ترجمة نمونه‌های ایتالیایی، حذف مثل‌های تکراری یا نامفهوم (جامعۀ آماری برابر با 984 ضرب‌المثل)، ترجمه و ارائة برخی توضیحات فرهنگی، دسته‌بندی موضوعات مثل‌ها، یافتن وجوه اشتراک و افتراق بین نمونه‌های دو‌ زبان، آمارگیری، و مقایسة عددی. نتایج نشان می‌دهند که فرهنگ دو کشور در برخی موارد مشابه و در برخی دیگر بسیار متفاوت‌اند. اما فرهنگ ایرانی، در‌ زمینة هر‌دو قطب عمدة متضاد چه تحقیر و توهین به زن و چه تکریم وی نسبت به فرهنگ ایتالیایی جایگاه نخست را به‌خود اختصاص می‌دهد.</OtherAbstract>
		<ObjectList>
			<Object Type="keyword">
			<Param Name="value">جایگاه زن</Param>
			</Object>
			<Object Type="keyword">
			<Param Name="value">ضرب‌المثل</Param>
			</Object>
			<Object Type="keyword">
			<Param Name="value">فرهنگ ایران</Param>
			</Object>
			<Object Type="keyword">
			<Param Name="value">فرهنگ ایتالیا</Param>
			</Object>
			<Object Type="keyword">
			<Param Name="value">بررسی مقابله‌ای</Param>
			</Object>
		</ObjectList>
<ArchiveCopySource DocType="pdf">https://jor.ut.ac.ir/article_64623_dc1dc0feb4dac006d31c3307c625e170.pdf</ArchiveCopySource>
</Article>
</ArticleSet>
