<?xml version="1.0" encoding="UTF-8"?>
<!DOCTYPE ArticleSet PUBLIC "-//NLM//DTD PubMed 2.7//EN" "https://dtd.nlm.nih.gov/ncbi/pubmed/in/PubMed.dtd">
<ArticleSet>
<Article>
<Journal>
				<PublisherName>دانشگاه تهران</PublisherName>
				<JournalTitle>پژوهش ادبیات معاصر جهان</JournalTitle>
				<Issn>2588-4131</Issn>
				<Volume>19</Volume>
				<Issue>1</Issue>
				<PubDate PubStatus="epublish">
					<Year>2014</Year>
					<Month>09</Month>
					<Day>23</Day>
				</PubDate>
			</Journal>
<ArticleTitle>A Historical-Comparitive Study of Hassan Sabbah and Hassan Sabbah Bartol in the novel Alamut</ArticleTitle>
<VernacularTitle>بررسی تطبیقی- تاریخی حسن صباح و حسن صباح بارتول در رمان الموت</VernacularTitle>
			<FirstPage>5</FirstPage>
			<LastPage>24</LastPage>
			<ELocationID EIdType="pii">52048</ELocationID>
			
<ELocationID EIdType="doi">10.22059/jor.2014.52048</ELocationID>
			
			<Language>FA</Language>
<AuthorList>
</AuthorList>
				<PublicationType>Journal Article</PublicationType>
			<History>
				<PubDate PubStatus="received">
					<Year>2013</Year>
					<Month>09</Month>
					<Day>24</Day>
				</PubDate>
			</History>
		<Abstract>Undoubtedly &lt;em&gt;Alamut&lt;/em&gt; by Bartol can be considered as one&lt;br /&gt;of the masterpieces of Slovenia and Europe which has been exposed to different&lt;br /&gt;readings for decades. One of its naive readings is regarding the novel as a&lt;br /&gt;literally narration of the events of Iran in the 11&lt;sup&gt;th&lt;/sup&gt; century, the&lt;br /&gt;time that Esmailis with Hasan Sabbah as the leader ruled over Alamut Castel.&lt;br /&gt;This article tries to analyze that although Bartol had a lot of information&lt;br /&gt;about the Middle East of that time but he looks at his own nation and the&lt;br /&gt;miserable events of his own country through his own perspective of Hasan&lt;br /&gt;Sabbah. This article respects &lt;em&gt;Alamut &lt;/em&gt;as&lt;br /&gt;a sublime literary work embodying the profound social and nationalistic&lt;br /&gt;sufferings of the writer made immortal through his work.</Abstract>
			<OtherAbstract Language="FA">کتاب&lt;br /&gt;&lt;em&gt;الموت&lt;/em&gt; بارتول، یکی از شاهکارهای ادبیات کشور اسلوونی و اروپا، بیش از هفت&lt;br /&gt;دهه است که در معرض تفاسیر گوناگونی قرار گرفته است. از نظر منتقدان صاحب نظر،&lt;br /&gt;ساده‌ترین، یا به ادعای این مقاله، ساده‌لوحانه‌ترین تفسیرآن، تاریخی قلمداد کردن&lt;br /&gt;آن است. در این مقاله، مهمترین دیدگاه‌ها دربارة این کتاب، با بهره‌گیری&lt;br /&gt;از نقدهای دو تاریخ‌نگار ادبی که با شیوة بررسی محتوایی و انتقادی رخدادهای تاریخی&lt;br /&gt;است، با شواهد معتبر، واقعیت تاریخی آن به خواننده معرفی می‌شود. این مقاله، در&lt;br /&gt;مقابل انگاره‌های منتسب به این کتاب مدعی است که بارتول ضمن داشتن آگاهی‌هایی از&lt;br /&gt;تاریخ ایران و خاورمیانه، از یک برهه زمانی خاص، به جریان‌های مصیبت‌بار جامعة خود&lt;br /&gt;نظر داشته و با خلق حسن صباح دلخواهش، پیام تندی به ملت خود در برابر ظلم و نفوذ&lt;br /&gt;دولت­های اشغالگر و استبدادی داده است. مقالة حاضر ضمن پذیرش داستان «الموت» به&lt;br /&gt;عنوان یک اثر ادبی برجسته، عمق دردهای اجتماعی ناشی از رویکرد ملی­گرایانه نویسنده&lt;br /&gt;را دلیل جاودانگی این داستان بارتول می­داند.</OtherAbstract>
		<ObjectList>
			<Object Type="keyword">
			<Param Name="value">رمان الموت</Param>
			</Object>
			<Object Type="keyword">
			<Param Name="value">ولادیمیربارتول</Param>
			</Object>
			<Object Type="keyword">
			<Param Name="value">حسن صباح</Param>
			</Object>
			<Object Type="keyword">
			<Param Name="value">نقد تاریخی</Param>
			</Object>
			<Object Type="keyword">
			<Param Name="value">تاریخ ایران وغرب</Param>
			</Object>
			<Object Type="keyword">
			<Param Name="value">ادبیات اسلوونی</Param>
			</Object>
		</ObjectList>
<ArchiveCopySource DocType="pdf">https://jor.ut.ac.ir/article_52048_ca69804384522c9c973ec4054fe9a0da.pdf</ArchiveCopySource>
</Article>
</ArticleSet>
