<?xml version="1.0" encoding="UTF-8"?>
<!DOCTYPE ArticleSet PUBLIC "-//NLM//DTD PubMed 2.7//EN" "https://dtd.nlm.nih.gov/ncbi/pubmed/in/PubMed.dtd">
<ArticleSet>
<Article>
<Journal>
				<PublisherName>دانشگاه تهران</PublisherName>
				<JournalTitle>پژوهش ادبیات معاصر جهان</JournalTitle>
				<Issn>2588-4131</Issn>
				<Volume>23</Volume>
				<Issue>2</Issue>
				<PubDate PubStatus="epublish">
					<Year>2019</Year>
					<Month>01</Month>
					<Day>21</Day>
				</PubDate>
			</Journal>
<ArticleTitle>Reflection of the chaste love in Two stories &quot;mam and zin&quot; and &quot;Sham and Wali Dewana&quot;</ArticleTitle>
<VernacularTitle>بازتاب عشق عُذری در دو داستان «مَم و زین» و «شَم و وَلی دیوانه»</VernacularTitle>
			<FirstPage>303</FirstPage>
			<LastPage>328</LastPage>
			<ELocationID EIdType="pii">69889</ELocationID>
			
<ELocationID EIdType="doi">10.22059/jor.2017.224890.1491</ELocationID>
			
			<Language>FA</Language>
<AuthorList>
<Author>
					<FirstName>اسماعیل</FirstName>
					<LastName>برواسی</LastName>
<Affiliation>دانشجوی دکتری زبان و ادبیات عربی دانشگاه فردوسی</Affiliation>

</Author>
<Author>
					<FirstName>خسرو</FirstName>
					<LastName>حسن زاده</LastName>
<Affiliation>فارغ التحصیل کارشناسی حقوق از دانشگاه قم</Affiliation>

</Author>
</AuthorList>
				<PublicationType>Journal Article</PublicationType>
			<History>
				<PubDate PubStatus="received">
					<Year>2017</Year>
					<Month>01</Month>
					<Day>11</Day>
				</PubDate>
			</History>
		<Abstract>&quot;mam and zin&quot; and “Sham and Wali Dewana “in Kurdish literature are of the most famous love stories which both portray a chaste love full of sorrow and failure. The stories are similar and share much in many aspects, and an independent comparative study of the two romantic stories has not been conducted; hence, the author of the present article intends to investigate these two stories adopting a descriptive-analytic approach. In “Wali Dewana and Sham”, love stems from childhood and school lessons; and in “Mam and Zin”, love starts in adolescence; the enthralled lovers endeavor to marry, and in this way seeks assistance from friends and relatives, but there exist obstacles and inhibiting factors causing the failure of two lovers and their ever increasing mania and devotion which portrays their lasting despair and disappointment in the stories. Adherence to chastity and fidelity to the beloved until the moment of death and the hope for reunion in the Hereafter are the features of chaste love which is manifested in both stories.</Abstract>
			<OtherAbstract Language="FA">«مَم و زین» و «شَم و وَلی دیوانه» در ادبیات کُردی از مشهورترین داستان های عاشقانه است که عشقی عفیف و سرشار از اندوه و ناکامی را به تصویر می کشند. این دو داستان در بسیاری از وجوه دارای اشتراک و مشابهت بوده و تاکنون، پژوهش مستقلّی در خصوص بررسی تطبیقی این دو اثر صورت نپذیرفته است؛ لذا نگارندگان در جستار حاضر بر آنند که با رویکردی توصیفی _ تحلیلی به بررسی این دو داستان بپردازند. سرآغاز عشق در داستان «شَم و وَلی دیوانه» از دوران کودکی و مکتبِ درس بوده و در داستان «مَم و زین»، دلدادگی از دوران نوجوانی شروع شده است و با ریشه دار شدن عشق، عاشقان شیفته سعی در وصال به محبوب داشته و در این راه از یاران و نزدیکان مساعدت می جویند، لکن وجود موانع و عوامل بازدارنده سبب ناکامی دو عاشق در وصال گشته و شیدایی و سرسپُردگی همیشگی را به دنبال داشته و این امر، تصویری از یأس و نااُمیدی را بر فضای دو داستان حاکم ساخته است.</OtherAbstract>
		<ObjectList>
			<Object Type="keyword">
			<Param Name="value">ادبیات کُردی</Param>
			</Object>
			<Object Type="keyword">
			<Param Name="value">مَم و زین</Param>
			</Object>
			<Object Type="keyword">
			<Param Name="value">شَم و وَلی دیوانه</Param>
			</Object>
			<Object Type="keyword">
			<Param Name="value">عشق عُذری</Param>
			</Object>
			<Object Type="keyword">
			<Param Name="value">ادبیات تطبیقی</Param>
			</Object>
		</ObjectList>
<ArchiveCopySource DocType="pdf">https://jor.ut.ac.ir/article_69889_1832060e6469850bd5231e4470bf1195.pdf</ArchiveCopySource>
</Article>
</ArticleSet>
