<?xml version="1.0" encoding="UTF-8"?>
<!DOCTYPE ArticleSet PUBLIC "-//NLM//DTD PubMed 2.7//EN" "https://dtd.nlm.nih.gov/ncbi/pubmed/in/PubMed.dtd">
<ArticleSet>
<Article>
<Journal>
				<PublisherName>دانشگاه تهران</PublisherName>
				<JournalTitle>پژوهش ادبیات معاصر جهان</JournalTitle>
				<Issn>2588-4131</Issn>
				<Volume>24</Volume>
				<Issue>2</Issue>
				<PubDate PubStatus="epublish">
					<Year>2020</Year>
					<Month>01</Month>
					<Day>21</Day>
				</PubDate>
			</Journal>
<ArticleTitle>Postmodern writing in Malakut, novel of Bahram Sadeghi, and Interregation written by J.-M.G. Le Clezio</ArticleTitle>
<VernacularTitle>نوشتار پست‌مدرن در دو رمان ملکوت اثر بهرام صادقی و صورت جلسه اثر ژان-ماری گوستاو لوکلزیو</VernacularTitle>
			<FirstPage>433</FirstPage>
			<LastPage>454</LastPage>
			<ELocationID EIdType="pii">74854</ELocationID>
			
<ELocationID EIdType="doi">10.22059/jor.2018.236111.1538</ELocationID>
			
			<Language>FA</Language>
<AuthorList>
<Author>
					<FirstName>مریم</FirstName>
					<LastName>شیبانیان</LastName>
<Affiliation>گروه زبان و ادبیات فرانسه/دانشکده ادبیات و علوم انسانی/دانشگاه فردوسی مشهد</Affiliation>

</Author>
<Author>
					<FirstName>الهام</FirstName>
					<LastName>نیک روش</LastName>
<Affiliation>دانش آموخته کارشناسی ارشد/ گروه زبان و ادبیات فرانسه/دانشگاه فردوسی مشهد</Affiliation>

</Author>
</AuthorList>
				<PublicationType>Journal Article</PublicationType>
			<History>
				<PubDate PubStatus="received">
					<Year>2017</Year>
					<Month>06</Month>
					<Day>20</Day>
				</PubDate>
			</History>
		<Abstract>Bahram Sadeghi and Jean-Marie Gustave Le Clézio are both innovative contemporary writers. Considering that these two writers are pioneers of the postmodern period of fiction in their countries, and that during this time, they wrote their two famous novels, Malakut (1350) and Interrogation (1963), this question is to be seen : to what extent postmodern writing components are similar in their mentioned works? It is worth noting that the social and historical conditions for the writing of these two novels strengthen their similarity assumption: Interrogation was written after Algerian war and Malakut was created after the coup d’état of August twenty eight. Examining the affinities between these two novels could be also interesting because the postmodern concept is not the same in different cultures and societies. In this paper, based on the most common elements of postmodern writing in these two works, we study the theme of death thought, duality and contradiction, and finally, the enigmatic aspect of the narration.</Abstract>
			<OtherAbstract Language="FA">بهرام صادقی و ژان‌ماری گوستاو لوکلزیو هر دو از نویسندگان سنت‌شکن و نوآور معاصر هستند که، همانند هر یک از بزرگان علم و ادب، بر نویسندگان پس از خود نیز تأثیرگذار بوده‌اند. با توجه به اینکه این دو نویسنده از پیشگامان عصر داستان‌نویسی پسامدرن به شمار می‌روند و در یک برهۀ زمانی دو رمان مشهور خود، ملکوت (1350) و صورت‌جلسه (1963) را به نگارش درآورده‌اند، این سؤال مطرح می‌شود که تا چه اندازه مؤلفه‌های نوشتار پسامدرن در این دو اثر همسویند. شایان ذکر است، شرایط اجتماعی و تاریخی زمان نگارش این دو رمان به فرضیۀ شباهت آنها قوت می‌بخشد: صورت‌جلسه پس از جنگ الجزایر و ملکوت پس از کودتای 28 مرداد نگاشته شده است. مطالعۀ نزدیکیِ نوشتار پسامدرن در این دو رمان از این جهت جالب توجه است که مفهوم پسامدرن در فرهنگ‌ها و جوامع گوناگون یکسان نیست. در این مقاله، با تکیه بر شاخص‌ترین مؤلفه‌های پست‌مدرنِ مشترک در این دو اثر به مطالعۀ درونمایۀ مرگ‌اندیشی، دوگانگی و تناقض و در نهایت، بُعد معماگونۀ روایت می-پردازیم</OtherAbstract>
		<ObjectList>
			<Object Type="keyword">
			<Param Name="value">نوشتار پسا مدرن</Param>
			</Object>
			<Object Type="keyword">
			<Param Name="value">ملکوت</Param>
			</Object>
			<Object Type="keyword">
			<Param Name="value">صورت جلسه</Param>
			</Object>
			<Object Type="keyword">
			<Param Name="value">دوگانگی</Param>
			</Object>
			<Object Type="keyword">
			<Param Name="value">مرگ اندیشی</Param>
			</Object>
			<Object Type="keyword">
			<Param Name="value">بعد معماگونه</Param>
			</Object>
		</ObjectList>
<ArchiveCopySource DocType="pdf">https://jor.ut.ac.ir/article_74854_b7a60c384bed43748c99d979698c60d1.pdf</ArchiveCopySource>
</Article>
</ArticleSet>
